name,sex,total
מוחמד,M,130505
יוסף,M,107794
דוד,M,97334
משה,M,78738
אברהם,M,70968
שרה,F,65456
יעקב,M,65210
מרים,F,63430
דניאל,M,62429
אסתר,F,59464
יצחק,M,59198
רחל,F,59180
יעל,F,53285
נועה,F,52994
מיכאל,M,52726
מיכל,F,50163
אחמד,M,49659
אורי,M,47699
תמר,F,47192
חנה,F,46748
מאיה,F,45831
עומר,M,45560
חיים,M,45225
נועם,M,42517
רבקה,F,42472
ישראל,M,41911
שירה,F,40868
שלמה,M,40851
יהודה,M,40086
איתי,M,40054
שמואל,M,37640
אריאל,M,37350
שמעון,M,36492
מאיר,M,33984
אליהו,M,33311
עדי,F,32394
מרדכי,M,31755
יהונתן,M,31387
אמיר,M,31243
יונתן,M,30994
רפאל,M,30646
אהרון,M,30243
אדם,M,30093
חיה,F,29934
גיא,M,29763
איתן,M,29528
רות,F,28787
רועי,M,28673
לאה,F,28047
אלכסנדר,M,27982
יאיר,M,27382
טליה,F,27265
איילה,F,27067
עידו,M,27047
הילה,F,26703
אלון,M,26645
אלה,F,26407
עמית,M,26107
אביגיל,F,25912
שי,M,25894
עבד,M,24810
מחמוד,M,24807
ליאור,M,24544
בנימין,M,24368
אייל,M,24081
עדן,F,23307
יובל,M,23092
רוני,F,22928
אפרת,F,22731
יהודית,F,22664
נתנאל,M,22332
עלי,M,22238
אסף,M,21766
בן,M,21604
איתמר,M,21534
מעיין,F,21395
שושנה,F,21178
הודיה,F,21097
אור,M,20672
תומר,M,20604
אבראהים,M,20480
עידן,M,20208
נעמי,F,19879
שני,F,19808
מלכה,F,19600
מנחם,M,19576
דבורה,F,19019
טל,M,19012
קרן,F,18422
ליאן,F,18328
טל,F,17960
ענת,F,17603
יובל,F,17507
נעמה,F,17361
דנה,F,17205
רון,M,17179
יואב,M,17149
צבי,M,17051
עומרי,M,16933
נדב,M,16712
שלום,M,16709
הדר,F,16681
פאטמה,F,16564
ניר,M,16524
שיר,F,16407
תהילה,F,16208
מתן,M,16130
אילן,M,16111
שחר,M,16081
אריה,M,16074
ליה,F,15945
אנה,F,15815
נתן,M,15633
אילנה,F,15612
אדל,F,15579
נויה,F,15276
לביא,M,15234
הדס,F,15189
אליה,M,15087
צפורה,F,15073
דן,M,14915
אורן,M,14841
מאור,M,14754
גבריאל,M,14513
יסמין,F,14499
אלעד,M,14497
אורית,F,14419
אורלי,F,14176
הראל,M,14120
יניב,M,14071
אלי,M,13970
אופיר,M,13958
נטע,F,13916
שרון,F,13737
נגה,F,13697
איה,F,13625
ח'אלד,M,13583
חן,F,13458
מירב,F,13378
רונית,F,13295
דניאל,F,13264
אביב,M,13225
יפה,F,13189
ליאת,F,13146
אירינה,F,13131
רומי,F,13051
גל,M,12975
נועם,F,12945
ישי,M,12773
עמית,F,12674
נטלי,F,12657
רותם,F,12634
עופר,M,12343
גיל,M,12330
הדסה,F,12285
נהוראי,M,12236
אגם,F,12217
ניסים,M,12139
מאי,F,12119
ילנה,F,12071
יהושע,M,11693
אור,F,11639
מוריה,F,11617
אבי,M,11606
שולמית,F,11600
נחמה,F,11495
אריאל,F,11443
ראובן,M,11431
שחר,F,11413
דליה,F,11404
ברכה,F,11383
מזל,F,11327
אשר,M,11319
מיטל,F,11309
פנחס,M,11294
דינה,F,11191
דור,M,11112
ארי,M,11101
רונן,M,11089
מלאק,F,11088
אליעזר,M,11039
ליאור,F,10964
ארז,M,10959
איריס,F,10899
נור,F,10858
מרינה,F,10831
מורן,F,10752
ערן,M,10722
אביטל,F,10673
גלית,F,10672
מריה,F,10622
ספיר,F,10622
ליאל,F,10611
שקד,F,10567
סיון,F,10555
עילאי,M,10487
עלמה,F,10443
רעות,F,10404
דורון,M,10399
אמל,F,10372
חוה,F,10343
בוריס,M,10255
ירון,M,10245
ליאם,M,10242
לימור,F,10234
אוריה,F,10183
ברוך,M,10055
פנינה,F,10038
אלישבע,F,9993
גלעד,M,9989
סולימאן,M,9985
רן,M,9895
חסן,M,9801
אפרים,M,9769
תהל,F,9763
ליבי,F,9732
אמה,F,9633
שרית,F,9597
טלי,F,9562
גאיה,F,9547
דניאלה,F,9474
בתיה,F,9462
ענבל,F,9327
גל,F,9252
מור,F,9250
חגית,F,9245
עדי,M,9237
אוריאל,M,9226
אימאן,F,9218
ורד,F,9159
איגור,M,9050
הלל,F,9049
עליזה,F,8976
לין,F,8908
עבדאללה,M,8873
מיקה,F,8833
אלין,F,8827
אופק,M,8741
שירן,F,8694
רינה,F,8667
זיו,M,8660
יגאל,M,8640
מוסטפא,M,8558
לירון,F,8521
יואל,M,8479
שלי,F,8426
אורטל,F,8405
יהלי,F,8400
בר,F,8376
אורי,F,8350
ניתאי,M,8335
בר,M,8333
דביר,M,8323
אולגה,F,8257
סאלח,M,8204
סבטלנה,F,8192
ולדימיר,M,8192
טובה,F,8152
לינוי,F,8136
ירדן,F,8103
נורית,F,8057
שי,F,8050
זהבה,F,8046
טטיאנה,F,8026
רויטל,F,8021
דרור,M,7966
אבישג,F,7952
בת שבע,F,7932
סופיה,F,7917
דמיטרי,M,7911
אביתר,M,7891
רוני,M,7854
ענבר,F,7785
הלל,M,7784
סימה,F,7783
גילה,F,7782
נטליה,F,7782
אופיר,F,7697
זוהר,F,7662
איילת,F,7650
טוהר,F,7645
אלחנן,M,7636
מרק,M,7635
אוהד,M,7635
יחיאל,M,7616
נופר,F,7591
עופרי,F,7537
תמיר,M,7518
יבגני,M,7513
ויקטוריה,F,7497
נוי,F,7474
ציון,M,7452
דיאנה,F,7425
אלעזר,M,7386
דפנה,F,7377
אביה,F,7357
אדיר,M,7340
שגיא,M,7329
חוסין,M,7326
דורית,F,7325
יחזקאל,M,7301
שרון,M,7254
אוראל,M,7243
לאוניד,M,7198
יוליה,F,7195
נחמן,M,7155
שאול,M,7142
ירין,M,7108
ליטל,F,7097
אמילי,F,7096
ינון,M,7066
זאב,M,7027
חלא,F,7024
אליה,F,6959
עלאא,M,6879
לילך,F,6867
שיראל,F,6820
כפיר,M,6781
ינאי,M,6780
יורם,M,6757
עומר,F,6746
אבישי,M,6709
סעיד,M,6692
יוסי,M,6683
אלירן,M,6665
נפתלי,M,6645
אביאל,M,6643
אביבה,F,6638
מוסא,M,6623
חנאן,F,6598
אורנה,F,6577
בועז,M,6546
שמחה,F,6522
עודד,M,6510
גפן,F,6497
יותם,M,6489
תום,M,6426
גילי,F,6422
ברק,M,6421
מג'ד,M,6402
היבא,F,6390
מונא,F,6342
ג'נא,F,6302
יפעת,F,6293
ניב,M,6291
רותם,M,6287
לירן,M,6275
דב,M,6260
עינת,F,6240
רז,M,6193
עוז,M,6179
רים,F,6161
פאדי,M,6135
סיגל,F,6125
גלי,F,6106
אימרי,M,6042
ליאורה,F,6014
נריה,M,6006
אמנה,F,5988
אסיל,F,5957
שי-לי,F,5938
יורי,M,5934
עביר,F,5927
יוכבד,F,5901
שירלי,F,5854
שלומית,F,5827
ג'מאל,M,5823
כרם,M,5786
חן,M,5779
אורה,F,5776
ראמי,M,5755
זוהר,M,5727
אושר,M,5725
אלאא,F,5723
סמדר,F,5692
יזן,M,5683
יהלי,M,5651
רום,M,5645
רינת,F,5620
ח'ליל,M,5616
שירי,F,5575
אהוד,M,5575
ויקטור,M,5573
חמזה,M,5559
אלמוג,M,5552
נאוה,F,5544
ניצן,F,5529
בניה,M,5522
אלינור,F,5513
שאדי,M,5493
אמירה,F,5473
בת אל,F,5463
סאמי,M,5460
עמנואל,M,5458
לילה,F,5433
וליד,M,5431
איליה,M,5415
אינה,F,5394
שהד,F,5383
שילת,F,5380
אירית,F,5370
ידידיה,M,5368
ליהי,F,5355
אבנר,M,5346
שלומי,M,5340
סרגיי,M,5329
נוה,M,5328
אתי,F,5327
אמיתי,M,5317
סארה,F,5271
שאם,F,5213
לוי,M,5209
אסנת,F,5208
אילנית,F,5203
חגי,M,5202
עמוס,M,5192
עימאד,M,5186
בלה,F,5165
אביב,F,5151
תמרה,F,5130
נבו,M,5126
יחיא,M,5124
יערה,F,5116
ניקול,F,5111
אביעד,M,5075
נאור,M,5058
רומן,M,5056
שילה,M,5028
שמחה,M,5006
מנאל,F,4996
אסמא,F,4982
אימאן,M,4975
אליאס,M,4972
גלינה,F,4956
כמאל,M,4949
אלונה,F,4936
רמי,M,4930
צביה,F,4896
רוי,M,4891
ירדן,M,4889
אוריה,M,4884
בלאל,M,4875
אלמה,F,4868
אביחי,M,4865
אודליה,F,4843
סתיו,F,4843
עזרא,M,4837
שקד,M,4836
פיגא,F,4815
עינב,F,4803
לירון,M,4797
אליאב,M,4789
דני,M,4769
סיגלית,F,4755
כרמל,F,4747
קארין,F,4740
יפית,F,4737
אמנון,M,4724
חנין,F,4710
אדוארד,M,4708
אהובה,F,4702
מעיין,M,4693
מקסים,M,4688
אולג,M,4685
נור,M,4678
בארי,M,4660
יהב,M,4651
סמירה,F,4642
סמיר,M,4612
מישל,F,4608
עדן,M,4601
סנא,F,4597
שלו,M,4593
לריסה,F,4592
וופא,F,4572
לי,F,4565
רחמים,M,4565
ג'וד,M,4560
באסם,M,4538
זינב,F,4535
אלכסנדרה,F,4524
סהר,M,4519
אלברט,M,4514
אריק,M,4474
אורין,F,4471
אילת,F,4465
סמר,M,4426
אריאלה,F,4411
אדוה,F,4402
שירין,F,4398
טארק,M,4393
הדיל,F,4393
הודא,F,4384
עילי,M,4383
שפרה,F,4367
נסרין,F,4367
גליה,F,4344
ליעד,M,4314
חוסאם,M,4313
אמין,M,4308
כרים,M,4291
גדעון,M,4274
מירי,F,4262
עדנה,F,4234
וסאם,M,4233
מרגלית,F,4228
וסים,M,4216
שון,M,4212
באסל,M,4211
נינה,F,4163
אלינה,F,4160
נדין,F,4156
אסראא,F,4151
עאישה,F,4120
מוראד,M,4086
סלים,M,4083
רנא,F,4083
עודאי,M,4063
קורל,F,4048
לירז,F,4046
תאיר,F,4046
רחלי,F,4042
אוסאמה,M,4035
רהף,F,4024
אווה,F,4022
ליאב,M,4014
לינא,F,3989
ארבל,F,3981
ביאן,F,3981
זינה,F,3973
מנשה,M,3952
ריאן,M,3950
נחום,M,3947
אנס,M,3938
ראם,M,3923
זיאד,M,3917
מלאכי,M,3905
עדינה,F,3902
איאד,M,3890
נילי,F,3887
הילי,F,3884
מרווה,F,3872
גריגורי,M,3869
איליי,M,3862
אושרי,M,3859
פארס,M,3859
גד,M,3840
יקיר,M,3833
שוהם,F,3813
גיטל,F,3791
רואי,M,3780
נאסר,M,3765
נורה,F,3746
תאלא,F,3743
עאדל,M,3741
ספא,F,3733
שליו,M,3731
אודל,F,3711
דועאא,F,3706
רימא,F,3703
דימא,F,3697
פואד,M,3664
רונה,F,3664
יבגניה,F,3651
דריה,F,3632
אשרף,M,3616
לידור,M,3606
יוחאי,M,3582
יסכה,F,3572
בת,F,3538
ליאל,M,3529
אלרואי,M,3525
אוריאן,F,3525
נאדיה,F,3522
זיו,F,3499
רותי,F,3484
איהאב,M,3471
מהא,F,3470
עמיחי,M,3467
סמר,F,3463
עדנאן,M,3457
נמרוד,M,3455
מירה,F,3448
אדהם,M,3436
כרמלה,F,3436
חנן,M,3436
אנאל,F,3432
תאמר,M,3428
דין,M,3416
רנין,F,3413
רוזה,F,3409
ביסאן,F,3408
אחלאם,F,3399
נדא,F,3388
ג'ורי,F,3383
רוית,F,3378
אליאור,M,3369
פרידה,F,3367
זיוה,F,3361
עקיבא,M,3361
שניאור,M,3360
הנא,F,3355
איאת,F,3353
עיסא,M,3347
פרח,F,3343
האני,M,3341
עאמר,M,3336
איסמאיל,M,3324
ניצן,M,3317
הללי,F,3307
רואן,F,3305
אלכסיי,M,3298
מרגריטה,F,3297
ליהיא,F,3295
קרין,F,3294
ורדה,F,3288
שובל,F,3282
אליס,F,3257
ראיד,M,3229
לואי,M,3226
נביל,M,3224
עליה,F,3210
צופיה,F,3201
עמאר,M,3200
לילי,F,3191
פיראס,M,3191
לב,M,3189
אילון,M,3188
ליאם,F,3184
מהדי,M,3174
מראם,F,3169
כרמית,F,3168
ג'ואד,M,3167
רוברט,M,3167
זיין,M,3164
סיהאם,F,3160
פלג,M,3158
מיכאלה,F,3158
שרונה,F,3154
יולי,F,3152
מאהר,M,3147
אמאני,F,3145
הגר,F,3143
יגל,M,3141
סאלם,M,3139
מנאר,F,3133
מלאק,M,3132
מרי,F,3131
קוסאי,M,3112
עובדיה,M,3102
ארקדי,M,3100
סלאח,M,3078
איהאם,M,3072
רננה,F,3069
מרואן,M,3068
סמאח,F,3068
ירין,F,3066
יארא,F,3045
גולן,M,3039
לודמילה,F,3038
סועאד,F,3033
מוהנד,M,3029
רם,M,3021
רשא,F,3011
תאופיק,M,3007
אינס,F,3004
אושרת,F,3001
פבל,M,2997
ליאו,M,2994
אמונה,F,2983
נאיה,F,2976
אלמוג,F,2962
חדוה,F,2958
סברין,F,2948
מור,M,2947
גזל,F,2936
קאסם,M,2931
מלי,F,2924
יאנה,F,2918
רגד,F,2916
אוסנת,F,2913
ג'מיל,M,2912
רביע,M,2907
סגא,F,2904
מיאר,F,2901
שמשון,M,2900
ראניה,F,2895
סחר,F,2887
פולינה,F,2887
לינדה,F,2878
רזאן,F,2874
בני,M,2871
נואל,F,2862
מועתז,M,2853
בראאה,F,2848
לורן,F,2845
עמרם,M,2844
ריטה,F,2842
ליליאן,F,2834
שירז,F,2828
צחי,M,2822
מייס,F,2821
אן,F,2809
יקטרינה,F,2801
אלימלך,M,2801
יפתח,M,2797
סילין,F,2791
ואיל,M,2784
סנד,M,2782
רוחמה,F,2781
מוטי,M,2776
אוראל,F,2767
שימאא,F,2762
יוחנן,M,2760
סער,M,2757
אליאן,F,2750
הרצל,M,2748
לנא,F,2743
תסנים,F,2739
מיאל,F,2735
ריף,M,2734
סמיון,M,2732
עמליה,F,2720
סוזן,F,2717
סילביה,F,2714
עירית,F,2701
אמג'ד,M,2700
מיראל,F,2698
ריתאל,F,2695
למא,F,2684
מוניר,M,2679
מירא,F,2667
סימון,M,2666
אנטולי,M,2663
גאולה,F,2659
מריאנה,F,2656
עיסאם,M,2650
סוזאן,F,2648
ודים,M,2643
יהל,F,2642
תקוה,F,2623
אודיה,F,2617
ליודמילה,F,2617
עידית,F,2610
יאסין,M,2589
יוסרא,F,2588
גנאדי,M,2586
עולא,F,2586
זייד,M,2582
מישל,M,2582
יאן,M,2573
ג'יהאד,M,2567
נסים,M,2564
יאסר,M,2556
אלישע,M,2555
ורד,M,2552
ויטלי,M,2546
אלי,F,2544
חנוך,M,2541
הישאם,M,2541
אמינה,F,2538
כוכבה,F,2537
שרי,F,2524
נאדר,M,2520
היאם,F,2519
רהאם,F,2517
עמנואל,F,2513
בלומה,F,2503
מילא,F,2499
ארבל,M,2497
נרמין,F,2494
דלאל,F,2494
יאמן,M,2488
יוגב,M,2479
מוריס,M,2478
סיף,M,2476
היית'ם,M,2473
בשאר,M,2472
לני,F,2470
אלדד,M,2469
סואר,F,2468
דוניא,F,2467
לירוי,M,2463
דולב,M,2462
מילה,F,2454
סוניה,F,2454
יונס,M,2453
רואה,F,2447
ניסן,M,2445
יונה,F,2438
למאר,F,2438
תמי,F,2436
ענאן,M,2435
ליליה,F,2434
סתיו,M,2434
טום,M,2428
ריאד,M,2425
קובי,M,2420
ולרי,M,2417
דינא,F,2415
יונה,M,2414
רולא,F,2402
רני,M,2400
ערין,F,2397
דורין,F,2396
הדר,M,2390
אבתיסאם,F,2379
אליזבט,F,2375
רפי,M,2370
רימאס,F,2368
סירין,F,2365
בהאא,M,2357
שניר,M,2355
סוהא,F,2354
איוב,M,2347
ליב,F,2345
אופק,F,2344
אלן,M,2339
פריאל,F,2332
סגלית,F,2325
סמא,F,2315
גידאא,F,2310
מאג'ד,M,2305
רעיה,F,2302
אמיליה,F,2300
קורן,M,2295
עפרה,F,2289
עדיאל,M,2287
סלמא,F,2287
גבריאלה,F,2286
אנדריי,M,2286
אלנה,F,2285
גולדה,F,2279
רז,F,2261
עמיר,M,2256
שיינא,F,2252
נידאל,M,2252
עמראן,M,2247
אנסטסיה,F,2246
סול,F,2236
נטע,M,2234
ליבא,F,2233
אחיה,M,2230
ליזה,F,2226
עאידה,F,2215
אנוור,F,2213
ציונה,F,2211
צילה,F,2210
עופרה,F,2209
ברוריה,F,2206
גרשון,M,2203
ירדנה,F,2203
שוהם,M,2196
פידא,F,2194
עפאף,F,2189
אכרם,M,2189
אסלאם,F,2188
סאלי,F,2182
אושרית,F,2182
ראיסה,F,2177
רני,F,2176
רון,F,2176
לבנה,F,2176
ישעיהו,M,2172
עטרה,F,2171
חי,M,2163
יריב,M,2157
בצלאל,M,2153
תולין,F,2150
אלכס,M,2141
יעלה,F,2141
ריי,M,2131
אמיל,M,2128
אחינועם,F,2128
חדיגה,F,2126
הינדא,F,2123
אריג',F,2119
קלרה,F,2118
קייס,M,2105
משי,F,2105
סטניסלב,M,2101
אביבית,F,2094
ויאצ'סלב,M,2089
אסיה,F,2085
יהל,M,2080
ולדיסלב,M,2075
עאטף,M,2069
חנניה,M,2067
עז,M,2066
עוזי,M,2061
גיל,F,2055
חני,F,2050
רנה,F,2049
צליל,F,2044
אדר,F,2044
סונדוס,F,2043
אבינועם,M,2042
לידיה,F,2042
אושר,F,2040
אדר,M,2039
סאמיה,F,2033
דניס,M,2031
האדי,M,2027
תאלין,F,2027
ים,M,2019
ג'ורג',M,2018
רחמה,F,2017
סלאם,F,2015
אבירם,M,2009
נלי,F,2008
הלן,F,2008
ניצה,F,2003
יפים,M,2002
דקלה,F,1998
ניב,F,1993
אנוור,M,1981
עופרי,M,1970
אלהאם,F,1970
נירית,F,1969
ליובוב,F,1962
נאיף,M,1960
מינה,F,1957
נעים,M,1952
סנדרה,F,1946
עמי,M,1942
נח,M,1939
דלית,F,1934
חביב,M,1930
מיתר,F,1930
לובנה,F,1929
הניה,F,1924
רובה,F,1918
יוני,M,1917
צור,M,1911
שמס,F,1909
טוביה,M,1906
לאון,M,1904
ימית,F,1895
ארתור,M,1894
שגית,F,1889
מג'די,M,1888
פליקס,M,1888
עוביידה,M,1886
האלה,F,1884
דיקלה,F,1883
ענהאל,F,1876
פאיז,M,1876
יעקוב,M,1866
קמר,F,1857
נוהא,F,1856
אילין,F,1851
ששון,M,1849
מאור,F,1838
רגינה,F,1836
לירי,F,1833
ניזאר,M,1831
פאינה,F,1824
סילא,F,1821
אבשלום,M,1820
שריף,M,1810
יהב,F,1804
דאוד,M,1797
עברי,M,1796
רפיף,F,1794
ריקי,F,1789
רוז,F,1786
מייסון,F,1776
ג'אד,M,1774
ג'מילה,F,1773
מירית,F,1767
נימר,M,1766
אלמא,F,1760
ורה,F,1756
הילל,M,1755
זכריא,M,1754
פריד,M,1751
גדיר,F,1750
קונסטנטין,M,1750
ניל,M,1741
סהר,F,1736
ליית,M,1729
אנטון,M,1726
גדי,M,1725
פני,F,1722
חמד,M,1707
סופי,F,1706
ים,F,1699
אנדרי,M,1687
תמאם,F,1684
ליאון,M,1683
תגריד,F,1682
תיים,M,1675
אסעד,M,1672
מרח,F,1672
ארנון,M,1671
סלומון,M,1670
ודיע,M,1668
דנית,F,1664
פתחיה,F,1660
אליסה,F,1658
היא,F,1655
אמרי,M,1651
ישעיה,M,1646
שחף,M,1646
גפן,M,1642
איציק,M,1638
מאירה,F,1637
כרמל,M,1636
אליענה,F,1630
רמזי,M,1625
סמי,M,1624
ולריה,F,1624
איימי,F,1623
מואמן,M,1623
שדא,F,1622
ראמא,F,1615
לינור,F,1615
ורוניקה,F,1615
עתי,M,1613
פיליפ,M,1613
מורן,M,1612
דותן,M,1610
יששכר,M,1609
שגב,M,1605
ליאה,F,1601
דקל,M,1599
ריאן,F,1598
נחמיה,M,1597
לורין,F,1596
גמילה,F,1595
שחף,F,1592
יונית,F,1588
תפארת,F,1587
בושרא,F,1578
קים,F,1577
עות'מאן,M,1573
חאתם,M,1572
לני,M,1568
דגנית,F,1567
דארין,F,1564
זהרה,F,1563
אסלאם,M,1559
לוטם,F,1548
ניבין,F,1542
כנרת,F,1540
אלדר,M,1538
סימונה,F,1535
שיינדל,F,1534
אמי,F,1533
שבתאי,M,1531
דאניה,F,1527
בכר,M,1517
רימה,F,1515
איטה,F,1513
שורוק,F,1513
ריף,F,1512
סלאמה,M,1512
נירה,F,1511
זואי,F,1510
קטי,F,1498
רייזל,F,1498
קורין,F,1495
סימי,F,1495
מייקל,M,1493
ויויאן,F,1491
ג'לאל,M,1488
ליאנה,F,1481
אידה,F,1475
מרסל,F,1474
שאדיה,F,1473
הנאדי,F,1473
פאתן,F,1472
קרינה,F,1469
גורי,F,1467
סטלה,F,1467
פתחי,M,1461
מתתיהו,M,1457
ליבנת,F,1457
בילא,F,1455
אראל,M,1454
לארא,F,1450
סוהיר,F,1448
שגיב,M,1447
נאיא,F,1437
גסאן,M,1434
פאיזה,F,1431
סובחי,M,1425
לור,F,1424
מיכה,M,1421
גוד,M,1420
ולנטינה,F,1420
זהבית,F,1419
יזיד,M,1417
מאסה,F,1415
זינאידה,F,1411
גור,M,1411
מתנאל,M,1409
למיס,F,1408
עדה,F,1407
תייסיר,M,1407
זוהיר,M,1407
יקותיאל,M,1406
סאוסן,F,1406
מתניה,M,1401
מנוחה,F,1398
טומי,M,1396
נדיה,F,1395
חננאל,M,1393
פאתנה,F,1388
הלנה,F,1385
בטי,F,1385
מועתסם,M,1384
ראידה,F,1383
סטיבן,M,1381
אוקסנה,F,1376
אלקנה,M,1375
רוואן,F,1374
אביגדור,M,1374
שמרית,F,1374
סלוא,F,1369
ראזי,M,1363
סארי,M,1363
בת חן,F,1360
בניהו,M,1350
חביבה,F,1348
ג'סיקה,F,1344
סולטאן,M,1343
זכריה,M,1341
ליז,F,1338
טאהא,M,1336
ותין,F,1334
גבע,M,1332
שולה,F,1331
לירן,F,1328
אווס,M,1326
ח'דר,M,1323
אורון,M,1320
פזית,F,1320
ג'וליה,F,1319
סמאהר,F,1318
ארין,F,1315
סלמה,F,1313
זויה,F,1313
בסמה,F,1312
ז'אנה,F,1312
דור,F,1311
נגם,F,1309
מילי,F,1308
חופית,F,1299
אורנית,F,1299
סאהר,M,1298
סומיה,F,1294
סמואל,M,1293
ניקולאי,M,1293
לייה,F,1292
יוטא,F,1289
רזיאל,M,1287
ראני,M,1286
אילי,M,1285
רנדה,F,1284
סיראג',M,1281
נבילה,F,1280
אליעד,M,1279
מילנה,F,1275
טוהר,M,1274
מסק,F,1274
חלימה,F,1273
סבאח,F,1272
עזריאל,M,1270
גבי,M,1266
חיאת,F,1263
דוחא,F,1263
פערל,F,1262
לאורה,F,1261
סוג'וד,F,1257
תום,F,1254
תרצה,F,1253
ולאא,F,1252
רסמיה,F,1249
נאיפה,F,1246
רביד,M,1242
דיאא,M,1240
ויקי,F,1236
עזיזה,F,1235
נאי,F,1235
האשם,M,1234
אדיב,M,1232
נעימה,F,1230
פהד,M,1230
חלי,F,1229
אודי,M,1224
ג'ני,F,1223
מקס,M,1222
מאזן,M,1216
בדר,M,1213
איאן,M,1206
אסמהאן,F,1205
הנד,F,1199
מוניקה,F,1197
ראפת,M,1196
מועאד',M,1193
אסתי,F,1188
דורה,F,1186
גיורא,M,1186
דורון,F,1185
שרגא,M,1184
רענן,M,1184
עיד,M,1179
אנט,F,1178
שייה,F,1178
יקין,F,1177
אופירה,F,1177
אביהו,M,1177
הוד,M,1176
סדין,F,1172
בשיר,M,1164
אורן,F,1163
חנא,M,1162
לורה,F,1162
איב,F,1159
פז,F,1159
ישראלה,F,1158
ליעד,F,1158
אפיק,M,1158
אלישיב,M,1155
עדיה,F,1154
סובחיה,F,1153
נדים,M,1151
עירן,M,1144
תהאני,F,1142
כאמלה,F,1141
ודאד,F,1139
טניה,F,1135
אריאה,F,1135
סוזי,F,1135
ליא,F,1130
ברי,M,1128
אלכס,F,1128
תהלה,F,1125
אופל,F,1123
מונד'ר,M,1122
הנרי,M,1117
בראאה,M,1115
סטפני,F,1114
רעי,M,1114
איזבלה,F,1112
סולומון,M,1112
מואייד,M,1110
יניר,M,1109
סמיח,M,1109
מאמון,M,1107
אבלין,F,1104
רוסלן,M,1103
תיא,F,1099
תבל,F,1098
נאיל,M,1097
מרטין,M,1097
אושרה,F,1096
ארטיום,M,1096
אילול,F,1093
פאדיה,F,1092
נגאח,F,1091
אליזבטה,F,1089
צח,M,1088
לינה,F,1086
ריתאג',F,1083
אורין,M,1082
סבא,F,1076
ברטה,F,1073
ג'ולי,F,1072
נג'אח,F,1066
לארין,F,1066
סוהייב,M,1066
תאיר,M,1066
עווד,M,1063
מעוז,M,1057
הלאל,M,1053
רנים,F,1048
לובוב,F,1046
ענבר,M,1046
רוקיה,F,1045
נדז'דה,F,1045
ארד,M,1040
נרימאן,F,1039
ימאן,M,1038
באסמה,F,1037
זוהרה,F,1033
פאוזי,M,1032
תימאא,F,1029
אנעאם,F,1028
סיני,M,1027
יליזבטה,F,1027
רביד,F,1026
מנסור,M,1025
ג'ואן,F,1023
סוהאד,F,1022
עאטף,F,1021
קרולין,F,1020
דורי,M,1018
חמאדה,F,1018
אינסה,F,1014
סוהילה,F,1013
מוריאל,F,1012
אדי,M,1011
שימרית,F,1010
ציפי,F,1009
גוני,F,1008
אבירן,M,1008
חתאם,F,1006
סלין,F,1006
אליסף,M,1002
מייסם,F,1000
פסיה,F,1000
מונירה,F,995
קרני,F,993
ועד,F,992
עודה,M,991
ברברה,F,991
סמיה,F,989
אפנאן,F,987
מהראן,M,986
רשיד,M,985
בלהה,F,984
אסי,M,984
מרום,M,983
איתיאל,M,981
ליסה,F,981
רפיק,M,979
הייא,F,979
בתאל,F,978
עמרו,M,973
שיר,M,972
רואיה,F,971
אפק,M,970
לטיפה,F,967
אילונה,F,963
תלין,F,963
גאורגי,M,962
מירון,M,961
פאני,F,955
עמירם,M,954
אסאלה,F,953
ג'ניפר,F,953
עדית,F,951
זקלין,F,949
סמיחה,F,948
סוהיל,M,948
פרלה,F,947
טופז,F,946
גנדי,M,945
ליעם,M,944
ריבה,F,943
גינא,F,943
טלאל,M,942
קטרין,F,942
מארי,F,941
סעד,M,941
זיידאן,M,940
אניטה,F,937
נאילה,F,935
ג'רמי,M,934
גאזי,M,933
כרמי,M,933
אליאנה,F,931
שיה,F,928
גילי,M,925
מריאן,F,924
כאיד,M,924
חאזם,M,924
אומימה,F,922
חור,F,921
ראיה,F,919
סבינה,F,918
סבחה,F,914
צדוק,M,912
רוזאן,F,911
לונא,F,910
אלרועי,M,906
דיאב,M,905
ניקיטה,M,904
תחריר,F,901
שרבל,M,901
מופיד,M,901
סטפן,M,898
לידור,F,895
גיטה,F,895
רחאב,F,895
עפיף,M,894
קיריל,M,894
אירנה,F,894
צוריאל,M,890
ג'אבר,M,889
אלנתן,M,889
לי,M,888
חוסני,M,885
מינא,F,882
אחלאס,F,882
פטריסיה,F,880
פייסל,M,879
אדריאן,M,878
קאי,M,877
חושן,F,875
זלמן,M,874
נוריאל,M,873
עידן,F,872
מיסא,F,869
גילת,F,868
ליאלי,F,865
תאליה,F,865
לונה,F,864
סוזנה,F,864
קרול,F,863
ח'דיג'ה,F,861
פאר,M,861
ג'וליאן,M,861
נהלה,F,860
אילאף,F,859
ראנה,F,856
סאמח,M,856
אמלי,F,853
ויאם,M,852
חרות,F,852
פרומה,F,851
דילן,M,850
איזבל,F,847
פטריק,M,847
ניל,F,847
עוזיאל,M,846
תאליא,F,843
פלג,F,843
אני,F,842
פלורה,F,841
כנאן,M,841
סלסביל,F,841
אליאל,M,836
רואד,M,833
קינאן,M,832
בראל,M,831
אלומה,F,829
ראויה,F,826
נאדרה,F,826
תומר,F,825
חולוד,F,823
ורדית,F,821
זאהר,M,821
נסיה,F,820
בינה,F,818
מימון,M,817
אלן,F,817
נדאא,F,815
הלני,F,814
מיאדה,F,814
עזמי,M,814
מועין,M,812
נג'יב,M,809
מרוות,F,808
אביה,M,808
פריידא,F,808
אלאונורה,F,807
מרטין,F,807
מייה,F,806
ג'יריס,M,806
און,M,806
זכי,M,803
ביילסאן,F,801
איוון,M,801
ארייה,F,798
מירל,F,798
אדית,F,796
ג'ואנה,F,794
עזיז,M,794
פז,M,791
רסיל,F,790
סאן,M,790
יומנא,F,790
מני,M,789
דני,F,784
חדרה,F,784
שנהב,F,783
קסניה,F,782
אוריאן,M,781
נאדיא,F,781
תחיה,F,780
רביב,M,779
חיתאם,F,778
היפא,F,777
פיוטר,M,776
מסעוד,M,775
ג'יהאן,F,775
נאג'י,M,774
מוניק,F,774
צורי,M,772
שרוק,F,771
אנג'לה,F,771
סברינה,F,769
יאר,M,769
איחסאן,M,767
דרור,F,765
אוולין,F,764
נוח,M,763
רגב,M,762
בשארה,M,761
אורפז,F,761
פטר,M,760
פירוז,F,760
עטיה,M,759
אגם,M,758
חנית,F,758
ורוד,F,758
מדלין,F,757
אלברטו,M,757
מאורי,M,755
עפיפה,F,753
סאבר,M,753
עארף,M,753
סברי,M,752
סעדה,F,752
נעומי,F,751
ג'נאת,F,751
גדליה,M,750
טוני,M,750
סדיל,F,749
נתלי,F,749
סופיאן,M,748
איאס,M,747
גיטי,F,747
רודינה,F,747
ג'נה,F,746
ירחמיאל,M,744
ג'ומאנה,F,744
כליל,F,742
איידל,F,741
מנור,F,741
פאוזיה,F,741
ג'קלין,F,741
רקפת,F,741
לנה,F,740
מיכאיל,M,737
ג'זל,F,734
והיב,M,733
קלאודיה,F,733
טויבא,F,729
פסח,M,728
מאגדה,F,727
סידרא,F,726
שובל,M,726
סיבא,F,725
רוזי,F,723
איילת השחר,F,721
אנתסאר,F,720
הלה,F,719
אילא,F,717
גזאלה,F,717
עיישה,F,717
כרם,F,715
אלאור,M,713
אסיף,M,713
יועד,M,712
ג'וזף,M,712
קטיה,F,712
ולרי,F,711
נזיה,M,709
גרי,M,709
מיקי,M,707
וולאא,F,705
אניס,M,704
אוסיד,M,704
מנדל,M,703
ניבאל,F,703
אזהאר,F,702
ויליאם,M,702
זאהי,M,701
אנז'לה,F,700
אסיא,F,699
אריקה,F,697
אמל,M,696
קשת,F,695
רדא,M,695
ג'ודי,F,694
מריו,M,694
עבלה,F,693
קיאן,F,693
איאן,F,692
איבון,F,692
לורי,F,691
נאנסי,F,691
דר,F,689
מרלין,F,689
עטרת,F,688
פאולה,F,688
חאמד,M,687
ג'ון,M,685
אבראר,F,683
שילה,F,683
טאהר,M,681
חבצלת,F,681
נוראן,F,680
ג'נט,F,680
קארן,F,679
רתיל,F,679
טאלב,M,679
פארוק,M,676
רום,F,675
איסק,M,674
מילאן,F,673
מוסעב,M,673
עידה,F,672
סלאם,M,672
מכלוף,M,671
אייר,F,670
לואיס,M,670
עמיאל,M,669
ירמיהו,M,669
אח'לאס,F,668
יוספה,F,668
מיאן,F,667
הלא,F,666
מיסאא,F,666
היילי,F,665
מונתהא,F,665
חזי,M,664
קטרינה,F,663
שחאדה,M,663
רוסול,F,662
דניס,F,661
ברנרד,M,661
איסחאק,M,660
גאלב,M,659
מישאל,M,659
להב,M,659
צפריר,M,658
דרורה,F,658
קריסטינה,F,654
פול,M,650
ז'קלין,F,649
מגי,F,648
נוי,M,648
קסם,F,647
גוני,M,647
וג'די,M,645
שפיק,M,644
רשאד,M,642
אוליביה,F,642
עאהד,M,641
תגל,F,641
ג'בר,M,640
תם,M,638
ישכר,M,637
תבור,M,637
פיטר,M,635
מירנא,F,634
מייק,M,634
ריתאג,F,634
יערית,F,633
שנטל,F,633
הענא,F,633
ראשד,M,632
אסיל,M,631
מאג'דה,F,631
ליליאנה,F,630
דיויד,M,630
מיילי,F,630
אמור,F,627
כרמי,F,627
איתם,M,626
מליסה,F,626
נחשון,M,626
פאול,M,625
תים,M,624
לוגין,F,624
נסרה,F,622
פרחה,F,622
שאכר,M,621
מינדל,F,621
מילכה,F,620
פייגי,F,619
משולם,M,619
סאיד,M,618
רבאב,F,618
ליפז,F,618
פרץ,M,617
חסיה,F,617
אנשראח,F,617
קרלוס,M,616
סאם,M,615
נהאיה,F,615
עתליה,F,615
מועאד,M,613
חסאן,M,613
יום,M,612
מרסלו,M,612
רשל,F,609
בותינה,F,608
אינגה,F,607
טהר,F,605
זמירה,F,605
טימור,M,605
מנור,M,604
לוסי,F,604
חמדה,F,603
ח'תאם,F,602
שמריהו,M,602
רוזליה,F,602
עבדאל,M,599
חמוטל,F,599
ראמז,M,598
אלירז,M,598
אפי,M,597
ג'נאן,F,597
שאדן,F,597
פאר,F,596
פואז,M,596
אביאור,M,596
אלינוי,F,592
סילבי,F,592
כפאיה,F,592
הזאר,F,590
ריזק,M,589
לוטפי,M,589
ינאל,M,589
עאוני,M,588
אנטוני,M,588
סימא,F,587
דוריס,F,586
יזהר,M,586
רקאן,M,584
ג'אן,M,584
ראועה,F,583
ג'יהאד,F,582
דאנה,F,582
מרסל,M,578
נרי,M,576
בתול,F,575
לואיזה,F,575
ענאל,F,575
חלוד,F,575
סימון,F,573
רגדה,F,573
שיינה,F,573
אשרת,F,572
דיב,M,571
מאשה,F,570
צביקה,M,569
סאלחה,F,569
טובי,F,569
תכלת,F,568
סטיב,M,567
אל,M,566
שביט,F,566
ג'ומעה,M,565
פרג',M,565
שלהבת,F,563
קלמן,M,562
ג'ינא,F,561
פרדי,M,561
צירל,F,558
פדוא,F,556
שטערנא,F,555
בארי,F,554
רונאל,M,553
ג'וני,M,553
ולא,F,552
מתי,M,551
עאסם,M,551
ליר,F,550
צופית,F,550
נידא,F,550
סלימה,F,549
ונסה,F,547
שמעיה,M,546
גיא,F,546
עזאם,M,545
ח'ולוד,F,545
נאהד,F,544
אדריאנה,F,543
קרולינה,F,543
פרוספר,M,543
נורהאן,F,543
אנדרו,M,542
גיהאן,F,542
מדלן,F,541
ח'מיס,M,541
מיתר,M,541
לאו,M,540
שילי,F,539
ג'פרי,M,539
ראשית,F,539
רובין,M,538
פראדל,F,538
זאיד,M,537
רדואן,M,537
אנדראה,F,536
אניסה,F,536
שרלי,M,535
גומאנה,F,533
לאנה,F,533
נואף,M,532
נריה,F,532
עטא,M,531
עבדל,M,529
סוסן,F,527
מימי,F,527
גבריאל,F,526
דגן,M,526
ארנה,F,526
קלוד,M,525
נאהדה,F,525
אלעאי,M,524
שושי,F,523
מאורי,F,523
פבלו,M,523
פרל,F,523
זכיה,F,521
קמילה,F,521
אלטע,F,520
ניקולס,M,519
סיליא,F,518
קירה,F,518
לוג'ין,F,517
דולב,F,517
תמים,M,516
מלקה,F,516
מילאד,M,515
וג'יה,M,515
לוטפיה,F,515
לרין,F,515
מושקא,F,515
איח'לאס,F,514
יעלי,F,514
פדל,M,512
נג'את,F,511
מרטה,F,511
כמיל,M,511
ביאן,M,511
רימון,M,511
ניבה,F,510
מיטב,F,510
נאורס,F,509
סיראג',F,509
כריסטינה,F,508
פהמי,M,508
ג'וד,F,508
אבידן,M,507
נגב,M,507
מורי,M,507
דבי,F,506
נג'ם,F,506
חסנה,F,506
מיי,F,506
פהימה,F,506
עואטף,F,504
תמימה,F,504
דודו,M,504
מוניה,F,503
עובד,M,503
חוריה,F,503
זיסל,F,502
סלאמה,F,501
אלחי,M,499
אלתר,M,498
שני,M,498
עזאלדין,M,498
סנדי,F,497
ראמה,F,497
דוריה,F,496
אנגאם,F,496
רובי,F,495
אירן,F,494
מליחה,F,494
אולפת,F,494
ג'עפר,M,494
כאותר,F,494
קתרין,F,493
עהד,F,492
נליה,F,492
איילין,F,491
בריאן,M,490
ניר,F,489
כפאח,F,488
אדוארדו,M,488
פרנק,M,486
איבתסאם,F,486
רוזלין,F,486
פייר,M,486
מבשר,M,486
ז'נה,F,485
איב,M,484
מרקו,M,484
ענר,M,483
ויאם,F,483
ריין,F,483
נתנאלה,F,483
טוני,F,481
ולנטין,M,481
חניתה,F,481
סיון,M,479
באנה,F,478
אילהאם,F,477
מטילדה,F,477
קלודין,F,477
גרמן,M,477
סעדיה,M,476
ננסי,F,476
מאס,F,475
כלנית,F,475
קנאן,M,475
סאידה,F,474
גנט,F,473
נבא,F,473
מלאני,F,473
ז'אן,M,472
שוקי,M,471
נטלה,F,470
סקר,M,470
אכראם,F,469
לובה,F,469
ארטור,M,469
נבאא,F,469
אלבינה,F,469
מרלן,F,469
אסא,M,468
סול,M,468
ניקה,F,467
מטר,F,467
ח'יר,M,467
נג'וא,F,466
זהור,F,466
נהיל,F,464
תולאי,F,463
ננה,F,463
רנד,F,463
ג'ק,M,463
ממדוח,M,463
ודחה,F,463
ראודה,F,462
לוטם,M,462
טמיר,M,462
נרדין,F,462
שיהאב,M,461
וורוד,F,461
רמאח,F,460
סג'וד,F,460
יאקות,F,458
ראוף,M,458
טלאור,F,458
שאהר,M,457
בילה,F,457
עיליי,M,456
לידר,F,455
אירה,F,455
אנהאר,F,455
פרחיה,F,454
גדליהו,M,454
ספואן,M,453
ראיף,M,453
רנטה,F,453
ג'ונתן,M,453
נשאת,M,453
עאיד,M,452
ראבעה,F,451
ספיר,M,451
רמה,F,451
ירוחם,M,451
אזדהאר,F,448
אעתדאל,F,448
דקל,F,448
סאפי,M,448
וועד,F,447
כרימה,F,447
גראם,F,447
נהאד,F,447
פורטונה,F,446
מייסר,F,446
ריצ'רד,M,445
מורין,F,445
בל,F,445
שריהאן,F,445
הראל,F,445
סאהר,F,445
מרט,M,444
רמדאן,M,444
חמאדה,M,444
תימור,M,443
דיאן,F,443
רינאד,F,443
ג'אנה,F,442
יונת,F,442
ראיק,M,440
שם,M,440
הארון,M,439
ערבה,F,439
אביר,M,439
ראדי,M,439
שראל,M,437
ביאטריס,F,436
איליאא,F,435
לורנס,M,435
אליק,M,434
אדמונד,M,434
אסד,M,434
ליבה,F,433
עדיאל,F,433
לירז,M,432
ארוא,F,431
בלסם,F,431
ופיקה,F,431
גואן,F,430
ח'אלדיה,F,430
מרקוס,M,430
ערפאת,M,430
אמליה,F,429
ארמנד,M,429
ג'ואל,F,427
לולו,F,427
גניה,F,427
ג'ולאן,F,426
רוברטו,M,425
אליקים,M,425
יולי,M,424
אשירה,F,424
עבאס,M,424
נוף,F,424
מארון,M,423
דעאא,F,422
עמיד,M,422
שהירה,F,422
עטל,F,421
גנאת,F,421
ריחאב,F,420
גנאן,F,420
נבאל,F,420
אריאנה,F,419
אראלה,F,419
רווית,F,418
טינה,F,417
אריאם,F,417
אננה,F,417
מונתסר,M,416
קלי,F,415
ליזי,F,414
ארן,M,414
זבולון,M,414
רסמייה,F,413
אלפרד,M,413
מרעי,M,413
אליזה,F,413
אילעי,M,413
דיאלא,F,413
ליילה,F,412
אייסר,M,412
אליסיה,F,411
מילאן,M,411
פרדוס,F,409
קמה,F,409
אליוט,M,409
עילם,M,409
סגוד,F,409
אטי,F,408
בת ציון,F,408
עורווה,M,407
יסמינה,F,407
בדיעה,F,407
עבדאלרחמן,M,406
תמה,F,406
סוהייל,M,406
אראם,M,405
רוידה,F,405
לוטן,M,405
נג'מה,F,405
פרומט,F,405
גונן,M,404
רביטל,F,404
אניה,F,403
נורי,M,402
שוכרי,M,402
ח'יתאם,F,402
חמדאן,M,401
אילי,F,401
רונלד,M,401
נרג'ס,F,400
רעיסה,F,400
סלי,F,400
קדם,M,399
בסמלה,F,398
וחיד,M,398
אדיאן,F,398
אטל,F,396
גאנם,M,396
רלי,F,396
ראול,M,395
נינט,F,395
לורנס,F,395
ארינה,F,395
סמייה,F,394
הינד,F,394
תומס,M,393
רובין,F,393
אראם,F,393
תלמה,F,392
בהיה,F,392
אלקה,F,392
עיינה,F,392
פח'רי,M,391
ניהאיה,F,391
גואהר,F,390
לזר,M,390
דיאלה,F,390
ניסאן,F,390
דברה,F,390
ג'וי,F,389
סוהייר,F,389
בשמת,F,389
פרידא,F,389
רובי,M,389
אנסאף,F,389
אנאבל,F,389
גיתית,F,388
לישי,M,388
שלו,F,388
אדלה,F,388
האיל,M,387
שולי,F,387
עשהאל,M,387
מירנה,F,387
מוחסן,M,386
סדן,F,386
עזאת,M,385
שביט,M,385
ריקה,F,385
חוסניה,F,385
דודי,M,385
עיטאף,F,384
גלילה,F,384
אמנדה,F,384
ליאב,F,384
שריי,F,384
חורחה,M,383
קדם,F,383
קינן,M,383
מידן,M,382
מוופק,M,382
נגוא,F,381
אסיף,F,381
מג'ד,F,381
אודט,F,381
יער,M,380
ראפע,M,380
ח'אולה,F,380
אתאר,F,380
טיבה,F,379
אנז'ליקה,F,378
דוראל,M,378
ליבי,M,378
מתן,F,378
עמיקם,M,377
שאנל,F,377
בן-ציון,M,377
הרי,M,377
גוד,F,377
חולה,F,377
תמארא,F,375
ריקרדו,M,375
סרג',M,373
נג'ואן,M,373
נהאד,M,373
רפעת,M,373
אניל,M,372
כארם,M,372
נוואל,F,372
צמח,M,372
נתיב,M,371
הני,F,371
נירוז,F,370
רימאן,F,370
רודי,M,370
האג'ר,F,370
נרקיס,F,370
מטר,M,369
נזמיה,F,369
שירן,M,369
גולדי,F,368
רסלאן,M,368
גלי,M,367
לורן,M,367
סבטלאנה,F,367
תמארה,F,366
מאי,M,366
אלטר,M,366
דונה,F,365
אלמאזה,F,365
מישיל,M,365
רג'א,M,363
שהנאז,F,363
ויאולטה,F,363
אלזה,F,363
יאנינה,F,363
שפיקה,F,363
לביבה,F,362
אוליבר,M,362
חפציבה,F,361
עזריה,M,361
זמיר,M,360
זלדה,F,360
סרגי,M,359
ריי,F,359
ורוניק,F,359
מולו,F,359
זהיה,F,359
קוראל,F,359
אלמז,F,358
בדיע,M,358
רחלה,F,358
ימימה,F,358
גוליה,F,358
אליסון,F,357
נונה,F,357
דולי,F,356
מיסאן,F,356
עופר,F,356
וסאל,F,356
מרתה,F,356
אינתסאר,F,355
שירית,F,355
זינאת,F,355
ואדים,M,354
רידא,M,354
סיימון,M,354
ארקאן,M,354
נלה,F,354
גאליה,F,353
נעמאן,M,353
הילית,F,353
רחיק,F,353
ליגל,F,353
אנדרה,M,353
ימאמה,F,353
פריאל,M,353
נאום,M,352
יוליאנה,F,352
סביל,F,351
אוריאנה,F,351
אנדי,M,350
תומאס,M,350
נסמה,F,350
דניא,F,350
דרורית,F,350
ראסם,M,350
ג'קי,M,349
קדר,F,349
גוסטבו,M,348
ללי,F,347
ספיה,F,347
אמר,F,346
גרגורי,M,346
המאם,M,346
רווה,M,346
מינדי,F,345
בלקיס,F,345
רוסטיסלב,M,345
תבל,M,345
נהורה,F,345
ג'ורדן,M,344
הילדה,F,344
סאג'דה,F,343
פרי,F,343
לימאר,F,343
צוף,F,343
אוסקר,M,341
מתיו,M,341
מג'יד,M,341
תמרי,F,340
קריסטין,F,340
עזר,M,340
חזקיהו,M,340
פמלה,F,339
מויסר,F,339
אינעאם,F,339
קווין,M,339
גלוריה,F,339
רפאלה,F,339
דלילה,F,338
אושרי,F,337
ג'ולאן,M,337
גנית,F,337
רייזי,F,337
ג'ואהר,F,337
נורסין,F,336
לסלי,F,336
ראוי,M,336
נגאת,F,336
מייסא,F,336
ארנולד,M,336
נג'לא,F,336
אדיסו,M,335
שרל,M,335
בכור,M,335
סאג'ד,M,335
איילון,M,334
יקירה,F,334
אלישי,M,334
הדיה,F,333
חאפז,M,333
גורג,M,333
ויסאל,F,333
ברקת,F,332
אייר,M,332
אנג'ליקה,F,332
מרה,F,331
מירן,F,331
גון,M,331
פהים,M,330
אלבירה,F,330
ג'וליא,F,330
ליעוז,M,330
שבע,F,330
רומי,M,329
זמזם,F,329
משיח,M,329
ארנסט,M,329
בקי,F,329
אלחנדרו,M,329
חמדי,M,328
רוזט,F,328
ליזט,F,326
ברוניסלבה,F,326
רנה,M,325
וורקנש,F,325
רעד,M,325
מלכיאל,M,325
איליא,M,325
רג'א,F,325
נטשה,F,325
לאונרדו,M,324
ג'דיר,F,324
מננה,F,324
אלרום,M,324
זק,M,324
פרנסיס,M,324
מרום,F,323
נופית,F,323
אירמה,F,323
אידית,F,323
מדחת,M,321
אמבט,F,320
תובל,M,319
יעיש,M,319
עדלה,F,318
נרי,F,318
הילאי,M,318
שבתי,M,317
אליאור,F,317
שלוה,F,317
אודרי,F,317
סבסטיאן,M,316
עלקא,F,316
וורקו,M,316
חמיד,M,316
פיני,M,316
מלני,F,315
צוף,M,315
אנגלינה,F,314
אלירז,F,314
ז'ק,M,314
דניל,M,314
סנדרין,F,314
לישי,F,314
דר,M,314
חוסה,M,312
זוהייר,M,312
חלמי,M,311
מזי,F,311
אליחי,M,311
פרחאן,M,311
ציון,F,311
דניז,F,310
שיפא,F,310
סלומה,F,309
כריסטיאן,M,309
לי-אור,F,309
עינב,M,309
נתי,M,308
פלא,M,308
אראל,F,308
מוחיי,M,308
שינדל,F,308
מורג'אן,F,308
גמליאל,M,307
סשה,M,307
אלמירה,F,307
נביה,M,307
בריינדל,F,307
אסינאת,F,306
דוריאן,M,306
גלב,M,306
שריה,M,306
זכר,M,306
קלאודיו,M,305
ג'ינה,F,305
אולסיה,F,305
מכאל,M,304
הבטם,F,304
רויה,F,304
ג'ולין,F,304
ריחאן,F,303
ריזל,F,303
נתאלי,F,303
מרסלה,F,302
צאלה,F,301
לולה,F,301
ניפין,F,301
אמאן,F,301
ארמונד,M,301
נוהאד,F,300
דון,M,300
וסילי,M,300
סבין,F,300
ברונו,M,299
לשם,F,299
קיילה,F,299
ג'וליאנה,F,299
ג'האן,F,299
נידאא,F,298
מירבת,F,298
בדריה,F,298
בריג'יט,F,298
לביאה,F,298
קולט,F,296
אילעאי,M,296
סולי,F,296
שפא,F,296
אנבל,F,296
פלסטין,F,296
למיא,F,295
פלורנס,F,295
לוקאס,M,295
ליאוניד,M,294
יולנדה,F,294
פולה,F,294
אמתיאז,F,293
חאולה,F,293
בוטרוס,M,293
פורת,M,293
ופיק,M,292
זריפה,F,292
נצחיה,F,292
שריפה,F,292
מנואל,M,292
פלאח,M,291
סובחייה,F,291
רייצ'ל,F,290
ח'יריה,F,290
ברית,F,290
וופאא,F,290
לואיז,F,290
סילה,F,290
סינטיה,F,290
סלוה,F,290
מועאז',M,290
כינאן,M,290
הדאיה,F,290
אופרי,F,289
עורסאן,M,289
ניק,M,289
בולוס,M,289
סלביה,F,289
מרגרט,F,289
שאהין,M,289
דיאגו,M,289
רימון,F,288
שבות,F,288
אבבה,M,287
לוג'יין,F,286
עטיל,F,286
וג'דאן,F,286
כדורי,M,286
ניסרין,F,286
רבחי,M,285
צהלה,F,285
כיאן,F,285
זהראא,F,285
אבבה,F,284
האגר,F,284
אבא,M,284
רושדי,M,284
ג'ייסון,M,283
אלכסי,M,283
גקלין,F,283
וסאם,F,283
נג'וד,F,282
ג'ושוע,M,282
איטא,F,281
טמסגן,M,281
עאאשה,F,281
שוש,F,281
מריאל,F,280
טירן,M,280
פניה,F,279
תקוא,F,278
דמיאן,M,278
סיוואר,F,278
קרלה,F,278
דורי,F,277
אווקה,M,277
סולטנה,F,277
אנסאם,F,277
ג'אדה,F,277
גינה,F,277
יהלום,F,277
רוזין,F,277
ריתא,F,276
סיליה,F,276
גוליא,F,276
ראיין,M,276
מימונה,F,276
פיבי,F,275
אומניה,F,275
מוניב,M,274
סוסנה,F,274
ענב,F,274
שליו,F,274
חמודי,M,274
אמבר,F,273
פאדל,M,273
ריצרד,M,272
נזמי,M,272
מיריל,F,272
גרסיאלה,F,272
תיאה,F,272
רוזית,F,272
שאלתיאל,M,271
תרתיל,F,271
נטאלי,F,271
אשלי,F,270
ראגדה,F,270
איזק,M,270
שמאי,M,270
הארי,M,270
שהרזאד,F,269
פרי,M,269
ג'ברין,M,269
סינא,F,268
נטעלי,F,268
דיצה,F,268
לרה,F,268
זוהיר,F,267
יוהן,M,267
עמיעד,M,267
ידין,M,267
גודי,F,267
קורן,F,267
איליא,F,267
נתניאל,M,266
סאגדה,F,266
רנית,F,266
יוסרי,M,266
נצר,M,265
מלודי,F,265
ח'דרה,F,265
דניה,F,265
לירם,M,264
אדרת,F,264
פרדריק,M,264
ברנדה,F,264
הוד,F,263
שנית,F,262
הבטמו,M,261
גואל,M,261
כיפאח,F,261
אליצור,M,261
מרילין,F,260
פאידה,F,260
הלית,F,260
מופידה,F,260
מרין,F,259
כרמן,F,259
ריו,M,259
נג'ואן,F,259
ג'בריל,M,259
תבור,F,259
ראדיה,F,259
נג'יה,F,259
אלרוי,M,258
ברהנו,M,258
אתיר,F,258
לידה,F,258
מרפת,F,258
חאכמה,F,258
אנתיסאר,F,258
בנאן,F,257
סעידה,F,257
שינא,F,257
ריא,F,257
טלב,M,257
נגה,M,256
איחלאס,F,256
יהורם,M,256
סיסאי,M,256
עטאללה,M,256
רבאח,M,256
יגור,M,256
אליז,F,255
טדי,M,255
נביהה,F,255
מוריאל,M,255
קלייר,F,255
רנאד,F,255
גרייס,F,255
ריחאנה,F,254
סיני,F,254
נהאל,F,254
איבט,F,254
ז'נט,F,253
פלורי,F,253
קינדה,F,253
לוריא,M,253
סינדי,F,253
אשל,M,252
שיינדי,F,252
מלקמו,M,252
ראונק,F,252
נוראלדין,M,252
גייל,F,251
רנן,M,251
תם,F,251
מונה,F,251
ארוה,F,250
ידידה,F,250
מיכל,M,250
ראדה,F,249
ג'ילאן,F,249
אלרן,M,249
מטביי,M,249
ויולט,F,249
סרגיו,M,248
מתי,F,248
ג'ואן,M,248
גבי,F,248
אלוירה,F,248
לטיסיה,F,247
רסמי,M,247
שאוקי,M,247
סווסן,F,247
כמיליא,F,247
אהבה,F,247
תאי,M,247
ברי,F,247
עטי,F,246
דומיניק,F,246
מורסי,M,245
אדריס,M,245
מיקי,F,245
אריאן,F,245
נוה,F,244
פביאן,M,244
שפאא,F,244
סאלי,M,244
לאל,M,244
סילינא,F,243
מיאל,M,243
תוקא,F,243
זהייה,F,243
מאטיל,F,242
טיגיסט,F,242
פרננדו,M,242
סאנדי,F,242
טלעת,M,242
שמס,M,242
חובב,M,242
כוכב,F,241
אביטל,M,241
סשה,F,241
מסעודה,F,241
עומרי,F,241
אנג'ל,F,241
אמרה,M,240
ג'ולייט,F,240
נוהר,F,240
ליר,M,240
יפת,M,240
ריין,M,240
מגדולין,F,240
לוסין,F,240
מטי,F,240
רייאן,M,239
מסרט,F,239
מואנס,M,239
נינל,F,239
שחק,M,239
נצח,M,239
סוואר,F,238
ראגב,M,238
ג'יזל,F,238
ארקאן,F,238
אנדרס,M,238
נאזם,M,237
אביגל,F,237
שימי,M,237
וטפה,F,237
חודיפה,M,236
מיסר,F,236
דאהר,M,236
טאי,M,235
ענאד,M,235
בנג'מין,M,235
עאיישה,F,235
שריל,F,235
ביילה,F,235
מוני,M,235
קיילא,F,234
לידן,M,234
זן,M,234
יענטא,F,234
סעוד,M,234
עלאא,F,234
מירפת,F,234
נאפז,M,234
פרנסין,F,233
באדרה,F,233
סוהיילה,F,233
מידד,M,233
פורסאן,M,233
זאנה,F,233
מדיחה,F,233
בוסנה,F,233
אולה,F,233
ארלט,F,233
פדיה,F,232
אלאן,M,232
נעאמה,F,232
ריימונד,M,232
נואר,F,232
אנוואר,F,232
לבונה,F,232
פרג,M,232
גרציה,F,232
צפנת,F,231
לביב,M,231
ניווין,F,231
רג'אא,F,231
ליין,F,231
ארסן,M,231
רביחה,F,231
רווידה,F,231
אדיבה,F,230
ח'לוד,F,230
מרסדס,F,230
שנאל,F,230
הינדל,F,229
אתל,F,229
שלוה,M,229
סידרה,F,229
ניעמה,F,229
טובי,M,228
נגמה,F,228
וגדאן,F,228
רימונד,F,228
עבדול,M,227
תניה,F,227
מאסא,F,227
יוליאן,M,227
ז'אק,M,226
טומס,M,226
עירא,M,226
דפני,F,226
יאסמינה,F,226
ריאהם,F,226
פאולינה,F,226
נדה,F,225
עיטם,M,225
רימונה,F,225
פרח,M,225
סלמון,M,225
אנג'לינה,F,225
רנדא,F,224
פיאד,M,224
פנינית,F,224
למלם,F,224
קלואי,F,224
זכייה,F,224
אילאיל,F,224
ניקולא,M,224
בריגיט,F,224
טלאור,M,223
קיאן,M,223
נזירה,F,223
קים,M,223
שחרי,F,223
מוסלם,M,223
סביחה,F,223
מבשרת,F,222
עזרי,M,222
נהאי,F,222
מנדי,M,222
כליל,M,222
לייב,M,221
אידל,F,221
ענתי,F,220
סורין,M,220
גולי,F,220
ג'יימס,M,220
סיאל,F,219
ימין,M,219
תיאו,M,219
תדהר,M,219
קארינה,F,219
רפקה,F,219
ניהאל,F,219
נורין,F,219
אלגרה,F,219
גאל,F,219
רתיבה,F,219
ואפי,M,218
טרז,F,218
אפק,F,218
ת'אבת,M,218
יארין,F,218
עריפה,F,218
סלע,M,217
ססיל,F,217
למיה,F,217
אחיקם,M,217
שמוליק,M,217
אתי,M,217
אתרי,F,216
אדלינה,F,216
קמיל,F,216
ג'סאן,M,216
בילי,F,216
מואפק,M,216
שיר אל,F,216
תמאר,F,216
רובן,M,216
טאטיאנה,F,216
ליונל,M,215
חוולה,F,215
ראתב,M,215
רמזיה,F,215
דין,F,215
מטיאס,M,215
אפיק,F,215
אזל,F,214
גטנט,M,214
לילאס,F,214
איסר,M,214
זנט,F,214
שיאל,M,213
איילא,F,213
זאן,M,213
אייזיק,M,213
יואן,M,213
אדואר,M,213
אשד,M,213
אשואק,F,213
מרבת,F,213
אדגר,M,212
ויויאנה,F,212
חושן,M,212
איידי,F,212
יוסוף,M,212
ג'ינאן,F,212
נסרי,M,212
דיה,F,212
שקמה,F,211
אבתהאל,F,211
נטע-לי,F,211
לוקה,M,211
רואידה,F,211
שילו,M,211
אלישמע,M,211
הנייה,F,210
שארה,F,210
לוסיה,F,210
מלסה,M,210
לטם,F,209
סוריה,F,209
ספייה,F,209
קרנית,F,209
לאונרד,M,209
גשאו,M,209
היאלי,F,209
סאן,F,209
מג'דולין,F,209
וטן,F,209
ברנרדו,M,209
סלווה,F,209
אדנה,M,209
רוסל,F,209
אמוץ,M,209
סם,M,209
שונטל,F,208
משהור,M,208
גארי,M,208
ניהאד,F,208
מעאלי,F,208
סרפימה,F,208
אנטה,F,208
ספי,M,207
שונית,F,207
צ'רלס,M,207
ילין,F,207
ראומה,F,206
ליבר,F,206
עילית,F,206
אלמיטו,F,206
סעדיה,F,206
מרגו,F,206
ניהאד,M,206
סרחיו,M,206
רוזנה,F,206
ינינה,F,206
מערוף,M,206
סעדי,M,205
זלטה,F,205
רפאל,F,205
תימור,F,205
לים,F,205
לוטן,F,205
ארג'ואן,F,205
איליי,F,205
אינגריד,F,204
ביאנה,F,204
עיאד,M,204
ג'סי,M,203
ידיד,M,203
יערי,M,203
מוהנא,M,203
הרמן,M,203
פאיק,M,203
עקאב,M,202
שנה,F,202
ויטה,F,202
סנדס,F,202
עירד,M,202
טלילה,F,202
תג'ריד,F,202
אורג'ואן,F,202
סולאף,F,201
ערוב,F,201
פריידה,F,201
גוליאן,M,201
גפרי,M,201
עליאא,F,201
רעכל,F,201
אקראם,F,200
מסגנאו,M,200
גידי,M,200
בדר,F,200
מורל,F,200
היידי,F,200
ששי,M,200
יאקין,F,199
יוכי,F,199
נדיר,M,199
אנדריאה,F,199
נרגס,F,199
נסיב,M,199
ג'ויס,F,199
ג'ודית,F,198
אדמון,M,198
אנטונינה,F,198
רגא,F,197
מיגל,M,197
סימן,M,197
כנאר,F,197
וויליאם,M,197
כוכבית,F,197
אליאן,M,197
פיריאל,F,197
ענאן,F,196
כאלד,M,196
גהאן,F,196
רמון,M,196
שיילי,F,196
אנגלה,F,195
נוית,F,195
דברת,F,195
הדרה,F,195
אלמנש,F,195
אל,F,195
רולנד,M,195
חכם,M,195
סמנתה,F,195
לוזאן,F,195
אלגריה,F,195
אלירם,M,195
מילן,F,195
מולה,M,194
סייד,M,194
סמנטה,F,194
סידני,M,194
חווה,F,194
ראג'י,M,194
אנני,F,194
עמירה,F,193
יחיעם,M,193
תוג'אן,F,193
רחמין,M,193
סלעית,F,193
ג'ריס,M,192
מנא,F,192
וותין,F,192
יהודא,M,192
תיימור,M,192
חנן,F,192
לוריס,F,191
בדור,F,191
וופא,M,191
קלבדיה,F,191
ענוה,F,191
רינאל,F,191
פירה,F,191
רעכיל,F,190
דיאא,F,190
אספיר,F,190
סאדק,M,190
מריוס,M,190
מוזס,M,190
נינו,F,190
דונא,F,190
ניראל,M,190
שרלוט,F,190
מייסאא,F,190
סלינה,F,190
סביח,M,189
מרוה,F,189
טליע,M,189
סהיר,F,189
זינובי,M,189
רגאא,F,189
אליונה,F,189
אנס,F,188
קמי,F,188
אלמו,M,188
פדה,F,188
קילא,F,188
אלית,F,188
רשידה,F,188
שכיב,M,188
דלע,F,188
זיין,F,188
איאל,M,188
עוני,M,188
נחלה,F,188
מירוות,F,187
מניה,F,187
טדלה,F,187
רויזא,F,187
אילן,F,187
הוידה,F,187
שר,M,187
יראת,F,187
בתשבע,F,187
איואן,M,187
קיילי,F,187
רדא,F,187
ליב,M,186
סרג'יו,M,186
מורד,M,186
עלאי,M,186
מנה,F,186
אלארי,M,186
שיאל,F,186
מרצדס,F,186
טגסט,F,185
כתריאל,M,185
מלכי,F,185
כמיליה,F,185
סילבנה,F,185
גניפר,F,185
גמעה,M,185
אוולינה,F,185
רחיל,F,184
דייויד,M,184
אבלינה,F,184
חסידה,F,184
קאמלה,F,184
עדין,M,184
סווטלנה,F,184
אומיה,F,184
ליבת,F,184
ג'וסלין,F,183
טיראן,M,183
אולין,F,183
בנציון,M,183
צורית,F,183
סאני,F,183
שלומציון,F,183
נבות,M,183
וורקה,F,183
מצליח,M,183
פעסיל,F,182
אינסאף,F,182
כלתום,F,182
עליאן,M,182
רישרד,M,182
פיודור,M,182
אלענוד,F,182
עבלא,F,182
טרי,F,182
ג'ומאן,F,181
חזקיה,M,181
סלמן,M,181
רודה,F,181
אריאן,M,181
זיוית,F,181
בלוריה,F,181
סקוט,M,181
אמציה,M,181
ליקה,F,181
נעמן,M,180
מהה,F,180
אפריל,F,180
גאלדא,F,180
מסעדה,F,180
פוראת,M,180
ערד,M,180
מריאן,M,179
ביאנקה,F,179
פנטנש,F,179
ססיליה,F,179
כיאן,M,179
אילאן,F,179
אברי,M,179
ג'יין,F,179
מולי,F,179
עהד,M,179
פולט,F,179
אורלית,F,179
היפאא,F,179
בורהאן,M,179
ליית',M,179
לוריאן,F,178
רידאן,M,178
מיא,F,178
עמינדב,M,178
אומרי,M,178
סלבה,M,177
אורליה,F,177
גאסם,M,177
דייזי,F,177
עומראן,M,177
נאורה,F,177
ירום,M,177
סנאבל,F,177
זקי,M,177
יפעה,F,177
לורנה,F,177
שוק,F,176
גיית,M,176
לוגיין,F,176
מייאר,F,176
זרח,M,176
ג'אק,M,176
גתית,F,176
נורמה,F,176
גינאן,F,176
פוזיה,F,176
רפיקה,F,176
דסה,M,175
אספה,M,175
זליג,M,175
זינאלדין,M,174
מירטה,F,174
נהא,F,174
מאדי,M,174
רוניה,F,174
צפניה,M,174
קרואן,F,174
רין,F,174
עינה,F,174
ואתין,F,174
פייגל,F,173
ניסון,M,173
כאוכב,F,173
היגר,F,173
גני,F,173
ג'ון,F,173
נהרה,F,173
עצאם,M,173
אור אל,M,172
נהלא,F,172
נוייה,F,172
ברכאת,M,172
זהירה,F,172
אקטרינה,F,172
סגולה,F,171
וולף,M,171
חמודה,M,171
טוב,M,171
רומינה,F,171
מויסיי,M,171
טים,M,171
מולוקן,M,171
סוהר,F,171
ריטל,F,171
אנריקה,M,171
סאני,M,171
חואן,M,171
שרלי,F,170
גואנה,F,170
ניבי,F,170
נוהה,F,170
טדסה,M,170
צליל,M,170
אסואן,F,170
כריסטין,F,170
פריידי,F,170
מיליא,F,170
מואיז,M,169
אדיסה,F,169
ולדה,F,169
רונזה,F,168
עפו,M,168
אסטל,F,168
ג'רייס,M,168
עבדו,M,168
מוראל,F,168
רוחי,M,168
באטריס,F,168
לארה,F,168
אסתברק,F,168
ראופה,F,168
מירלה,F,168
וקטוריה,F,168
נג'לה,F,168
נגלא,F,168
מיכאל,F,168
ג'אסר,M,167
גי,M,167
עצמון,M,167
מיאס,M,167
וגיהה,F,167
טרזה,F,167
שירת,F,167
תהליל,F,167
חלוה,F,167
פיגה,F,167
רביע,F,166
היא-לי,F,166
שאולי,M,166
פנטהון,M,166
עתמאן,M,166
סילויה,F,166
קיסר,M,166
טיירי,M,166
נפוז,F,166
שי-אל,M,166
סעאד,F,166
סער,F,166
פסי,F,166
דומיניק,M,165
ערגה,F,165
תוליב,F,165
דלפין,F,165
שטרנא,F,165
חמוד,M,165
פדות,F,165
איטל,F,165
אנא,F,165
ויולטה,F,165
נהר,M,164
תאים,M,164
רקיה,F,164
יקוט,F,164
גלדיס,F,164
סוף,M,164
אגנס,F,164
ניראל,F,164
אמאנה,F,164
אאידה,F,164
מרון,M,164
יוהנה,F,164
סורייה,F,164
מיליה,F,163
מיאסה,F,163
מזיה,F,163
אנג'י,F,163
סגר,M,163
מריסה,F,163
אימרי,F,163
סאג'י,M,163
גאזיה,F,163
יארוסלב,M,163
ינה,F,162
פאטן,F,162
ארז,F,162
ליפא,M,162
דיבה,F,162
חניפה,F,162
שלם,M,162
גמר,F,162
בוגדן,M,162
איינאו,M,161
חטאב,M,161
גיזל,F,161
באר,F,161
אחיעד,M,161
והיבה,F,161
ג'ואל,M,161
ג'והינה,F,161
ריבי,F,161
רכאן,M,161
פנטה,F,161
ג'ורג,M,160
ג'ול,M,160
שעבאן,M,160
נירן,M,160
לב,F,160
שהרבאן,F,160
יהוידע,M,160
סוניא,F,160
אברה,M,160
גילית,F,159
רודיינה,F,159
שרינה,F,159
רוזיטה,F,159
זאק,M,159
שושן,F,159
פביאן,F,159
מרשה,F,159
דימה,M,159
ארכאן,M,159
סאמייה,F,159
ירוסלב,M,158
ישורון,M,158
נגיה,F,158
ג'ימי,M,158
אלודי,F,158
רושאן,F,158
גית,M,158
ספא,M,158
סמואיל,M,158
שובי,F,158
כנה,F,157
אמור,M,157
כינרת,F,157
סיניה,F,157
בהייה,F,157
רוקסנה,F,157
שמסה,F,157
נורמן,M,157
רקל,F,157
שיינדיל,F,157
לורא,F,157
סרינה,F,156
רדמילה,F,156
דריו,M,156
זיינה,F,156
רונזא,F,156
סליה,F,156
תרזה,F,156
יגיל,M,156
ראיקה,F,155
הילני,F,155
קנאר,F,155
גב,M,155
נסלי,F,155
כפא,F,155
ארגמן,F,155
אדיל,F,155
צוריה,F,155
הייגר,F,155
עלם,M,155
מחאסן,F,154
ליאנא,F,154
זינא,F,154
שוג,F,154
מנצור,M,154
רע,M,154
מיקאלה,F,154
לימאי,F,154
ראיפה,F,154
עיזאת,M,153
אכלאס,F,153
תראא,F,153
מכרם,M,153
ארי,F,153
פארח,F,153
איחסאן,F,153
יער,F,153
צפאא,F,153
לירי,M,153
ארגואן,F,153
חאנין,F,153
נס,M,152
וטן,M,152
ארווה,F,152
נגלה,F,152
נעמאת,F,152
ג'ניה,F,152
אופרי,M,152
סבריה,F,152
עשירה,F,152
תניא,F,151
איידן,M,151
צירה,F,151
איסל,F,151
אדים,M,151
וונדי,F,151
פולי,F,151
קלריס,F,151
צפרירה,F,151
מושית,F,151
ג'ורג'ט,F,151
תאודור,M,151
ג'וואד,M,151
סולי,M,151
איזי,M,151
אנטוניו,M,151
ישעי,M,150
חורייה,F,150
אלסה,F,150
אללה,F,150
אבו,M,150
אנטואן,M,150
גזאל,F,150
יטל,F,150
רושל,M,150
סילינה,F,150
מתילדה,F,150
סמעאן,M,149
ניג'מה,F,149
לורד,F,149
איירין,F,149
איירוס,F,149
חפיזה,F,149
מלקו,M,149
אוסלין,F,149
רהב,M,149
סיזאר,M,149
טאיסיה,F,149
נגוה,F,149
ריטאל,F,149
בוני,F,149
יואלה,F,148
שאשא,F,148
רדה,F,148
סילבן,M,148
אשגאן,F,148
דנאל,M,148
פטריציה,F,148
אידן,M,148
בדראן,M,148
אסטלה,F,148
לורנט,M,148
ראג'ח,M,148
ויצ'סלב,M,148
רוג'ר,M,148
עטר,F,147
תייא,F,147
קאי,F,147
ליליא,F,147
ברוניה,F,147
רוברטה,F,147
לוסיאנה,F,147
פדוה,F,147
תחסין,M,147
אזהר,F,147
עמנואלה,F,147
גומא,M,147
שון,F,147
מיסלון,F,146
חדווה,F,146
אליאורה,F,146
מלכות,F,146
אלדן,M,146
מסעד,M,146
קסם,M,146
וודאד,F,146
חסן,F,146
דרויש,M,146
צמרת,F,146
ליביה,F,146
נורי,F,146
לאל,F,146
מאוריסיו,M,146
ראנייה,F,146
שיילה,F,146
חסיבה,F,146
קימברלי,F,145
סולאפה,F,145
מורג,F,145
מיראן,F,145
רתאל,F,145
זאור,M,145
סרחאן,M,145
תמר,M,145
ויצמן,M,145
פאלח,M,145
כאוסר,F,145
אקבאל,F,145
גמלאת,F,145
גק,M,145
מומי,M,144
אלווירה,F,144
גלבוע,M,144
מתין,M,144
צפא,F,144
יהונדב,M,144
ימאן,F,144
מנטגבוש,F,144
סביון,F,144
זאין,M,144
נג'וה,F,144
אופאל,F,143
גאית,M,143
וידה,F,143
איזיק,M,143
קורינה,F,143
רתאג',F,143
גרטה,F,143
צילי,F,143
אשתיאק,F,143
טום,F,143
מליא,F,142
מהנא,M,142
לאיה,F,142
מגלי,F,142
מריון,F,142
פליאה,F,142
חוליו,M,142
חפצי,F,142
גולאן,F,142
רימונדה,F,142
ברוס,M,142
רשף,M,142
זורב,M,142
אליאונורה,F,142
ציביה,F,142
זכרי,M,142
איזולדה,F,142
נתי,F,141
קטר,F,141
מישלין,F,141
מולוגטה,M,141
חאלד,M,141
אסמרה,M,141
גאן,M,141
שובה,F,141
אבן,M,141
שיראל,M,141
זוהדי,M,141
ארסני,M,141
מריק,M,141
בטינה,F,141
וספיה,F,141
ללה,F,140
הרן,M,140
פעריל,F,140
טובית,F,140
אלירון,M,140
דייגו,M,140
ביתיה,F,140
ירוס,F,140
סטנלי,M,140
אלכסנדרו,M,140
מובארכ,M,140
ראאדה,F,140
עקיבה,M,140
גטו,M,140
כריסתין,F,140
רבא,F,140
יוחנא,M,140
רודולף,M,139
אילור,F,139
עדלי,M,139
דרינה,F,139
גולן,F,139
מליה,F,139
צבאח,F,139
נמיר,F,139
עלמנש,F,139
סינה,F,139
תאג',F,139
יתרב,F,139
ליאונל,M,139
גסיקה,F,139
אלחאן,F,139
ריינה,F,138
אייסל,F,138
אדריאן,F,138
ראקאן,M,138
יוסר,F,138
דיין,M,138
ברוק,M,138
ענאיה,F,138
ג'ויל,F,138
מדינה,F,138
בשאיר,F,138
קטלין,F,138
צ'רלי,M,137
טמילה,F,137
תומי,M,137
מען,M,137
פסקל,F,137
לי-שי,F,137
מנוה,F,137
ואסף,M,137
תור,M,137
מתיאס,M,137
חגאי,M,137
קייט,F,137
זהרא,F,137
שי-אל,F,137
טהר,M,136
פועה,F,136
מישה,M,136
גוסון,F,136
שעיה,M,136
רודיקה,F,136
לילית,F,136
נעמת,F,136
מגדה,F,136
גיזלה,F,136
מייסה,F,136
סרג,M,136
שמיר,M,136
רייזא,F,135
יה-לי,F,135
מראח,F,135
סלווא,F,135
סבי,M,135
שנהב,M,135
מאריו,M,135
פריבה,F,135
הווארד,M,135
הרולד,M,135
ראניא,F,135
טילא,F,135
בריינא,F,135
תמנע,F,135
נגוד,F,134
אנתצאר,F,134
אייל,F,134
חייאת,F,134
ג'ית,M,134
מילאנה,F,134
יוראי,M,134
גאסר,M,134
טולין,F,134
שיר-אל,F,134
גסטון,M,134
ראנדה,F,134
מלינה,F,133
ריימונד,F,133
אליסאר,F,133
וילי,M,133
לאור,M,133
שי-לי,M,133
מינאס,F,133
ג'ואנא,F,133
ריהאן,F,133
טגיסט,F,132
כארם,F,132
מוסלח,M,132
אהוביה,M,132
האדיה,F,132
אריה,F,132
נגווה,F,132
קלר,F,132
אובאי,M,132
מרסיל,F,132
מרזוק,M,132
ארם,M,132
העניא,F,132
שריתה,F,132
פטום,F,131
פקדו,M,131
סוריא,F,131
לי-ים,F,131
אדנה,F,131
ריצ'ארד,M,131
עיפאף,F,131
ג'ורג'ית,F,131
רואנד,F,131
פדריקו,M,131
גטהון,M,131
הינדי,F,131
מרסיה,F,131
ג'ובראן,M,131
מירן,M,131
ירמיה,M,131
נאשד,M,131
יוני,F,131
איעתדאל,F,131
בלטה,M,130
מלבינה,F,130
קנט,M,130
ניוין,F,130
סוף,F,130
מרכוס,M,130
הלינה,F,130
מופלח,M,130
ניצנה,F,130
גמיעה,F,130
מרגריט,F,130
נעמתי,F,130
הדי,F,130
צאברין,F,129
אירוס,F,129
שלמי,M,129
ג'מאלאת,F,129
מולו,M,129
נאהי,M,129
נואל,M,129
זנה,F,129
רוחיה,F,129
אביעזר,M,129
סניה,F,128
וורדה,F,128
לויס,M,128
מתנה,F,128
סילביו,M,128
סופיא,F,128
עדואן,M,128
ליאן,M,128
מגיד,M,128
סימיון,M,128
ח'זנה,F,128
הקטור,M,128
גורגט,F,128
נאדה,F,128
מדי,F,128
איזדהאר,F,127
דאווד,M,127
ערובה,F,127
נוזהה,F,127
קינדא,F,127
סאהרה,F,127
רוסלין,F,127
איזידור,M,127
מולונש,F,127
רוזא,F,127
שושן,M,127
אחווה,F,126
קלודיה,F,126
אילאן,M,126
חסיב,M,126
אודאל,F,126
יאנא,F,126
מאהרה,F,126
רמין,M,126
מקדס,F,126
שיקמה,F,126
ג'סי,F,126
ג'ו,M,126
פרחאת,M,125
דיאר,M,125
סיהם,F,125
יונדב,M,125
מתיתיהו,M,125
מלאא,F,125
צרלס,M,125
נוב,M,125
טקלה,M,125
פח'ריה,F,125
גאלי,M,125
עקל,M,125
נזיר,M,125
אבי,F,125
ג'והנה,F,125
חמדאללה,M,125
מנדי,F,125
ארזה,F,125
ארנסטו,M,125
הענדל,F,125
דידיה,M,125
אוראן,M,125
פרד,M,125
אומה,F,125
רפאיל,M,125
מסודי,F,124
עטקא,F,124
המסה,F,124
הנדל,F,124
לארי,M,124
רוסלנה,F,124
אנפאל,F,124
חייה,F,124
דוראל,F,124
פדיל,M,124
זכאי,M,124
סופה,F,124
סניאל,F,124
אלטא,F,124
דיאר,F,124
נזהה,F,124
אדה,F,124
ויקי,M,124
איבן,M,124
דייב,M,124
סולנג',F,124
שוטה,M,123
חכמת,M,123
וידאד,F,123
אליין,F,123
נוהאד,M,123
חביאר,M,123
רגא,M,123
ג'ייקוב,M,123
חמידה,F,123
עזיה,F,123
קוין,M,123
ניקו,M,123
קרול,M,123
ניקולאס,M,123
קמיליה,F,123
רומיה,F,123
הרצליה,F,123
אלכסה,F,122
מיריי,F,122
טומי,F,122
ג'נין,F,122
חאדר,M,122
גליל,M,122
דובער,M,122
הילרי,F,122
להב,F,122
ערב,M,122
עזת,M,122
פראח,F,122
דבש,F,122
אנדריה,F,122
סארא,F,122
ג'אנא,F,121
מורשד,M,121
גדיאל,M,121
מורגאן,F,121
לירית,F,121
סינתיה,F,121
אסלאן,M,121
דורינה,F,121
מרל,F,121
אסר,M,121
הונידה,F,121
יולנד,F,121
סונה,F,121
מוזיין,F,121
מריל,F,121
יתיר,M,121
רימונד,M,121
פאתינה,F,121
חנינה,F,121
אביחיל,M,121
זרינה,F,120
נבהאן,M,120
מרגנית,F,120
גררד,M,120
ג'אודת,M,120
הילאנה,F,120
לוליטה,F,120
נורברט,M,120
עליסה,F,120
הוגו,M,120
מואדה,F,120
שרח,F,120
שהאד,F,119
מריאנו,M,119
אובי,M,119
ריעות,F,119
אודם,F,119
דוריאן,F,119
שריאל,M,119
נופה,F,119
כרואן,F,119
אשגרה,M,119
יקי,M,119
לינס,F,119
טדלה,M,119
טויבע,F,119
סתוית,F,119
מאל,F,119
בהירה,F,119
עבדאלרחמאן,M,119
איתנה,F,119
פעשא,F,118
סטייסי,F,118
שיפאא,F,118
כותר,F,118
ארכאן,F,118
לחן,F,118
גוליאנה,F,118
איווט,F,118
אלקס,M,118
רמית,F,118
ירמי,M,118
ג'סטין,M,118
גילאן,F,118
ניהאי,F,118
מאלי,F,118
נפיסה,F,118
וסילה,F,118
איסם,M,117
בנאל,M,117
ג'אנית,F,117
ענוד,F,117
זמנה,M,117
טרייסי,F,117
לשם,M,117
נהר,F,117
ג'יי,M,117
דיינה,F,117
שמיל,M,117
יעלת חן,F,117
חרבה,F,117
ספי,F,117
לאפי,M,117
הלליה,F,117
פערי,F,117
מוגס,M,117
טימופיי,M,117
ציפא,F,117
ראיא,F,116
אויס,M,116
ח'טאב,M,116
מיטשל,M,116
עטיא,F,116
ריתאן,F,116
זהריה,F,116
ז'נטה,F,116
שרין,F,116
טספהון,M,116
פביו,M,116
אבישלום,M,115
רנאל,M,115
פביאנה,F,115
פאוזייה,F,115
אבגני,M,115
קמליה,F,115
ריאנה,F,115
אשחר,M,115
מגן,M,115
אור-אל,M,115
פאטימה,F,115
תיקי,F,115
בדרי,M,115
יאירה,F,115
ג'ררד,M,115
חזנה,F,115
ג'וזפין,F,114
ראואן,F,114
סודקי,M,114
תאי,F,114
בליינש,F,114
אליאנא,F,114
תיריז,F,114
קרוליין,F,114
ג'רום,M,114
מקונן,M,114
לידר,M,114
זהרי,F,114
אינתיסאר,F,114
סינורה,F,114
דבורית,F,114
שגיא,F,114
ניקולה,F,114
חנוכה,M,114
סמה,F,114
אודית,F,114
אבבאו,M,114
אסי,F,113
פדרו,M,113
סלמי,F,113
אור אל,F,113
מיטב,M,113
גאזל,F,113
הלין,F,113
ליובה,F,113
דסלין,M,113
ראם,F,113
אדיס,F,113
קרל,M,113
מילן,M,113
תיה,F,112
יוטה,F,112
רוונד,F,112
שניר,F,112
בהג'את,M,112
בסיל,M,112
סנין,F,112
לאור,F,112
מדונה,F,112
אימאר,M,112
איליין,F,112
מלוינה,F,112
רוזלי,F,112
אלמאס,F,112
רתאג,F,112
הנריק,M,111
ארנונה,F,111
אדיק,M,111
שלה,F,111
אוניל,M,111
לוסיאן,M,111
כיפאיה,F,111
ישועה,M,111
אלני,F,111
רחים,M,111
מריאלה,F,111
סלמאן,M,111
נורסאן,F,111
מיסרה,M,111
לאלי,F,111
חמיסה,F,111
ארוין,M,111
צרויה,F,110
גינת,F,110
גלא,F,110
ארווא,F,110
קלקידן,F,110
ווארד,M,110
דובי,M,110
בן-אל,M,110
גמאנה,F,110
בלן,F,110
חייריה,F,110
ג'לילה,F,110
נני,F,110
רג'דה,F,110
אלבר,M,110
סלטאן,M,110
ג'יית,M,110
גלה,F,110
יונינה,F,109
מיראן,M,109
רבי,M,109
גופראן,F,109
בוראן,F,109
אוסאמא,M,109
עומייר,M,109
הני,M,109
לירום,M,109
סיאף,M,109
זייאד,M,109
חלים,M,109
רותאג',F,109
ג'והרה,F,109
רמאס,F,109
חמדת,F,109
ג'יל,F,108
גילדה,F,108
טאיה,F,108
ליהן,F,108
עוביידה,F,108
גולנרה,F,108
אחלס,F,108
דסטאו,M,108
סהא,F,108
רוג'ה,M,108
רנאן,F,108
ויאצסלב,M,108
יהלום,M,108
פיי,F,108
מאטל,F,108
ג'וש,M,108
אילינא,F,108
בברלי,F,108
אוריאל,F,108
שורה,F,108
לבנא,F,108
אוליביה,M,108
מנהל,M,108
ארץ,F,108
בהגת,M,108
לוריין,F,108
מהדיה,F,108
מלחם,M,107
הנדה,F,107
מוהאב,M,107
איילין,M,107
רודיון,M,107
פעסל,F,107
פוראת,F,107
גילברט,M,107
נגלאא,F,107
גאלה,F,107
סבטה,F,107
שלווה,M,107
אמארה,F,107
מתת,F,107
דנא,F,107
אתיה,F,107
אוהב,M,107
רוסטם,M,107
אעתידאל,F,107
סוליקה,F,106
עדל,M,106
הדיר,F,106
זאדה,F,106
יאקוט,F,106
עדאל,F,106
אדליה,F,106
שלווה,F,106
עוזר,M,106
פיליס,F,106
זאידה,F,106
קאיה,F,106
פאיקה,F,106
והבי,M,105
פדייה,F,105
נסיבה,F,105
אטרי,F,105
ברטוקן,F,105
אלקסנדר,M,105
בנצי,M,105
אנקה,F,105
אייאד,M,105
אידו,M,105
רייצא,F,105
סומא,F,105
גוזיף,M,105
עסלה,F,105
לי-ים,M,105
פולין,F,105
מושירה,F,105
פסקל,M,105
אברם,M,105
עווני,M,105
נזי,F,105
דוברת,F,105
קמיל,M,105
סאאדה,F,105
ויולה,F,105
וודה,F,105
מרו,M,105
פיירוז,F,105
תורכיה,F,105
ג'ירייס,M,104
אביי,M,104
ראון,F,104
פבריס,M,104
סטערנא,F,104
מיח'איל,M,104
הולואגר,F,104
פסיקה,F,104
ויטאלי,M,104
צוק,M,104
פאבל,M,104
איליה,F,104
בוראק,M,104
ליחן,F,104
נדיב,M,104
אור-לי,F,104
עבדאלכרים,M,104
נחל,M,104
פלגוש,F,103
ריקל,F,103
מסעודי,F,103
חיסין,F,103
פדווא,F,103
בריהון,M,103
ג'יל,M,103
אתגר,M,103
פלורנסיה,F,103
אור-אל,F,103
פוז,F,103
לי-יה,F,103
רזאל,F,103
דוויט,M,103
חאלדיה,F,103
סילבינה,F,103
סלימן,M,103
אסראר,F,103
ניקי,F,103
ציפה,F,103
נוסיבה,F,103
טיטי,F,103
אבידור,M,103
סאגר,M,103
וורן,M,103
לליאן,F,103
שיח'ה,F,103
דקר,M,103
רוא,F,102
זרי,F,102
מוסיה,F,102
קרי,F,102
איילול,F,102
רכאד,M,102
פרנסיס,F,102
סטיוארט,M,102
קליר,F,102
דאהש,M,102
עינאיה,F,102
יעל,M,102
מייקי,M,102
דאולת,F,102
מודי,M,102
נאל,M,102
אליעז,M,102
אלידור,M,102
סהאד,F,102
רלף,M,102
מצדה,F,102
מירון,F,101
אסל,F,101
גיליה,F,101
נזיהה,F,101
כפאייה,F,101
סוזאנה,F,101
דרורי,M,101
סרה,F,101
בלימה,F,101
אספאו,M,101
וחידה,F,101
קלוד,F,101
שיין,M,101
נסראללה,M,101
אברו,F,101
עינאד,M,101
ג'ראם,F,101
נגואה,F,101
קולין,M,101
זילפה,F,101
תוגאן,F,101
עתניאל,M,101
הדייה,F,101
רמאח,M,100
איסאק,M,100
סבח,F,100
דיאן,M,100
אנג'לו,M,100
ארמון,M,100
שר,F,100
ג'ונא,F,100
מוהדי,M,100
ג'מעה,M,100
סניורה,F,100
אטלה,F,100
וג'ד,M,100
שאנה,F,100
מריאם,F,100
טאי,F,100
אייד,M,100
תאיה,F,100
דראר,M,100
נל,F,100
ניסן,F,100
פלורינה,F,100
עמירן,M,100
חיסן,F,100
ראשל,F,100
מוראן,F,100
מורדי,M,100
סדיקה,F,100
כוכב,M,100
אשרי,M,100
מתאו,M,99
שיין,F,99
אאוס,M,99
מתתיה,M,99
פרחאנה,F,99
עומיר,M,99
גסון,F,99
רדיה,F,99
רונדה,F,99
סלם,M,99
קאידה,F,99
לרי,M,99
עטוה,M,99
זהורית,F,99
לי אל,F,99
אולנה,F,99
יוסף-חיים,M,99
הנדי,F,99
אדינה,F,99
לי-אל,F,99
ניה,F,99
לוקס,M,99
אגרנש,F,99
ג'ומנה,F,99
ליהוא,M,99
מואהב,F,99
רשה,F,98
קלריסה,F,98
מירוסלב,M,98
רונאל,F,98
אוליאנה,F,98
סאיב,M,98
ניקי,M,98
מייטל,F,98
סולטאנה,F,98
בסיה,F,98
קריסטיאן,M,98
זיסי,F,98
באשיר,M,98
ג'רי,M,98
מנסורה,F,98
זלפה,F,98
גזאל,M,98
בנו,M,98
תבארק,F,98
אנזור,M,98
מנאהל,F,98
ליבנה,F,97
ואלרי,F,97
רזי,M,97
זוהור,F,97
ציליה,F,97
בלינדה,F,97
ג'יליאן,F,97
נזמייה,F,97
רחיב,M,97
דילן,F,97
ויטוריו,M,97
סראא,F,97
דעא,F,97
רקייה,F,97
גיריס,M,97
בוסינה,F,97
ברט,M,97
צהיינש,F,97
ראמיה,F,97
באביי,M,97
אליהב,M,96
שהלה,F,96
הדי,M,96
אודיל,F,96
סלואן,F,96
חאג'ה,F,96
חרבי,M,96
הלי,F,96
חוסנייה,F,96
לאנדרו,M,96
שמי,M,96
ג'יימי,F,96
ח'ולה,F,96
ג'ואי,M,96
מקסין,F,96
תובל,F,96
ראי,M,96
אילף,F,96
וג'יהה,F,96
פרנסואז,F,96
גוליט,F,95
סדאם,M,95
אבגניה,F,95
הילין,F,95
חניאל,M,95
נג'לאא,F,95
מוראן,M,95
טויבה,F,95
צביאל,M,95
היווט,F,95
נאגח,M,95
גבור,M,95
מהירה,F,95
פדילה,F,95
רסל,F,95
פלור,F,95
וספי,M,95
שרלין,F,95
וולטר,M,95
תיאודור,M,95
ז'קי,M,95
אלחסן,M,95
מרגרטה,F,95
סולנג,F,95
פווזי,M,95
יעד,M,94
אורייה,F,94
נאווה,F,94
אילינה,F,94
מקוננט,M,94
סינין,F,94
ויטל,M,94
חילוה,F,94
רימי,F,94
רעם,M,94
באשע,F,94
סאמא,F,94
נוריה,F,94
גרמאו,M,94
ביאטה,F,94
ג'וליט,F,94
וסבולוד,M,94
ג'יאנה,F,94
בט,F,94
סראב,F,94
ויולית,F,94
ארמן,M,94
נואר,M,94
נירי,F,94
דניאיל,M,94
מופק,M,94
רפעאת,M,94
חכים,M,94
אבתיהאל,F,94
עאבד,M,94
אלדור,M,93
למיאא,F,93
בסים,M,93
גיאורגי,M,93
רוסה,F,93
צפיה,F,93
צפרה,F,93
אמן,F,93
סונא,F,93
לידיא,F,93
גורי,M,93
בתי,F,93
אורנלה,F,93
נסי,M,93
נאסרה,F,93
ראסיל,F,93
דרבה,M,93
לואן,F,93
עטר,M,93
מועאויה,M,93
מונאיה,F,92
נופיה,F,92
מועמר,M,92
ולדיסלבה,F,92
אירין,F,92
ניגמה,F,92
צדיק,M,92
פאהד,M,92
שהנז,F,92
סלם,F,92
שינה,F,92
ז'ואל,F,92
רוועה,F,92
מנזר,M,92
פלטיאל,M,92
אלין,M,92
סילבה,F,92
שרל,F,92
תדהר,F,92
עילאי,F,92
אלדה,F,92
מהרי,M,92
גולאן,M,92
נטי,F,92
זאודיטו,F,92
מולט,M,92
נאהד,M,92
קנדה,F,92
עמיהוד,M,91
עדאל,M,91
מבורך,M,91
ג'ין,F,91
גון,F,91
קייסר,M,91
גסוב,M,91
רוויטל,F,91
מוג'אהד,M,91
גאק,M,91
קאותר,F,91
שרף,M,91
מיאר,M,91
שבי,M,91
מתוקה,F,91
מטל,F,91
צבא,F,91
רג'ינה,F,91
אנגואץ',F,91
וצ'סלב,M,91
רונד,F,91
בברט,M,91
יצהר,M,91
אשטו,M,91
סבאח,M,91
ראסל,M,91
ויוי,F,91
זעלדא,F,91
איתי,F,91
מתיא,M,91
יהלומה,F,90
יטי,F,90
מיטרה,F,90
סנדר,M,90
ברדלי,M,90
אור-יה,F,90
טיה,F,90
סטבן,M,90
אמית,F,90
ליחי,M,90
ריפעת,M,90
גוזף,M,90
רנים,M,90
נידאל,F,90
אטה,F,90
ג'מלאת,F,90
נאדין,F,90
ויקטורי,F,90
סכר,M,90
פוואז,M,90
עהוד,F,90
טלהון,M,90
ייטב,M,90
ג'ניס,F,90
דלי,F,90
נרגיס,F,90
סי,F,90
מהרט,M,90
שועאע,F,90
אספו,F,90
ולדלן,M,90
אבבו,F,90
תלם,M,89
וירה,F,89
נס,F,89
ארלין,F,89
מאליק,M,89
מרגרית,F,89
מתיל,F,89
מורגן,F,89
רדאד,M,89
חאנן,F,89
דרסו,M,89
אוביי,M,89
קוטי,F,89
שיחה,F,89
בריז'יט,F,89
פריחה,F,89
אשרה,F,89
דיקרה,F,89
ג'אנט,F,89
אולי,M,89
איוון,F,89
מיאס,F,89
כאזם,M,89
נאאלה,F,89
גוואן,F,89
פורת,F,89
חרב,M,89
אלרם,M,89
ג'וליאן,F,89
פרסאן,M,89
נאסיף,M,89
סיסי,F,89
קרן-אור,F,89
עמיצור,M,89
גאבי,M,88
פאניה,F,88
לורית,F,88
פאולו,M,88
רדיר,F,88
מובדא,M,88
הדא,F,88
אנגודאי,F,88
ראות,F,88
גמאלאת,F,88
זושא,M,88
רמונה,F,88
מנואלה,F,88
ניסמה,F,88
אורעד,M,88
נגוסה,M,88
כלב,M,88
זוהרית,F,88
ראגד,F,88
שובאל,M,88
מינדה,F,88
אסכנדר,M,88
אנייש,F,88
אלביר,M,88
רונלי,F,88
ח'יר,F,88
סמרה,F,88
אלק,M,88
מרבי,M,88
תופאחה,F,88
אדיט,F,87
טופז,M,87
אתיר,M,87
הרנן,M,87
לתין,F,87
יאן,F,87
סאדן,M,87
נסטור,M,87
מלך,M,87
מוזין,F,87
מרטינה,F,87
אעתמאד,F,87
לגין,F,87
ח'דיגה,F,87
איאנה,F,87
אלבטינה,F,87
פריידל,F,87
איידה,F,87
אלחנדרה,F,87
סיריל,M,87
סוהד,F,87
טוליפ,F,86
רוזאלין,F,86
דהב,F,86
פוזייה,F,86
חנינא,M,86
בהג'ה,F,86
אורלין,F,86
דגו,M,86
אנג'אם,F,86
הענטשא,F,86
רוסלאן,M,86
תמירה,F,86
כליפה,M,86
חלדון,M,86
מזהר,M,86
מיאה,F,86
לית',M,86
יגין,F,86
עלאם,M,86
גרמי,M,86
יוסיף,M,86
אהליאב,M,86
מרות,F,86
הרש,M,86
חיותה,F,86
איוה,F,86
בת-ציון,F,86
נאסרין,F,86
כריס,M,86
גורג',M,85
נסיר,M,85
סטס,M,85
נילאן,F,85
עימנואל,F,85
דביר,F,85
טופיק,M,85
איוונה,F,85
דסטה,F,85
מרסי,F,85
חידר,M,85
ג'יאנא,F,85
יגל,F,85
שאמס,F,85
סנדוס,F,85
לי שי,F,85
דודי,F,85
טייב,M,85
גנטו,M,85
ברוניסלב,M,85
סמן,M,85
רוגר,M,85
נהילה,F,85
אלדר,F,85
דון,F,85
נעמה,M,85
זמטו,F,85
קדן,F,85
יואנה,F,85
טבע,F,85
כוכי,F,85
תוריא,F,85
ג'ליל,M,84
אסממאו,M,84
אביגאל,F,84
סילאן,F,84
לאונורה,F,84
סטוארט,M,84
חילמי,M,84
מאמיי,F,84
פנטאנש,F,84
קטמה,F,84
רויא,F,84
אדירה,F,84
אסלן,M,84
אליאסף,M,84
ראדא,F,84
גיל-עד,M,84
חוני,M,84
נוחה,F,84
ניבר,F,84
לורט,F,84
תירצה,F,84
ג'רלד,M,84
עמרן,M,84
חיריה,F,84
חסנא,F,84
הייפא,F,84
כוותר,F,84
קורי,M,84
באהר,M,84
קסהון,M,84
רג'ין,F,84
לואיס,F,84
הולי,F,84
מירב,M,84
זהיר,M,84
ניעמה,M,84
מקבולה,F,84
ויטל,F,84
אימי,F,83
קלמנט,M,83
מיאסר,F,83
גומאן,F,83
מקסימיליאן,M,83
שריהן,F,83
מרסיל,M,83
נג'ם,M,83
משכית,F,83
חוי,F,83
נג'דיה,F,83
מג'דלין,F,83
עלייה,F,83
עימנואל,M,83
מוהיב,M,83
בריינדי,F,83
מרלה,F,83
פרימט,F,83
עסאף,M,83
דרג'ה,M,83
אוויס,M,83
זאבי,M,83
האנה,F,83
גורגי,M,83
לוסיל,F,83
נאורס,M,83
ברקאי,M,83
גבריל,M,83
אורגד,M,83
סהרה,F,83
נאהי,F,82
אביקם,M,82
ארד,F,82
ביירות,F,82
אוריון,M,82
מינו,F,82
פידא,M,82
מריים,F,82
אלון,F,82
מוח'לס,M,82
בדרייה,F,82
פלורין,F,82
מיקל,M,82
נארדין,F,82
בירות,F,82
יואש,M,82
הניא,F,82
טימור,F,82
נארין,F,82
טרה,F,82
מאהל,M,82
מרג'אן,F,82
עאיש,M,82
סלביק,M,82
אמית,M,82
אלינא,F,82
יוסור,F,82
קיארה,F,82
תהל,M,82
דמקה,M,82
סוכינה,F,82
מלאך,F,82
גולייט,F,81
נירמין,F,81
נרין,F,81
דעאל,M,81
בהאא,F,81
תריז,F,81
טנא,F,81
חכמאת,M,81
מסרשה,M,81
קרייג,M,81
קליה,F,81
חירייה,F,81
מיאסין,F,81
דאניאל,M,81
אשכול,M,81
עטא,F,81
רועה,M,81
שירל,F,81
אלפונסו,M,81
ימנה,F,81
פדואה,F,81
פלא,F,81
נד'אל,M,81
פהמיה,F,80
נאור,F,80
אנאיס,F,80
כריסטופר,M,80
נאזק,F,80
איראידה,F,80
גלאור,M,80
ליביו,M,80
נחל,F,80
רוי,F,80
אננו,F,80
פיה,F,80
קנאו,M,80
איזיה,M,80
נדי,M,80
קפאיה,F,80
ארסלאן,M,80
אורגואן,F,80
איקבאל,F,80
ילון,M,80
אלבי,M,80
חסון,M,80
אלסיה,F,80
עלית,F,80
לוקא,M,80
אום,F,80
טלמן,M,80
היג'ר,F,80
סטפניה,F,80
כנעאן,M,80
תרין,F,79
לדה,F,79
עורוב,F,79
קאמי,F,79
מחלוף,M,79
גריס,F,79
ח'ייר,M,79
פראדי,F,79
פראדיל,F,79
זאקי,M,79
אסמירה,F,79
יולה,F,79
אריס,F,79
קאזם,M,79
קארול,F,79
ג'ייד,F,79
קסאם,M,79
ריבחי,M,79
כמוס,M,79
אדוורד,M,79
שנון,F,79
דדי,M,79
תקווא,F,79
לטיף,M,79
לליב,F,79
גאל,M,79
גירמאו,M,79
אילאנה,F,79
תיראן,M,79
ראשא,F,78
אסלה,F,78
טריק,F,78
צוהיב,M,78
קתרינה,F,78
ריילי,F,78
אוגניה,F,78
בינת,F,78
גאנית,F,78
תמוז,F,78
חכמת,F,78
אסמרו,F,78
אמטאנס,M,78
בראהים,M,78
קותר,F,78
יהלה,F,78
מוטיע,M,78
ירונה,F,78
אוון,M,78
דסאלין,M,78
צחית,F,78
סטוטאו,M,78
זולטן,M,78
הדס,M,78
נאטלי,F,78
רחמיאל,M,78
צ'קולה,F,78
פטין,M,78
בשרא,F,78
זאהרה,F,78
רזל,F,78
רהב,F,78
עדילה,F,78
נורברטו,M,78
רבין,M,78
איננה,F,78
דינור,F,78
עונג,F,78
מארלין,F,78
סיטוטאו,M,78
סמארה,F,78
קרמל,F,78
וודחה,F,78
אבינדב,M,77
יונאן,M,77
אסרס,F,77
צרי,F,77
אמרי,F,77
אלרון,M,77
שי-יה,F,77
זוהריה,F,77
אדלין,F,77
בוורלי,F,77
סביאטוסלב,M,77
גוהרה,F,77
מוכרם,F,77
סערל,F,77
ריה,F,77
אהרונה,F,77
איליאס,M,77
רושל,F,77
ינטה,F,77
שארל,M,77
יאשיהו,M,77
מונג'ד,M,77
איוואן,M,77
אנרי,M,77
נוף,M,77
גאשאו,M,77
מזיד,M,77
מליקה,F,77
יהוסף,M,77
גיה,F,77
צבחה,F,77
שיפה,F,77
מאיסון,F,77
מדלנה,F,77
פראג',M,77
גלן,M,77
אליאם,M,77
לבן,M,76
טיבריו,M,76
חשן,F,76
אלראי,M,76
ולד,M,76
תרז,F,76
טוב,F,76
גילאור,M,76
שבח,M,76
אלמס,F,76
ג'וזייף,M,76
ברהאן,M,76
רודא,F,76
איטן,M,76
קרימה,F,76
מתקאל,M,76
גרסיה,F,76
מי,F,76
אנדרה,F,76
מסלם,M,76
גריס,M,76
פרננדה,F,76
זנבו,F,76
יאלי,F,75
ליבר,M,75
רבעה,F,75
פטימה,F,75
רנאל,F,75
אמרץ',F,75
נוב,F,75
קנדיס,F,75
רג'ב,M,75
הרשל,M,75
ג'קוב,M,75
נוסייבה,F,75
לומא,F,75
לוקמאן,M,75
איון,M,75
נקדם,F,75
טרי,M,75
ג'ונה,F,75
נגווא,F,75
לי-אור,M,75
מלה,F,75
רוזמרי,F,75
איוט,F,75
הנריך,M,75
מלקאמו,M,75
יקרת,F,75
רנן,F,75
טבע,M,74
אלישר,M,74
איילי,F,74
קיטי,F,74
יחיה,M,74
ג'וליית,F,74
גרישה,M,74
שטרנה,F,74
ילי,F,74
תמנה,F,74
נדרה,F,74
קפאח,F,74
אכאבר,F,74
גוסלין,F,74
נאירה,F,74
תלא,F,74
באדי,M,74
יוניס,M,74
איליאן,F,74
סמהר,F,74
אשכר,F,74
ג'ורג'ינה,F,74
ישר,M,74
ערביה,F,74
אנליה,F,74
סאיל,M,74
אופליה,F,74
אלפרדו,M,74
תקי,M,74
קמרן,M,74
צופנת,F,74
ניקולה,M,74
ברנדון,M,74
נזאם,M,74
ראאפת,M,74
אבתהאג',F,74
איווה,F,74
רהאף,F,74
רוזן,F,73
דידי,M,73
צוריה,M,73
שאדייה,F,73
שמעונה,F,73
רייזיל,F,73
סאלים,M,73
בלאיינש,F,73
תרא,F,73
אליא,M,73
ח'וולה,F,73
נביהא,F,73
רוסיל,F,73
שימעון,M,73
סוסאן,F,73
פישל,M,73
רגאאי,M,73
נתניה,F,73
טיגסט,F,73
שלדון,M,73
ציאלה,F,73
יאמין,M,73
מונעם,M,73
ג'אזי,M,73
פרימה,F,73
אידריס,M,73
ריתה,F,73
לייא,F,73
ראגי,M,73
בריהאן,F,73
לוז,F,73
תנחום,M,73
כפאח,M,73
רוחה,F,73
סטפאני,F,73
ינקו,M,73
ג'מאנה,F,73
אלינורה,F,73
שרלס,M,73
ג'ידאא,F,72
מנאר,M,72
מיכלי,F,72
סעדייה,F,72
פימה,M,72
רוסנה,F,72
גואל,F,72
פיאנה,F,72
אייסם,M,72
ויטו,M,72
מורי,F,72
גואנא,F,72
פעסי,F,72
דלל,F,72
בושמת,F,72
נגב,F,72
גביאנש,F,72
ווסאל,F,72
הרווה,M,72
מאורו,M,72
סיג'וד,F,72
ג'רלדין,F,72
חודייפה,M,72
נידל,M,72
ראפי,M,72
לירוז,F,72
מדיאן,M,72
מולי,M,72
מוסיא,F,72
רוג'יה,M,72
מחמד,M,71
אסמרה,F,71
אלאורי,M,71
מעזוזה,F,71
פרנסואה,M,71
ג'ולייטה,F,71
כיואן,M,71
פתחיה,M,71
אללין,M,71
טורי,F,71
ג'ורדנה,F,71
טורפה,F,71
נעאם,F,71
מקה,F,71
אריא,F,71
ג'אקלין,F,71
סנאית,F,71
ונדה,F,71
יסרא,F,71
ראהף,F,71
אדי,F,71
אימבר,F,71
נמיר,M,71
העני,F,71
עינן,M,71
ג'אלב,M,71
עזי,M,71
מארינה,F,71
יודפת,F,71
נורמאן,F,71
דונלד,M,71
פליפה,M,71
חלף,M,71
לו,F,71
מארין,F,71
רושדיה,F,71
וורטאו,M,71
בסימה,F,71
אסמר,M,71
נטאליה,F,71
אשרקת,F,70
ננולי,F,70
אשרית,F,70
תמאדר,F,70
טייבה,F,70
שיאון,M,70
שבי,F,70
שחרית,F,70
נלסון,M,70
צרלי,M,70
פטרו,M,70
לביא,F,70
אגת,F,70
אלבה,F,70
מטאנס,M,70
נהיד,F,70
שמחוני,M,70
כלילה,F,70
ענדליב,F,70
יורה,M,70
הידאיה,F,70
יורן,M,70
לוג'אין,F,70
ניסל,F,70
חיימה,M,70
גברה,M,70
הנה,F,70
דוידה,F,70
רוביר,M,70
ודיאן,F,70
מברטו,M,70
רזיה,F,70
נרג'יס,F,70
ג'אן,F,70
איזאר,M,70
נאג'ח,M,70
אנתוני,M,70
קרם,M,70
זהאנה,F,70
לסלו,M,70
טאריק,M,70
רפעה,F,70
וירג'יני,F,69
תורכי,M,69
ונדי,F,69
תריא,F,69
ג'יימי,M,69
נועמי,F,69
נוהר,M,69
נישאן,M,69
ריצארד,M,69
יון,M,69
רייצל,F,69
הדרי,F,69
ארנית,F,69
גוזפין,F,69
ג'וי,M,69
ברקאת,M,69
אלנור,M,69
דאלין,F,69
מאיסא,F,69
ברנו,F,69
מאלאק,F,69
טירנה,F,69
נסיף,M,69
מלחז,M,69
האבטאם,F,69
טאלה,F,69
מיקול,F,69
קנז,F,69
קסאו,M,69
אספירה,F,69
תאה,F,69
טלין,F,69
ארון,M,69
ראיאן,M,69
כארמן,F,69
צבר,M,69
נהיה,F,69
ליבנה,M,69
הית'ם,M,69
אסטבן,M,69
רנדי,F,69
הירש,M,69
צהיי,F,69
ליעם,F,69
רומה,F,69
ראווי,M,69
פכרי,M,69
ישיוורק,F,69
אייבי,F,69
חיתם,F,69
סח'ר,M,68
גויס,F,68
לוריא,F,68
סבח,M,68
נעכא,F,68
רויאל,F,68
צ'ארלס,M,68
מנגיסטו,M,68
טקלה,F,68
מארו,M,68
איזה,F,68
אנדראוס,M,68
מאילי,F,68
קלודט,F,68
בונים,M,68
זבידה,F,68
שהין,M,68
ליו,F,68
שבל,M,68
סילואן,F,68
חאתמה,F,68
אקסל,M,68
רמזייה,F,68
הושע,M,68
בריינה,F,68
פגי,F,68
חילוד,F,68
מונאי,F,68
מריטו,F,68
רנאא,F,68
פאולין,F,68
דובב,M,68
קארים,M,68
באשא,F,68
אשחר,F,68
קייטי,F,68
עזה,F,67
נובה,F,67
טויבי,F,67
אזדיהאר,F,67
אולי,F,67
שלי,M,67
נג'יבה,F,67
סלחה,F,67
פייגע,F,67
שראל,F,67
האדיל,F,67
ויג'דאן,F,67
לואה,F,67
ריאל,M,67
גביינש,F,67
מוחלס,M,67
ניבל,F,67
תומי,F,67
אסיד,M,67
היוט,F,67
לואיסה,F,67
סיניאל,F,67
פוריה,F,67
ליענה,F,67
מייסלון,F,67
אינור,F,67
אוהב,F,67
הוורד,M,67
רוואד,M,67
גקי,M,67
נגייה,F,67
יוג'ין,M,67
רייאן,F,67
ג'יסון,M,67
ממיט,F,67
ראין,M,67
תאו,M,67
קארמן,F,67
פיקדו,M,67
גוטא,F,67
תוקה,F,67
ענאת,F,67
רמז,M,67
גלאור,F,66
פאיד,M,66
גרייס,M,66
היימן,M,66
שונמית,F,66
הנרייט,F,66
קנת,M,66
יהלומית,F,66
מפלח,M,66
סמוד,F,66
שמש,F,66
עתיר,M,66
גרשום,M,66
מותנא,M,66
טנה,F,66
סלי,M,66
מושיק,M,66
מצטפא,M,66
טיבור,M,66
ריסה,F,66
אירקלי,M,66
אייבי,M,66
מגדלין,F,66
סאמרה,F,66
פדווה,F,66
אנייס,F,66
נארימן,F,66
לסלי,M,66
דנייל,M,66
וורקנך,M,66
זינדין,M,66
פיונה,F,66
קאוסר,F,66
אבגיל,F,66
גלנה,F,66
מייסם,M,66
עזייה,F,66
מנוור,F,66
חרביה,F,66
כחל,F,66
ג'בל,M,66
מדיין,M,66
פחריה,F,65
חלווה,F,65
רינתיה,F,65
רומא,F,65
מוריץ,M,65
ארול,M,65
זהידה,F,65
נגסט,F,65
עוטרה,F,65
ברניס,F,65
מאג'די,M,65
איליאנה,F,65
אנדריו,M,65
רולין,F,65
ווביט,F,65
רוויה,F,65
טראד,M,65
ראוויה,F,65
ג'ייק,M,65
אסנקו,F,65
דורגאם,M,65
ישי,F,65
גאנא,F,65
אנוש,M,65
וג'יהא,F,65
לוטפייה,F,65
טשארנא,F,65
היסם,M,65
רוחלה,F,65
אדיטה,F,65
בהג'ת,M,65
אליס,M,65
לי-שי,M,65
נוארה,F,65
שהד,M,65
אמואג',F,64
כנדה,F,64
קרן,M,64
מאיי,F,64
ברקה,F,64
ורברה,F,64
אדיר,F,64
עומרית,F,64
ג'ויה,F,64
טטינה,F,64
ופיה,F,64
דלה,F,64
שמר,M,64
אנדי,F,64
הרברט,M,64
ירושה,F,64
עיידה,F,64
סמסון,M,64
לאמאר,F,64
נטף,F,64
מל,F,64
נועמאן,M,64
דואה,F,64
סלח,M,64
אלאור,F,64
מועז,M,64
מלנה,F,64
מאריטו,F,64
דגיטו,F,64
פלביה,F,64
רומה,M,64
מהנז,F,64
ישארג,F,64
אולפאת,F,64
מיקאל,M,64
אימבט,F,64
אשלי,M,64
בלימי,F,63
אושריאל,M,63
חוליאן,M,63
שאן,M,63
טאדילה,F,63
מרם,F,63
אורייאן,F,63
נחה,F,63
בר-אל,M,63
בר אל,M,63
יאמאן,M,63
מוזנה,F,63
שוני,M,63
יבגניי,M,63
מרגוט,F,63
ירושלים,F,63
ג'אנת,F,63
סימו,M,63
גיית',M,63
יוהאן,M,63
יוהד,M,63
אלמנך,M,63
חמי,M,63
ג'ונס,M,63
זינאב,F,63
דאן,M,63
סאקר,M,63
ליאונה,F,63
בוריסלב,M,63
קותיבה,M,63
חלאס,F,62
הייאם,F,62
מונאיא,F,62
יאלי,M,62
אזמרה,F,62
תיאם,M,62
גאקלין,F,62
מולהם,M,62
מריטה,F,62
ברוג',F,62
זאכי,M,62
סבלי,M,62
נופל,M,62
אוסאף,F,62
ג'מל,M,62
מישי,M,62
סהראב,F,62
בראל,F,62
איזיס,F,62
ברהן,M,62
נסם,F,62
נצנת,F,62
רוס,M,62
אניק,F,62
אדיס,M,62
סחר,M,62
בירן,M,62
טרויה,F,62
איבגני,M,62
לינט,F,62
אלטייב,M,62
בללה,F,62
בלטו,F,62
פטרישיה,F,62
מוראל,M,62
לוסיאן,F,62
רולן,M,62
פג'ר,M,62
שארלי,M,62
טנא,M,62
מתעב,M,62
נאדי,M,62
אלטה,F,62
רודריגו,M,62
נואית,F,62
טיימורז,M,62
גן,M,62
מאדלין,F,62
לאונל,M,62
גאדיר,F,62
קארולין,F,62
גת,F,62
רבקי,F,62
ווגדאן,F,62
סאוסאן,F,62
אליעם,M,62
מאוריציו,M,61
נסראת,M,61
לאונור,F,61
אנג'ל,M,61
יובב,M,61
שהין,F,61
עבדלרחמן,M,61
ארווין,M,61
אגנטה,F,61
גפנית,F,61
תלג'ה,F,61
אניל,F,61
אניס,F,61
אנטואנט,F,61
נג'ואה,F,61
שימחה,F,61
ג'וויל,F,61
רגיד,M,61
לירוי,F,61
סאשה,F,61
פיצל,M,61
קיפאח,F,61
מיראי,F,61
אסתל,F,61
אדים,F,61
גאית',M,61
לויזה,F,61
גטצ'או,M,61
מרית,F,61
טירו,F,61
רמא,F,61
אומר,M,61
צלה,F,61
פרדאוס,F,61
טספה,M,61
אסטר,F,61
סעאדה,M,61
מעאז,M,61
מסרט,M,61
לואאי,M,61
כאתרין,F,61
אליעוז,M,61
טועמה,M,61
גידו,M,61
לאורנס,M,60
עמיה,F,60
הרווי,M,60
חסנאא,F,60
דדה,M,60
קאדר,F,60
מאירי,M,60
סאמח,F,60
פהדה,F,60
גורגית,F,60
גולין,F,60
רוסילה,F,60
ונרה,F,60
פניאל,M,60
אייבק,M,60
אנאנה,F,60
יאשה,M,60
מגדלנה,F,60
ג'אסם,M,60
טלמור,F,60
חתונה,F,60
סומאיה,F,60
רודין,F,60
אסאיל,F,60
נתליה,F,60
פרנוס,F,60
טשומה,M,60
חי,F,60
ג'רר,M,60
טאה,M,60
פלינה,F,60
לוק,M,60
מטויי,M,60
צלילה,F,60
אסעיד,M,60
רצון,M,60
צאבר,M,60
נוראל,F,60
מושיקו,M,60
דסש,F,60
מימנה,F,60
רלה,F,60
בבר,M,60
אתאל,F,60
טגבו,M,60
חיכמת,M,60
סידני,F,60
חלאד,M,60
סיאל,M,60
אגנסה,F,60
אושיק,M,60
ניסו,M,60
צהלי,F,60
גדית,F,60
ראפאת,M,60
כרימאן,F,60
ראליה,F,60
ראנא,F,60
מנת,F,60
אליף,M,59
רחמן,M,59
ולדי,M,59
זמנאי,F,59
מאהא,F,59
אלנרה,F,59
ברנה,F,59
עבודי,M,59
איבי,F,59
אלדנה,F,59
ראאף,M,59
שדאד,M,59
יאסו,M,59
מויסס,M,59
מוטלק,M,59
רובר,M,59
עבדאלעזיז,M,59
אדגרדו,M,59
רוקסן,F,59
מונתצר,M,59
טוד,M,59
להבה,F,59
פירחה,F,59
זוסלין,F,59
עמל,F,59
טרו,F,59
בילהה,F,59
אטואל,F,59
שחם,M,59
אסמהן,F,59
אשגרו,F,59
ליאונרד,M,59
אבתהאג,F,59
אחי,M,59
לי-און,M,59
ניאו,M,59
אנגליקה,F,59
אדוניה,M,59
כארולין,F,59
עדנן,M,59
שהרם,M,59
אלקן,M,59
אורחן,M,59
נייל,F,59
בהרם,M,59
אסתרה,F,59
רוזאנה,F,59
אור-חיים,M,59
גביאו,M,59
אליו,M,59
נסים,F,59
ארטם,M,59
ניתן,M,59
ולדמיר,M,59
אלנית,F,58
אלבראא,M,58
עבוד,M,58
אבישר,M,58
ראזל,F,58
רוזלינד,F,58
אנדלוס,F,58
קרני,M,58
אל-חי,M,58
נואה,F,58
רופאן,F,58
דותן,F,58
אומיד,M,58
נאלה,F,58
מוהנאד,M,58
מבל,F,58
דגן,F,58
מובין,M,58
סאג'א,F,58
קנו,F,58
כינדה,F,58
דאני,M,58
ארזו,F,58
עדיר,F,58
זמנו,M,58
אליקה,F,58
פריהאן,F,58
עינא,F,58
חוזה,M,58
צאדק,M,58
גלאל,M,58
דינרה,F,58
אינתיסר,F,58
נפין,F,58
מרקיאל,M,58
סנטיאגו,M,58
מחסן,M,58
גנין,F,58
אילור,M,58
שגב,F,58
יטאייש,F,58
רוזינה,F,58
טובא,F,58
קרלי,F,58
מייסרה,M,58
כרמה,F,58
נדר,M,58
סרור,M,57
מיכלא,F,57
יראל,M,57
קטלינה,F,57
בלימא,F,57
נתנאל,F,57
דורותי,F,57
רופידה,F,57
סנה,F,57
נילה,F,57
עיאשה,F,57
דואא,F,57
סנאן,M,57
ג'ודי,M,57
סאפיה,F,57
נג'ד,M,57
פיקאדו,M,57
ז'אנטה,F,57
רימאא,F,57
בהיג',M,57
חאלא,F,57
זעילה,F,57
טעמא,F,57
אמיליו,M,57
זאודו,M,57
סיגוד,F,57
זולי,F,57
ג'וליאנא,F,57
כורש,M,57
אורטל,M,57
שפי,F,57
טאובה,F,57
אשוואק,F,57
לאנא,F,57
מרתא,F,57
סיליאן,F,57
לאריסה,F,57
כינדא,F,57
אירדה,F,57
גודת,M,57
טרפה,M,57
רן,F,57
פורים,F,57
יקות,F,57
אליאל,F,57
מרנה,F,57
קלואה,F,57
שארבל,M,57
לורל,F,57
בת אור,F,57
איכראם,F,57
אורפז,M,57
נסה,F,57
ברל,M,57
מייטא,F,57
פנטה,M,57
אברר,F,57
סלינא,F,57
אלאה,F,57
אינאל,M,57
קפאלה,M,56
האבטאמו,M,56
סאנדרא,F,56
רוז'ה,M,56
טומש,M,56
ארנו,M,56
לוטוף,M,56
יוספינה,F,56
פנדי,M,56
מיאור,F,56
אוסמן,M,56
שאפע,M,56
ווחיד,M,56
איאנא,F,56
סרוה,F,56
רומיו,M,56
יבה,F,56
סנדה,F,56
קאטי,F,56
אור חן,F,56
אמראת,F,56
קסנדרה,F,56
אסנקאו,M,56
טיפני,F,56
אנהר,F,56
אטיה,F,56
עציון,M,56
סינאן,M,56
ספואת,M,56
נורדין,M,56
תאר,M,56
קזאיה,F,56
גומנה,F,56
חבייר,M,56
חסד,M,56
נאוית,F,56
נאהיה,F,56
אמימה,F,56
מחפוז,M,56
פאעור,M,56
גיולנרה,F,56
ז'ולי,F,56
ארנן,M,56
עתאב,F,56
אביאלה,F,56
אסמאה,F,56
בלנקה,F,56
מלאקו,M,56
מקסימיליאנו,M,56
ביברס,M,56
אפראח,F,56
אדווין,M,56
עתר,F,55
רנטו,M,55
חיאה,F,55
מונייה,F,55
ג'וזיאן,F,55
לילאן,F,55
בוסיינה,F,55
תליה,F,55
יערי,F,55
וורה,F,55
פריח,M,55
למרה,F,55
ראבחה,F,55
ישמבל,M,55
מג'דה,F,55
מגאהד,M,55
רונק,F,55
גרציאלה,F,55
סאסי,M,55
אלכסיה,F,55
אוראלי,F,55
אלסנדרה,F,55
גורגיה,F,55
וסמיה,F,55
פלד,M,55
קסנש,F,55
ג'אוהרה,F,55
צובחי,M,55
רנט,M,55
טוביאס,M,55
מירוסלבה,F,55
זוריק,M,55
גוואהר,F,55
כלוד,F,55
לידי,F,55
ינקל,M,55
אנריקו,M,55
מוסה,M,55
ראג'ב,M,55
יטה,F,55
רודין,M,55
מלקם,F,55
ביילי,F,55
הג'ר,F,55
סדרה,F,55
ע'נא,F,55
מרדושי,M,55
תו,F,55
היסאם,M,55
ראגח,M,55
איילי,M,55
ג'וסף,M,55
אבתיהאג',F,55
בירהנו,M,55
אסאל,F,55
מוצעב,M,55
עאזם,M,55
אלוני,M,55
באסימה,F,55
וינסנט,M,55
יוטל,F,55
וסיליסה,F,55
סומוד,F,55
שאדיא,F,55
סועד,F,55
סוראיה,F,55
כריסתיאן,M,54
כרסתין,F,54
מנואל,F,54
מנוא,F,54
נאהידה,F,54
נילאי,F,54
וורקיה,F,54
איילן,F,54
זונדל,M,54
ג'יהד,M,54
אזקיאל,M,54
זהראן,M,54
טרב,F,54
לוטוס,F,54
אלידע,M,54
בגדאד,F,54
ח'ייר,F,54
עטיה,F,54
אבל,M,54
מוטיעה,F,54
דובה,F,54
קוה,M,54
וורקה,M,54
מינא,M,54
פגר,M,54
פג'ר,F,54
דרגאם,M,54
היליי,M,54
מולאט,M,54
אסנקה,F,54
ניגון,M,54
מי-טל,F,54
רנאן,M,54
אומאמה,F,54
פרנקו,M,54
ניצנית,F,54
מיילו,M,54
מזלי,F,54
נטיה,F,54
ליאוני,F,54
טילה,F,54
אדאל,F,54
יינון,M,54
מכה,F,54
רינאס,F,54
ענב,M,54
סולל,M,54
ליל,F,54
בלאי,M,54
אטרסאו,M,54
ויקה,F,54
מהבאו,M,54
טאריק,F,54
טגואדה,F,54
עאצם,M,54
עוזיה,M,54
יוליוס,M,54
נוין,F,54
ג'אניית,F,54
תרנים,F,54
אלעי,M,53
סאנדרה,F,53
מקואננט,M,53
עיתאב,F,53
אוליבייה,M,53
מהיוב,M,53
רובינה,F,53
ג'אזל,F,53
גבע,F,53
דלין,F,53
שבא,F,53
אליונורה,F,53
סקאי,F,53
סנדו,F,53
קמל,M,53
נשמה,F,53
מוקט,M,53
גאודת,M,53
טיבא,F,53
מורית,F,53
סייל,F,53
ריו,F,53
אורם,M,53
מלקאם,F,53
ז'אנט,F,53
יוחי,M,53
צברי,M,53
עדייה,F,53
ג'ואי,F,53
הדה,F,53
בונם,M,53
גיאנה,F,53
שדה,M,53
גרש,M,53
אזמראו,M,53
אנגל,F,53
קלונימוס,M,53
אחסאן,M,53
נראם,F,53
שיבלי,M,53
אביחיל,F,53
אווי,F,53
נזימה,F,53
פלורית,F,53
אלקיים,M,53
חיננית,F,53
מקדאד,M,53
יעגוב,M,53
חביבאללה,M,53
מוניף,M,53
רגאד,F,53
הדאיא,F,53
לאיו,M,53
הנדיה,F,53
מילאנא,F,52
אילון,F,52
שמריה,M,52
גאדי,M,52
מריקה,F,52
טני,F,52
רודינא,F,52
טספאי,M,52
ברכיה,M,52
מאינה,F,52
אסייה,F,52
בירקה,F,52
קאתרין,F,52
חיידר,M,52
איליף,F,52
כתרין,F,52
ראן,M,52
מסבאח,M,52
סט,M,52
כנאנה,F,52
פיחא,F,52
נסאים,F,52
ארין,M,52
מוסי,M,52
קארלוס,M,52
גניס,F,52
עפת,F,52
זזה,M,52
שפרינצה,F,52
ראונד,F,52
סריה,F,52
אסתריה,F,52
מטיו,M,52
דמיר,M,52
שחק,F,52
אליאנור,F,52
צלח,M,52
גטאצ'או,M,52
שריאל,F,52
מילאדה,F,52
פרלי,F,52
טשגר,M,52
חיראא,F,52
ווג'דאן,F,52
תדלה,F,52
רדוואן,M,52
אברש,F,52
בורוג',F,52
הילדא,F,52
לוזיאן,F,52
ז'וסלין,F,52
ישרג,F,52
רייא,F,52
שולם,M,52
קוציי,M,52
מארה,F,52
ארגיטו,F,52
ברנט,M,52
נג'אם,F,52
ואלרי,M,52
אבוסנט,F,52
מאייס,F,52
ממו,M,52
יולין,F,52
הואידה,F,51
אנדלאו,M,51
ולאד,M,51
מנדפרו,M,51
גורדון,M,51
אלמוגית,F,51
רואי,F,51
נג'ווה,F,51
אנג'וד,F,51
מדללה,F,51
סאשה,M,51
רגין,F,51
פלקה,M,51
בסנת,F,51
ווטן,F,51
ריטאג',F,51
יאסמינא,F,51
קארה,F,51
עייד,M,51
מוכתאר,M,51
זיגמונד,M,51
טאדסה,M,51
ג'ולית,F,51
טרפה,F,51
אייזק,M,51
רודאינה,F,51
חבסה,F,51
הנריאטה,F,51
נורן,F,51
טלאל,F,51
ליאון,F,51
פאולט,F,51
שיריי,F,51
מייגן,F,51
אנהאל,F,51
רמאדן,M,51
ג'קי,F,51
שילב,F,51
רזין,M,51
סוהל,M,51
בהרוז,M,51
רשדי,M,51
סוזט,F,51
לויה,F,51
שיינע,F,51
סטיין,M,51
לואא,M,51
עסמת,M,51
חכמאת,F,51
מיתה,F,51
ניסאן,M,51
עדילי,F,51
וליאם,M,51
דאלל,F,50
אבג'ה,M,50
טללית,F,50
ליאונרדו,M,50
מרשה,M,50
זמר,M,50
סורינה,F,50
בטסי,F,50
מאגי,F,50
טל-אור,F,50
גזאיה,F,50
פריזה,F,50
לי-היא,F,50
רנת,F,50
אלמועתסם,M,50
ארקן,F,50
כיתי,F,50
תות,F,50
אזאד,M,50
נבון,M,50
אימאם,M,50
צפי,F,50
מוחסנה,F,50
רובל,M,50
חאלדה,F,50
איתיה,F,50
שגאו,M,50
טג'ה,F,50
טשרנא,F,50
פטל,F,50
מינאלו,F,50
אטנש,F,50
קסיה,F,50
מולועלם,M,50
תהני,F,50
אנר,M,50
קמלה,F,50
קוסטה,M,50
נואה,M,50
איבגניה,F,50
פתחאללה,M,50
איבונה,F,50
ארגמן,M,50
פטרה,F,50
עאקף,M,50
גובראן,M,50
אדולפו,M,50
חבר,M,50
גיננדל,F,50
איזל,M,50
אנטואנית,F,50
ואפה,F,50
מפל,F,50
פרידי,F,50
שאשה,F,50
רוסודן,F,50
מאשא,F,50
טאליה,F,50
אניקה,F,50
הוברט,M,50
מנשיר,M,50
סורא,F,50
מנתאללה,F,50
נאפזה,F,50
עליז,F,50
דומיאנה,F,50
אוראן,F,49
ווסיהון,M,49
רויאל,M,49
מרצל,M,49
עבריה,F,49
מוייסר,F,49
מיראג',F,49
עיברי,M,49
ארמיאס,M,49
סיביל,F,49
קתי,F,49
פטריס,M,49
מורל,M,49
פאריס,M,49
חשמה,F,49
האניה,F,49
אמארה,M,49
ג'ן,M,49
מורשה,F,49
מייאס,M,49
מייאדה,F,49
מידן,F,49
שמרי,M,49
תמילה,F,49
פרג'י,M,49
סדיק,M,49
ליאו,F,49
קריינדל,F,49
רודני,M,49
שאוכת,M,49
תאנה,F,49
בת-עמי,F,49
פאסיקה,F,49
אנסאר,F,49
סני,M,49
רינאת,F,49
סכינה,F,49
הרמינה,F,49
בקלה,M,49
שולי,M,49
סטיפן,M,49
איבק,M,49
איבטה,F,49
שדיה,F,49
תו,M,49
ג'ורג'יה,F,49
גילרמו,M,49
דרסה,M,49
אזנאו,M,49
סלה,F,49
מלינדה,F,49
ינית,F,49
ג'די,M,49
ג'רד,M,49
אמאם,M,49
חוסין,F,49
ע'זל,F,49
אמסלו,M,49
עאיידה,F,49
גרלד,M,49
רודיאון,M,49
וובט,M,49
מגן,F,49
מילטון,M,49
ג'נית,F,48
זוהא,F,48
בורליאנט,F,48
מלניה,F,48
אוסאם,M,48
גוהינה,F,48
אברום,M,48
אדרה,F,48
רעד,F,48
גלה,M,48
אלחן,M,48
ולטר,M,48
פתיה,F,48
פארי,F,48
טמז,M,48
סברה,F,48
שפרינצא,F,48
כיפאח,M,48
ג'מס,M,48
דאן,F,48
טילי,F,48
פלורין,M,48
מריסול,F,48
בהיגה,F,48
אפתכאר,F,48
אמראל,F,48
פליציה,F,48
אסרה,F,48
קייל,M,48
נג'אח,M,48
רודא,M,48
ינאי,F,48
נעמית,F,48
וולדימיר,M,48
עמישב,M,48
עונג,M,48
יהוא,M,48
נצנט,F,48
שמעה,F,48
ליים,F,48
נינו,M,48
פריסילה,F,48
סיביה,F,48
שאם,M,48
פרדריך,M,48
גרג,M,48
עוז,F,48
נאנה,F,48
מירברי,F,48
דרה,F,48
חירי,M,48
חאבס,M,48
עטליה,F,48
ריחב,F,48
מנהאל,M,48
גוצ'ה,M,48
חסינה,F,47
יוטי,F,47
נדוא,F,47
נאפע,M,47
רופינה,F,47
חנינה,M,47
זלקה,M,47
ביוש,F,47
תמם,F,47
ראל,M,47
ז'אן,F,47
גברי,M,47
עטיאת,F,47
אתר,F,47
מהדייה,F,47
חכמה,F,47
רוניאל,M,47
ריבאל,M,47
מוניפה,F,47
סרקעלם,F,47
חאפד,M,47
תאיסיר,M,47
ראתיל,F,47
קולין,F,47
גננדל,F,47
שיראז,F,47
ואטן,F,47
אליהוא,M,47
מיסגנאו,M,47
עוואטף,F,47
ג'וליאט,F,47
מירנדה,F,47
חיכמת,F,47
מואמין,M,47
מודה,F,47
אמאר,F,47
פרדה,M,47
קאהר,M,47
הנדא,F,47
טנגיז,M,47
סבע,M,47
אבאי,M,47
נסי,F,47
אוסם,M,47
רווא,F,47
ראנים,F,47
כוכבא,F,47
סיינה,F,47
ריזא,F,47
נשוא,F,47
חוף,M,47
אג'וד,M,47
דוגלס,M,47
קול,M,47
אוצר,F,47
תיימה,F,47
כאתיא,F,47
ריילי,M,47
קאסאו,M,47
טרונש,F,47
מליק,M,47
אמון,F,47
ברקו,M,47
אורלב,M,47
דאבא,F,47
אלבי,F,47
בטיה,F,47
נג'ד,F,47
קלארה,F,47
ריתל,F,47
סטפאן,M,47
אסרף,M,47
מריאטה,F,47
הראלה,F,46
גידאא,M,46
ז'ניה,F,46
אלצ'ין,M,46
חארת,M,46
מיליסה,F,46
באוקט,M,46
פירס,M,46
מדליין,F,46
צרנה,F,46
כנדא,F,46
מניר,M,46
סדריק,M,46
מנתהא,F,46
תאג,F,46
יאפה,F,46
מהין,F,46
סאפא,F,46
רייה,F,46
גריק,M,46
וידל,M,46
סיבל,F,46
גיליאן,F,46
הילטון,M,46
סביטלנה,F,46
ישעלם,F,46
הוארד,M,46
כפיר,F,46
כנען,M,46
והאב,M,46
אגרה,F,46
ווסן,F,46
רימאל,F,46
לאקץ',F,46
מעאויה,M,46
מעדי,M,46
מסלח,M,46
מאניסא,F,46
אמג'אד,M,46
מושיר,M,46
אשטה,M,46
נהור,M,46
שייקה,M,46
לי שי,M,46
ויטליה,F,46
טאודור,M,46
ג'אודאת,M,46
טיילור,F,46
דרן,M,46
טרנגו,F,46
עודי,M,46
דנילה,M,46
גאות,F,46
אנטונלה,F,46
אומייה,F,46
שנל,F,46
רגאי,M,46
ג'וייס,F,46
באיוש,F,46
אדיל,M,46
נווין,F,46
יאלנה,F,46
צפרא,F,46
אנאנו,F,46
עיאש,M,46
שריג,M,46
תומא,M,46
פליסיה,F,46
חוסון,F,46
גטה,M,46
אלדו,M,46
אמי,M,46
פרנסוא,M,46
סילביאן,F,46
אשראף,M,46
מריז,F,46
מוודה,F,45
מנואר,F,45
דארן,M,45
ראמזי,M,45
אבייתר,M,45
גוסאי,M,45
עסאן,M,45
יזבעלם,F,45
תנאא,F,45
סוכיינה,F,45
סבה,F,45
נאיי,F,45
אבבץ',F,45
נדייה,F,45
חיבה,F,45
מילקה,F,45
פירנוס,F,45
טדלו,M,45
טדילה,F,45
סולימן,M,45
דורלי,F,45
ת'אאר,M,45
גביה,F,45
לימא,F,45
דויא,F,45
עסמת,F,45
גידעון,M,45
גנריאטה,F,45
עלם,F,45
יכט,F,45
מלוין,M,45
מלוק,F,45
דוינה,F,45
טאופיק,M,45
אנוק,F,45
פלגו,F,45
שלה,M,45
מורג,M,45
נגבה,F,45
יננש,F,45
נתאל,F,45
עלאדין,M,45
לוני,M,45
פליסה,F,45
דניאלי,F,45
ריאל,F,45
נרקיס,M,45
עוקבה,M,45
טאלין,F,45
אלכסנדר,F,45
דג'ן,M,45
שרונית,F,45
יוהנס,M,45
ברינה,F,45
ארקן,M,45
אסטריד,F,45
סהילה,F,45
סו,F,45
הבטו,M,45
טאבא,F,45
ודאח,M,45
לאני,F,45
נזים,M,45
ועד,M,45
פיגי,F,45
מאגדי,M,45
רונא,F,45
טסה,F,45
אמיי,F,45
חוליה,F,45
רעואל,M,45
ארמנדו,M,45
סמאי,M,45
מחרוס,M,45
מחלה,F,45
דים,F,45
דיף,M,45
וילמה,F,45
תשרין,F,44
ריסאל,F,44
גוזלאן,F,44
לריאן,F,44
ברקת,M,44
מאלכה,F,44
נגיסט,F,44
חוליאטה,F,44
ברינדל,F,44
רדיון,M,44
לאיא,F,44
רוסתום,M,44
אשגן,F,44
ארגאו,M,44
סמח,F,44
מארסיל,M,44
הבטאם,F,44
רוחייה,F,44
אלסי,F,44
גטנך,M,44
לי-אם,F,44
דמוז,M,44
זהרייה,F,44
אביגאיל,F,44
מלכי,M,44
מליכה,F,44
אשל,F,44
חליפה,M,44
מדחאת,M,44
טגניה,M,44
נהרי,F,44
טד,M,44
איטי,F,44
דריוש,M,44
תינא,F,44
זאקרי,M,44
אברהם-אבי,M,44
ג'יהן,F,44
אמבת,F,44
סלבי,F,44
איסיי,M,44
מיראם,F,44
סנז'נה,F,44
איאם,F,44
סיפרו,F,44
אפי,F,44
יכין,M,44
ג'ולנאר,F,44
אטקלט,F,44
נאל,F,44
סת,M,44
עאאישה,F,44
דסי,F,44
הילור,F,44
גאן,F,44
סיסיליה,F,44
דוריאל,F,44
הינדיה,F,44
ג'ידא,F,44
ג'ורדן,F,44
הנוק,M,44
זאבה,F,44
סיטאר,F,44
טיילר,M,44
בכיתה,F,44
יקרה,F,44
פחרייה,F,44
רמיל,M,44
נורהן,F,44
עזל,F,44
לורטה,F,44
שבלי,M,44
גאוהרה,F,44
יקין,M,44
חפסה,F,44
פינה,F,44
נדג'דה,F,44
אנדועלם,M,44
וואפה,F,44
ראלף,M,44
קריסטל,F,44
ערפאן,M,43
ג'לא,F,43
יסאר,M,43
גורם,M,43
גורן,M,43
ינגוסה,F,43
ין,M,43
רסים,M,43
זמורוד,F,43
נדירה,F,43
מלק,F,43
סחאר,F,43
היאב,M,43
לאוני,F,43
טאדלה,M,43
בתלחם,F,43
בריין,M,43
אודריי,F,43
מלקולם,M,43
נאדא,F,43
מאריתא,F,43
אנזו,M,43
ורדינה,F,43
עצמונה,F,43
אלנה,M,43
סעדו,M,43
ג'ימס,M,43
ג'אית,M,43
עיצאם,M,43
ניעמאת,F,43
ואהיב,M,43
אתיאל,M,43
אקה,F,43
ווגדי,M,43
שלהבתיה,F,43
פירוזה,F,43
נביעה,F,43
נבו,F,43
סולין,F,43
טדרוס,M,43
פלק,F,43
מראל,F,43
מיחאיל,M,43
נרגיזה,F,43
מתיאו,M,43
סיאם,F,43
סבדה,F,43
עלמיטו,F,43
עוגן,M,43
שיזף,F,43
רפא,F,43
הנרייטה,F,43
פותנה,F,43
גרא,M,43
קארי,F,43
עמי,F,43
ז'ן,M,43
בניאל,M,43
ליים,M,43
אמנואל,M,43
ווטן,M,43
בוראק,F,43
היתם,M,43
גמל,M,43
כתאם,F,43
יווה,F,43
אבריל,F,43
דאלי,F,43
עבדאלרחים,M,43
נמארק,F,42
תריה,F,42
מנל,F,42
מטילד,F,42
מנירה,F,42
שבה,F,42
אנדה,F,42
נגטו,M,42
תלתן,F,42
קנזי,F,42
אבייה,F,42
סירא,F,42
מון,F,42
גנריך,M,42
מיקו,M,42
עאדה,F,42
ג'ונה,M,42
גאמל,M,42
יונו,M,42
רוג'ינה,F,42
אלקאסם,M,42
סיגי,F,42
נטליו,M,42
ח'לדון,M,42
מרואת,F,42
מודר,M,42
יורדנוס,F,42
סנדרו,M,42
זומה,F,42
אניקו,F,42
פרהד,M,42
פרדל,F,42
בסנדה,F,42
עאסי,M,42
גאורג,M,42
ג'וואן,F,42
בירהאנו,M,42
ריחאן,M,42
נטאשה,F,42
בזזאו,M,42
מתן-אל,M,42
ישימבט,F,42
גיטא,F,42
טוניה,F,42
אביאל,F,42
איסרה,F,42
נאג'ח,F,42
ירגה,M,42
מיליסא,F,42
טיאגו,M,42
אליאנורה,F,42
רותה,F,42
רודי,F,42
טראני,F,42
איתאר,F,42
זאודה,F,42
אוריאלה,F,42
אוליה,F,42
קרולה,F,42
סמהאר,F,42
רויאה,F,42
הד,M,42
שפר,M,42
זנין,F,42
ורדי,F,42
טאלא,F,42
מרצלו,M,42
פלה,F,42
דמיטרו,M,42
ג'ילברט,M,42
ליבע,F,42
סאנה,F,42
בראין,M,42
דידי,F,42
פאייז,M,42
מאנטגבוש,F,42
ספורה,F,42
ג'יני,F,42
יעלמוורק,F,42
זמפירה,F,42
אללא,F,42
רזי,F,42
ממוקה,M,42
קארלה,F,42
אייאן,M,42
בקאלו,M,42
צציליה,F,42
שיר-לי,F,42
סיומה,M,42
איאיו,M,42
וובה,M,42
בנימינה,F,41
זינאדין,M,41
אצאלה,F,41
תמוז,M,41
סטרנה,F,41
נוגזר,M,41
סאגה,F,41
נרגיז,F,41
ודיעה,F,41
אוסי,F,41
כרמלית,F,41
חנניא,M,41
דבורי,F,41
שיבל,M,41
חיכמאת,M,41
וופיק,M,41
לינאר,F,41
מוהדיה,F,41
הנריאט,F,41
אור-טל,F,41
רמונד,F,41
עטאלה,M,41
לאול,M,41
אמן,M,41
אורינה,F,41
ונינה,F,41
שינדי,F,41
וסן,F,41
גולית,F,41
ראדיר,F,41
טמרה,F,41
קטליה,F,41
אנת,F,41
רונה-לי,F,41
רסאן,M,41
איילנש,F,41
מאטי,F,41
ג'אלל,M,41
גודה,M,41
דיזי,F,41
הבטה,M,41
סולמז,F,41
ווג'די,M,41
טיימור,M,41
מעמר,M,41
עוראבי,M,41
בריגיטה,F,41
ענה,F,41
אנבלה,F,41
אנטוניוס,M,41
מגל,F,41
וואתין,F,41
ינאל,F,41
מועדאד,M,41
נודר,M,41
אסרסה,M,41
גרנט,M,41
מרווין,M,41
בירטוקן,F,41
זיטה,F,41
מיילס,M,41
דורן,M,41
חייא,M,41
שכנא,M,41
אבאא,F,41
ולדלנה,F,41
יצחק-צחי,M,41
פיגל,F,41
בריאל,F,41
אנגודאיי,F,41
וגיף,M,41
אורנת,F,41
רעכי,F,41
מטי,M,40
נזר,M,40
הלאלה,F,40
תאובה,F,40
קורנליה,F,40
אירה,M,40
ברנדט,F,40
אזהר,M,40
אוניל,F,40
ריוא,F,40
קרלו,M,40
עוהוד,F,40
אפים,M,40
פלביו,M,40
עטווה,M,40
לוסיאנו,M,40
חכמיה,F,40
תעריד,F,40
רנדי,M,40
קופטאן,M,40
יועז,M,40
גדיר,M,40
פרדריק,F,40
דוידי,M,40
זאייד,M,40
ניאל,F,40
ישאמבל,M,40
דרוויש,M,40
מיריאל,F,40
עלי,F,40
מוגאהד,M,40
נייל,M,40
קליפורד,M,40
ג'ודה,M,40
קוקב,F,40
אורסולה,F,40
ליזו,F,40
לייזר,M,40
עסל,F,40
סאסא,F,40
פנטאהון,M,40
גואן,M,40
מדין,M,40
מראדי,F,40
תובה,F,40
טלה,F,40
עאליא,F,40
ראוחי,M,40
טיהון,F,40
ג'זאל,F,40
רוסול,M,40
קציעה,F,40
אלסדיג,M,40
טירונש,F,40
ברוכה,F,40
שייני,F,40
ברט,F,40
איגנסיו,M,40
דינו,M,40
כדר,M,40
עמיתי,M,40
אלרז,M,40
ג'אלי,M,40
רולאן,M,40
הורסיו,M,40
נהאונד,F,40
שמואלה,F,40
בריזיט,F,40
אג'ואן,F,40
רמאא,F,40
זמרת,F,40
חברון,M,40
וצ'יסלב,M,40
מספין,M,40
סוני,M,40
קדסט,F,40
רידא,F,40
פיטפיטה,F,40
אלינתן,M,40
פיחאא,F,39
מוהיבה,F,39
מהרי,F,39
ח'ירייה,F,39
תארק,M,39
גוהר,F,39
גודאת,M,39
טאבה,F,39
הבטם,M,39
ותין,M,39
יה,F,39
בלאינש,F,39
ציונית,F,39
מברט,F,39
ביררה,M,39
מוקבל,M,39
לולי,F,39
אגטה,F,39
בריליאנט,F,39
ואפא,F,39
קורי,F,39
עתאי,M,39
ברוג,F,39
רגד,M,39
פרנסס,F,39
טיפאני,F,39
מרפאת,F,39
וובנש,F,39
הנאדה,F,39
ביינה,M,39
איבית,F,39
אסמו,F,39
זלאטא,F,39
מרגאן,F,39
יפרח,M,39
יום-טוב,M,39
נרייה,M,39
רוזטה,F,39
פאי,F,39
מיסה,F,39
פארה,F,39
ג'אכלין,F,39
רדיסלב,M,39
ג'ף,M,39
מאמי,F,39
זכריאת,F,39
חדיפה,M,39
יודית,F,39
עולא,M,39
אנדשאו,M,39
איזט,M,39
גין,F,39
מורג'אנה,F,39
תוליפ,F,39
ויאולט,F,39
שעיב,M,39
קייסי,F,39
אזאר,M,39
איסבל,F,39
טאקלה,M,39
פלאי,M,39
פאדיא,F,39
מרוין,M,39
סיזר,M,39
טומאס,M,39
שריה,F,39
אמר,M,39
אסרסו,F,39
כנג',M,39
אלישה,F,39
אמירן,M,39
נוריאל,F,39
זוהירה,F,39
טיגרן,M,39
טיגבו,M,39
גלנדה,F,39
עיאדה,M,39
לידן,F,39
צדקיהו,M,39
ג'לא,M,39
פלחה,F,39
דידייה,M,38
יהושפט,M,38
ישה,M,38
אשי,M,38
טארה,F,38
בראשית,F,38
אינגודאי,F,38
אלמר,M,38
פראג,M,38
שפריר,M,38
אודה,F,38
בסמאלה,F,38
מהרן,M,38
עבדאלקאדר,M,38
חנום,F,38
נארת,M,38
בכל,F,38
אייטגב,M,38
אדריאל,M,38
שוביה,F,38
אלאונור,F,38
גיורגי,M,38
עוד,M,38
מעאוויה,M,38
טאיסה,F,38
האלי,F,38
אדוין,M,38
סביון,M,38
סיסיל,F,38
דוריאל,M,38
דזי,F,38
ואלא,F,38
עליס,F,38
יאסרה,F,38
מוטל,M,38
רולאן,F,38
אלסנדרו,M,38
מורלי,F,38
תאניה,F,38
ביכה,F,38
לודה,F,38
גדוע,M,38
קייטלין,F,38
רבינו,M,38
מירבי,M,38
ספירה,F,38
לטם,M,38
סרנה,F,38
משגב,M,38
נהואנד,F,38
ג'אליה,F,38
דאריה,F,38
וגיהא,F,38
שמה,F,38
זלדא,F,38
לי-את,F,38
חיכמיה,F,38
שירוק,F,38
ריגינה,F,38
ז'נין,F,38
אלפת,F,38
אקסנה,F,38
מלא,F,38
וידיאן,F,38
פקאדו,M,38
מאריאן,F,38
נאדים,M,38
גינענדל,F,38
מרוואת,F,38
זנב,F,38
לוציאן,M,38
רבז,M,38
רינד,F,38
מזלה,F,38
מזל-טוב,F,38
אטאלה,F,38
ריואא,F,38
צהיב,M,38
סוהאם,F,38
רינאן,F,38
בהיג'ה,F,38
איבא,F,38
עוריב,F,38
יענקל,M,38
לינת,F,38
ראאיד,M,38
תאירה,F,38
איירה,M,38
אסצ'ילה,F,38
אילאנא,F,38
ראבח,M,38
מרייה,F,38
אמלה,F,38
יחיאלה,F,38
נוזהא,F,38
נמיק,M,38
אליקום,M,38
סאבא,M,38
ולאדימיר,M,38
אלינוער,F,38
נעאים,F,38
עגאב,M,38
עדאלה,F,38
נסמאת,F,38
חנניאל,M,38
נע'ם,F,38
אלם,F,38
אלימור,F,37
פיליפה,F,37
חנני,M,37
חפידה,F,37
אריז,F,37
פרנקלין,M,37
דמקו,F,37
נסימה,F,37
חננית,F,37
פייבל,M,37
מריבל,F,37
שיבה,F,37
אמרו,F,37
אטירסאו,M,37
בובה,F,37
טיגאבו,M,37
זורי,M,37
נופר,M,37
ימה,F,37
אג'בוש,F,37
רוודה,F,37
תאל,F,37
סיה,F,37
הללויה,F,37
מזית,F,37
סידאל,F,37
ענתר,M,37
אדיסיה,F,37
יעקב-קובי,M,37
איקה,F,37
ג'וואהר,F,37
לירונה,F,37
זוהאד,F,37
לייס,M,37
קלייב,M,37
ריחן,F,37
ינטל,F,37
זינת,F,37
יבסיי,M,37
ניקו,F,37
אלמן,M,37
יאנוש,M,37
וירג'יניה,F,37
נאני,F,37
רוידא,F,37
הרייט,F,37
בר-יוחאי,M,37
תאג',M,37
אנפה,F,37
יאניק,M,37
אנייה,F,37
עלא,F,37
מדא,F,37
האוורד,M,37
איידין,M,37
זרחיה,M,37
טפת,F,37
מישאל,F,37
הייה,F,37
מושה,M,37
קלרית,F,37
טצ'ילו,M,37
אלבל,M,37
עוזיהו,M,37
מקרם,M,37
סימין,F,37
טפרה,M,37
היילו,M,37
סאם,F,37
מורסלין,F,37
מרג'ורי,F,37
סבר,M,37
סרג'ו,M,37
נדיבה,F,37
חוא,F,37
תניר,F,37
אנדרש,M,37
לורינה,F,37
יקבה,F,37
סמארה,M,37
אדרג'או,M,37
איברהים,M,37
קרסטין,F,37
פרומי,F,37
אמאראת,F,37
מעינה,F,37
טרסה,F,37
בנאן,M,37
מונגד,M,37
שפיר,M,37
כדיגה,F,37
לאמר,F,37
עמיטל,F,37
גיי,M,37
דזירה,F,37
אדורם,M,37
גיה,M,37
אליין,M,37
ליפשא,F,36
אמיה,F,36
עופרית,F,36
אליאא,F,36
אייסו,M,36
ג'נאא,F,36
גיתי,M,36
ביה,F,36
איבלין,F,36
מזייד,M,36
מחי,M,36
פריג,M,36
קהת,M,36
רדה,M,36
נודרי,M,36
נזאל,M,36
נוואף,M,36
גרהם,M,36
חיטאם,F,36
מריס,F,36
רוקן,M,36
מילו,M,36
טטאינה,F,36
הדריה,F,36
עדין,F,36
גוליאט,F,36
כמילה,F,36
פיטפיט,F,36
הוידא,F,36
עקיל,M,36
קותייבה,M,36
אלירוי,M,36
נירין,F,36
הודאל,F,36
איסנה,F,36
רימס,F,36
תינה,F,36
אונית,F,36
ריזאן,F,36
אמנר,M,36
פרנצ'סקה,F,36
ססי,M,36
אלורה,F,36
סייפן,F,36
שיא,F,36
מרינט,F,36
ליו,M,36
והבה,M,36
משה,F,36
רע'ד,F,36
שהינאז,F,36
סולונג',F,36
טהון,F,36
מיתא,F,36
דהאם,M,36
סאלין,F,36
דיאם,F,36
רודולפו,M,36
טספאהון,M,36
אזנו,F,36
שזא,F,36
בירטוקאן,F,36
צהל,M,36
קילה,F,36
אדיי,F,36
שיראן,F,36
לורי,M,36
זמר,F,36
שאנן,M,36
סהיב,M,36
סהארה,F,36
דינקה,F,36
זאפר,M,36
נהורי,M,36
באנצ'עלם,F,36
תסהיל,F,36
תסואהן,F,36
מאודי,F,36
מרדושה,M,36
ג'ניה,M,36
חואנה,F,36
מאמן,M,36
האדל,F,36
גובזה,M,36
מנגשה,M,36
מסרת,F,36
עבדאלהאדי,M,36
ברדיס,F,36
קורה,F,36
מעתצם,M,36
נאורי,M,36
אגנש,F,36
סולה,F,36
חלמיה,F,36
סברייה,F,36
מברט,M,36
מוקט,F,36
אבטה,M,36
טאו,M,36
כלפו,M,36
סומיא,F,36
ערוא,M,36
סורן,M,36
בניטה,F,36
נביו,M,36
נאייף,M,36
לאופולד,M,36
מהרטו,M,36
כתר,F,36
לאונה,F,36
עלמו,M,36
קאסה,M,36
עלקה,F,36
ויצ'יסלב,M,36
ולאא,M,36
גוליאנא,F,35
תרייה,F,35
תורן,M,35
נאמן,M,35
ריכרד,M,35
גוהאר,F,35
אבטנדיל,M,35
אלמזה,F,35
כייתי,F,35
חררדו,M,35
מעידה,F,35
הג'אר,F,35
סאנא,F,35
בעריש,M,35
קפלה,M,35
הרוי,M,35
כותיבה,M,35
מונט,F,35
דודיק,M,35
קסה,M,35
רוג'ין,F,35
נדימה,F,35
מקסוול,M,35
לוציה,F,35
איזדיהאר,F,35
ברוק,F,35
שם-טוב,M,35
שפי,M,35
ראקל,F,35
תמזי,M,35
אנזלה,F,35
אנוואר,M,35
ארגה,M,35
עאשור,M,35
עאקלה,F,35
מג'אהד,M,35
זקרי,M,35
נגאח,M,35
כארול,F,35
פינקל,F,35
עתרת,F,35
גבייאנש,F,35
וג'ד,F,35
גייסון,M,35
צובחיה,F,35
עינאב,F,35
יודא,M,35
מאזה,F,35
ז'ולייט,F,35
מורדו,M,35
ג'יה,F,35
ליון,M,35
גנוה,F,35
ג'וזה,M,35
זיזי,F,35
טליעה,F,35
מטאו,M,35
קלאודין,F,35
שביב,M,35
טירויה,F,35
זוליט,F,35
פיורלה,F,35
קיברט,M,35
חאגה,F,35
אבירז,M,35
קיואן,M,35
ימנגיסט,F,35
טילהון,M,35
נועד,M,35
אבתיסם,F,35
פליכס,M,35
סני,F,35
עטה,M,35
סנבטו,M,35
אטטגב,F,35
רומית,F,35
אסתלה,F,35
נרמינה,F,35
דמיטריי,M,35
אמיטה,F,35
צהאי,F,35
לירום,F,35
נחמי,F,35
יופא,F,35
לינדזי,F,35
איקראם,F,35
בחר,M,35
ענאב,F,35
נהיא,F,35
סראי,F,35
דפי,F,35
אגוסטינה,F,35
פאייזה,F,35
גרמאי,M,35
עיזאלדין,M,35
ג'ן,F,35
ג'מה,F,35
משלין,F,35
הילאי,F,35
היליי,F,35
אדן,M,35
אירן,M,35
סדים,F,35
זכרא,F,35
לחן,M,35
מילינה,F,35
מירל,M,34
אפרם,M,34
טובאל,M,34
עילי,F,34
מאלה,F,34
נגם,M,34
צינה,F,34
דאפר,M,34
ירגדו,F,34
סימאת,F,34
שושנית,F,34
יואכים,M,34
בילי,M,34
אזאד,F,34
ניירה,F,34
איזו,M,34
ברונה,F,34
אייט,F,34
אהובית,F,34
זעליג,M,34
עואמר,M,34
רייזה,F,34
אביעזרי,M,34
חתון,F,34
הושעיה,M,34
פיאר,M,34
מלסאו,M,34
פרהוד,M,34
לואיז,M,34
רמיאל,M,34
סינדו,F,34
טאדלה,F,34
שילי,M,34
רניאל,M,34
עכרמה,M,34
לאדה,F,34
סומה,F,34
מסיונה,F,34
חניה,F,34
איתיי,M,34
פרגי,M,34
שווקי,M,34
עלוה,F,34
גוליאן,F,34
שאאם,F,34
נסב,F,34
גורגינה,F,34
צחי-יצחק,M,34
הוגט,F,34
גטאו,M,34
נענא,F,34
מגל,M,34
חאסן,M,34
אנטנך,M,34
זקיה,F,34
ג'סון,M,34
עוקילה,F,34
דאסאש,F,34
בשאייר,F,34
סלמיה,F,34
סטניסלבה,F,34
מרבד,F,34
סריטה,F,34
זהבי,F,34
נריאל,M,34
רדו,M,34
וופה,F,34
ענאיאת,F,34
ג'והיינה,F,34
תנא,F,34
דראל,M,34
תפילה,F,34
חיית,F,34
אגוסטין,M,34
סאדאת,M,34
קשת,M,34
סאד,M,34
אבריאל,M,34
פרידל,F,34
רוסל,M,34
חגאזי,M,34
סדי,M,34
פארלי,F,34
דאסש,F,34
מזור,F,34
טלעאת,M,34
מאזנה,F,34
סוילם,M,34
יולנטה,F,34
באנצ'י,F,34
רוזיית,F,34
היימנוט,F,34
הייסם,M,34
מרון,F,34
מרוסיה,F,34
ליויה,F,34
אבידע,M,34
תואם,F,34
טיארי,M,34
ינוש,M,34
סנדו,M,34
רג'יד,M,34
יטבת,F,34
חיי,M,34
נורמא,F,34
וודיה,F,34
יזנה,F,34
ילי,M,34
ג'ולן,M,34
סוהם,F,34
צדף,F,34
הווידה,F,34
עראבי,M,34
שירילי,F,34
מידחת,M,34
לילו,F,34
מלקה,M,34
מנדר,M,34
ארים,F,34
התר,F,34
יה-לי,M,34
אינדשאו,M,34
בנימן,M,34
אכרם,F,34
יאניס,M,34
אבבץ,F,34
ויצסלב,M,34
סלאחאלדין,M,33
עלינה,F,33
גנה,F,33
ארם,F,33
ארלן,F,33
סורנה,F,33
קלאוד,M,33
זוזיאן,F,33
שרי,M,33
מיכלה,F,33
גנימה,F,33
איינור,F,33
קלי,M,33
מרלנה,F,33
טימותי,M,33
ליזבט,F,33
אבייה,M,33
ענג,F,33
צרי,M,33
איבאא,F,33
נרדית,F,33
זארה,F,33
לינדי,F,33
אנגי,F,33
ענימה,F,33
דמבולו,F,33
מטין,M,33
רומן,F,33
זואל,F,33
סיום,M,33
איאסו,M,33
אסצ'לאו,M,33
שיריה,F,33
צ'רנה,F,33
שמירה,F,33
זיווה,F,33
אטלו,M,33
תואם,M,33
ליאתי,F,33
גירייס,M,33
נזילה,F,33
צדקה,F,33
מחאסן,M,33
גירמה,M,33
אמגאד,M,33
אמון,M,33
שתיוי,M,33
סוטלנה,F,33
סעדי,F,33
תולאן,F,33
שפיע,M,33
סימנטוב,M,33
יהשוע,M,33
מורה,F,33
סאריה,F,33
אייאן,F,33
ראנסי,F,33
כמי,F,33
צורי,F,33
ולא,M,33
גולנאר,F,33
מסללם,M,33
אדו,M,33
מגדל,F,33
פרן,F,33
אנטנש,F,33
חממה,F,33
אודהליה,F,33
עמלי,F,33
חנה,M,33
מלדה,M,33
רוזלינה,F,33
רוזן,M,33
אלפה,M,33
טספנש,F,33
נאדל,M,33
דבירה,F,33
אנדבט,M,33
אשראק,F,33
גאלי,F,33
עאהדה,F,33
מקואנינט,M,33
לוראן,M,33
גאמר,F,33
טג'יטו,F,33
חליל,M,33
אקאבר,F,33
שנינה,F,33
מאידה,F,33
אידל,M,33
יונל,M,33
טס,F,33
טנוס,M,33
רימאז,F,33
אפתחאר,F,33
מירו,M,33
נצחונה,F,33
ג'סטין,F,33
רדינה,F,33
מיסרה,F,33
קירא,F,33
אדיאן,M,33
מועתאסם,M,33
סגיב,M,33
אנחל,M,33
אסעאף,F,32
ג'ארד,M,32
חוזיפה,M,32
ג'אקי,M,32
ג'ו,F,32
ווסה,M,32
יסרה,F,32
ווספי,M,32
עורי,F,32
דעד,F,32
סקיי,F,32
תקואה,F,32
ווטפה,F,32
שיה,M,32
ראגד,M,32
יסמינא,F,32
ג'וייל,F,32
גישרמו,M,32
ג'ד,M,32
איבה,F,32
צהאיינש,F,32
דלידה,F,32
אנאהיד,F,32
נולה,F,32
סאדיל,F,32
יחיאב,M,32
יזבנש,F,32
סנונית,F,32
פרזנה,F,32
נופת,F,32
זולפו,F,32
אברראו,M,32
אינדי,F,32
ארמין,M,32
קטבן,F,32
פיהמי,M,32
אלכסיס,F,32
ג'ורג'ינא,F,32
אסראא,M,32
אג'ואד,M,32
טימוטי,M,32
אבישי,F,32
מואמנה,F,32
שלומה,M,32
מוזה,F,32
טיבלט,F,32
אסקיאל,M,32
אסרס,M,32
בהגאת,M,32
ג'וליאטה,F,32
גמס,M,32
טיראנה,F,32
שארין,F,32
אזר,M,32
הייפאא,F,32
ג'סון,F,32
אנאניי,F,32
לי חן,F,32
יפי,F,32
ספר,F,32
ספרטק,M,32
קיט,M,32
ריניה,F,32
ארואד,F,32
גילברט,F,32
סיאנה,F,32
פרס,M,32
אינאו,M,32
ישגב,M,32
לוסט,F,32
סליבא,M,32
אלידה,F,32
סלמה,M,32
מאי-לי,F,32
פדלאללה,M,32
אבי-אברהם,M,32
גאזייה,F,32
מראט,M,32
תמו,F,32
דריל,M,32
מאיקל,M,32
סיבה,F,32
משאת,F,32
אסמעאיל,M,32
מרצלה,F,32
קדרי,M,32
רוואא,F,32
קרמן,F,32
פריגה,F,32
תסביח,F,32
יומי,M,32
מארינא,F,32
איזובלה,F,32
טרונגו,F,32
דחא,F,32
ברטי,M,32
תסנין,F,32
כאידה,F,32
סאמיר,M,32
תיג'אן,F,32
שאמה,F,32
אסובלאו,M,32
אסובאלו,M,32
אנווה,F,32
קרוואן,F,32
זנבה,M,32
ביסן,F,32
בריאנה,F,32
עובדה,M,32
בסיק,M,32
דוד-חי,M,32
עיסם,M,32
מולוקן,F,32
נאזי,F,32
מוסבאח,M,32
עשור,M,32
גטאהון,M,32
כיראם,F,32
וילים,M,32
עלאאלדין,M,32
רובשן,M,32
שונה,F,32
גזית,F,32
שינדיל,F,32
גונתן,M,32
ולדימר,M,31
אשריאל,M,31
תרוות,F,31
דיתי,F,31
טלחה,M,31
וסיל,M,31
טפלגה,F,31
לוס,F,31
זהבי,M,31
מורנו,M,31
אסתאר,F,31
קוני,F,31
מורסל,M,31
אלפי,M,31
לוראל,F,31
פאסיל,M,31
רועא,F,31
קאמר,F,31
מגד,M,31
ארצי,M,31
פטרישה,F,31
אשאגרה,M,31
אייאס,M,31
טיילו,F,31
רוביל,M,31
יגזאו,M,31
ארן,F,31
ידעיה,M,31
סינטאיהו,F,31
איינאדיס,F,31
קבלאן,M,31
קדוס,M,31
זולפה,F,31
ליאורי,F,31
נטרו,F,31
נלו,M,31
אלכסיס,M,31
אפסנה,F,31
ניתאי,F,31
הילן,F,31
לוטי,F,31
גאנדי,M,31
זלאטה,F,31
מארט,M,31
פלטון,M,31
זלטא,F,31
זכרייא,M,31
ספאה,F,31
קזאייה,F,31
בדרה,F,31
איין,M,31
ליגל,M,31
ג'יזיל,F,31
הענע,F,31
שורנה,F,31
תירייז,F,31
אודרה,F,31
עיפת,F,31
עישה,F,31
לאיס,M,31
חייר,M,31
חיליק,M,31
רג'ואן,M,31
אילגר,M,31
סיונה,F,31
רסל,M,31
איליושה,M,31
דעינה,F,31
רדיאון,M,31
פרשטה,F,31
שלתיאל,M,31
כריסטיאנו,M,31
גויה,F,31
היימנות,F,31
ראייה,F,31
הריאט,F,31
ג'והאר,F,31
קרייסל,F,31
סרח,F,31
טהאני,F,31
קורל,M,31
מילגרוס,F,31
יחי,M,31
רוזלינדה,F,31
סוני,F,31
לינל,F,31
ליקנש,F,31
הזאע,M,31
סאאב,M,31
ז'רמי,M,31
ראן,F,31
גומא,F,31
כראמה,F,31
כריים,M,31
נריק,M,31
ארטמי,M,31
אביגד,M,31
עאזר,M,31
טאיס,F,31
אדמו,M,31
תושיה,F,31
וטין,F,31
ראני,F,31
סאאיד,M,31
ג'אנם,M,31
נויאל,F,31
אנא-אל,F,31
זרה,F,31
זקייה,F,31
מאורה,F,31
ברק,F,31
טאה,F,31
עבדאלחי,M,31
תור,F,31
סבחי,M,31
רג'אאי,M,31
רג'אי,M,31
וויסאל,F,31
זובידה,F,31
קאדם,M,31
נואעם,F,31
עד,M,31
סאוסר,M,31
חנוכו,M,31
עבדלעזיז,M,31
אל-עד,M,31
ישמעאל,M,31
ישלם,F,31
קנדא,F,31
סנדי,M,31
עפרית,F,31
מוהדייה,F,31
אנשל,M,31
שלהב,M,31
זיאן,M,31
שיזף,M,31
מלק,M,31
שיי,F,31
דנאל,F,31
סלבדור,M,31
דוריד,M,31
דנוטה,F,31
מגידה,F,31
שלומיק,M,31
קסה,F,31
קסייה,F,30
מוזהר,M,30
פלוריה,F,30
דן,F,30
תגוא,F,30
טרבור,M,30
שפע,F,30
באבי,M,30
פיינה,F,30
אדאנה,M,30
ערי,M,30
תמיר,F,30
אסובאלאו,M,30
נאנא,F,30
טקבה,M,30
סמאח,M,30
זוזנה,F,30
מרקל,M,30
אלאמיר,M,30
אלאיה,F,30
ישאלם,F,30
גיטלה,F,30
חסני,M,30
גיין,F,30
חרבייה,F,30
גטאצ'ו,M,30
סאדין,F,30
כואכב,F,30
סאול,M,30
ז'ני,F,30
אבימלך,M,30
ישראל-מאיר,M,30
אלאן,F,30
נוג'וד,F,30
עמאל,F,30
אסניקה,F,30
ז'ואנה,F,30
עבדאלקרים,M,30
מסלה,M,30
ארואה,F,30
מאגידה,F,30
אנגואץ,F,30
נהידה,F,30
אורורה,F,30
עובידא,M,30
כחל,M,30
חן-חנה,F,30
קוקה,F,30
מצעב,M,30
אלהיה,F,30
נרית,F,30
נדוה,F,30
אגומאס,M,30
אסמאמאו,M,30
זוליאט,F,30
אדמית,F,30
מאיאן,F,30
ינעם,M,30
תאאיר,M,30
ימקר,F,30
אזב,F,30
ז'וזיאן,F,30
נשוה,F,30
אלונית,F,30
חמדיה,F,30
ואכד,M,30
נופך,F,30
ליעוז,F,30
אזל,M,30
טגסת,F,30
אינט,F,30
סרייה,F,30
נגי,M,30
תמאדור,F,30
אדנו,M,30
אדנו,F,30
מועיד,M,30
חאלדייה,F,30
לאיאן,F,30
נצוך,F,30
ראכיל,F,30
הייג'ר,F,30
מטדל,F,30
אצדה,F,30
פקונדו,M,30
חיטם,F,30
פאבלו,M,30
נגוסו,M,30
מילין,F,30
איליאן,M,30
יוטבת,F,30
יוחנה,F,30
פרנץ,M,30
חיה-מושקא,F,30
לבב,M,30
לאמיס,F,30
שחל,M,30
הייתאם,M,30
מנורה,F,30
מנטינה,F,30
ארית,F,30
מניסא,F,30
פרננד,M,30
בריינדיל,F,30
קאלקידאן,F,30
נירי,M,30
שירז,M,30
אלמאז,F,30
ניגון,F,30
ליאונור,F,30
חואקין,M,30
פארן,F,30
קברט,M,30
רניה,F,30
רואן,M,30
סיניורה,F,30
מיסגאנאו,M,30
מינתאללה,F,30
דומיאנא,F,30
סיידה,F,30
סעדא,F,30
יארה,F,30
טילאהון,M,30
קטף,F,30
קאסאנש,F,30
מגאן,F,30
עתר,M,30
מוריאן,F,30
אלקסיס,F,30
ג'סמין,F,30
נינא,F,30
שפה,F,30
מריאור,F,30
אלמצהיי,F,30
רופט,M,30
טספה,F,30
פריג',M,30
רמבם,M,30
מהרדד,M,30
באנצ'יעלם,F,30
דילאן,M,30
עקרמה,M,30
איבתהאג',F,29
איבתהאל,F,29
שייחה,F,29
טלנש,F,29
סמדי,F,29
וודו,M,29
בסמאללה,F,29
עריב,F,29
אב,F,29
מורנה,F,29
מושי,M,29
לוקה,F,29
לזלי,F,29
ג'ריר,M,29
אלקסי,M,29
פארז,M,29
אמאליה,F,29
ליבגו,F,29
לואחז,F,29
לואלואה,F,29
מותעב,M,29
אומילה,F,29
גבייה,F,29
ניקדם,F,29
ג'יית',M,29
מורט,M,29
ליהוד,M,29
ג'ורין,F,29
פנטיה,F,29
לייט,M,29
ליילא,F,29
נזהא,F,29
וורקט,M,29
חייקה,F,29
שר-שלום,M,29
לגסה,M,29
עזדין,M,29
אוסוה,F,29
רומיסאא,F,29
ראלב,M,29
אלטער,M,29
מחבובה,F,29
רזיאלה,F,29
אור-יה,M,29
חאטם,M,29
אסף-יוסף,M,29
ג'ודאת,M,29
ג'הד,M,29
ליפז,M,29
ח'יזראן,F,29
ליראן,M,29
כליר,F,29
אורו,F,29
מטאדל,F,29
עודדה,F,29
אלהם,F,29
סאג'ידה,F,29
חנא,F,29
אורחי,M,29
גושה,M,29
נונו,F,29
בלי,F,29
זוהרייה,F,29
ואפיה,F,29
אנאל,M,29
כאולה,F,29
אורייה,M,29
גטנש,F,29
גטצ'ו,M,29
חני,M,29
רזקאללה,M,29
ארגש,F,29
שי-שלום,M,29
פווזייה,F,29
ירקונה,F,29
שמחון,M,29
מאאב,F,29
ג'אהד,M,29
מתוק,M,29
זנפירה,F,29
אנג'יל,F,29
אנגל,M,29
הבטאמו,M,29
טאונה,F,29
צאלחה,F,29
גיתאי,M,29
סג'דה,F,29
סביתאן,M,29
יקים,M,29
ירוסלבה,F,29
אורלב,F,29
רג'אד,F,29
אריאב,M,29
טאניה,F,29
צ'קולה,M,29
מתיה,F,29
מתיה,M,29
בלל,M,29
אגומס,M,29
סטאר,F,29
גרום,M,29
צ'לסי,F,29
איסאי,M,29
ספנסר,M,29
דאבע,F,29
דרי,F,29
רדייה,F,29
קני,M,29
מולאו,M,29
אסטוול,M,29
תמאם,M,29
פליס,F,29
מארסל,M,29
דסיה,M,29
בדורה,F,29
מנחם-מנדל,M,29
טזרה,M,29
דסטה,M,29
רהיג'ה,F,29
סיסאי,F,29
דולת,F,29
וספייה,F,29
ריתאז',F,29
סימן-טוב,M,29
רועי,F,29
נג'ווא,F,29
אדיתה,F,29
אגתה,F,29
רותאג,F,29
זולייט,F,29
דנור,M,29
רוויד,M,29
באשי,F,29
ממית,F,29
דוניה,F,29
דולין,F,29
אשגר,M,29
סליאן,F,29
פריה,F,29
טרס,M,29
יאגות,F,29
טשאגר,M,29
רייאד,M,29
אגניהו,M,29
וויזרו,F,29
ווגיה,M,29
נאפלה,F,29
אנסף,F,29
זידן,M,29
וירוניקה,F,29
תריזה,F,29
מכבי,M,29
אשיר,M,28
אבה,F,28
באזזאו,M,28
אבטליון,M,28
טלא,F,28
פסיל,M,28
אומיה,M,28
לוריאנה,F,28
חונה,M,28
גאדאללה,M,28
נאול,F,28
רודד,M,28
רמיז,M,28
טירי,M,28
אנראם,F,28
שומט,M,28
זאקלין,F,28
קלרי,F,28
אפשין,M,28
לי-אל,M,28
שאפיק,M,28
חופי,M,28
לואנה,F,28
אלישב,M,28
אליקו,M,28
ג'מי,F,28
ניהל,F,28
פאריד,M,28
קמאר,F,28
אסקדר,F,28
סלבה,F,28
באקזה,F,28
מואד,M,28
ריזי,F,28
רינאד,M,28
אליען,F,28
נסטיה,F,28
חיילא,F,28
שאיין,F,28
נסמא,F,28
גודי,M,28
אליטל,F,28
אופל,M,28
וורקיט,F,28
מזלית,F,28
ג'יסל,F,28
טיים,M,28
ארקאדי,M,28
חגלה,F,28
חיירי,M,28
גודאי,F,28
נעשא,F,28
נצרה,F,28
שורק,M,28
מינת,F,28
מנוח,M,28
סירוס,M,28
קבבוש,F,28
רובים,M,28
יארוסלבה,F,28
אסקנדר,M,28
רזינה,F,28
קוסר,F,28
עינד,M,28
שנדור,M,28
צליה,F,28
היילה,M,28
נרדה,F,28
שרוני,F,28
רינטה,F,28
צהייה,F,28
עירפאן,M,28
עירון,M,28
דוולת,F,28
פלוריאן,M,28
קאסהון,M,28
עירא,F,28
אודין,M,28
ראג'דה,F,28
אביצור,M,28
אקסל,F,28
בלודאן,F,28
גורגיט,F,28
אלוין,M,28
אלווין,M,28
צדיקה,F,28
מאתיו,M,28
זיקרה,F,28
סילאר,F,28
אילאיי,M,28
אחסין,M,28
דקריאת,F,28
בדווי,M,28
ג'ולינאר,F,28
עדבה,F,28
עדיאלה,F,28
נוראל,M,28
כדיר,F,28
הוניידה,F,28
יתרו,M,28
ויאצ'יסלב,M,28
מעתוק,M,28
רוזיט,F,28
בהה,M,28
מילקו,F,28
פרנסיסקו,M,28
מברטה,F,28
רייני,F,28
צגאי,M,28
רויידה,F,28
ראקן,M,28
ישועה,F,28
מרסיו,M,28
רשואן,M,28
חסנין,M,28
אורלן,F,28
לקאא,F,28
ג'אזיה,F,28
וולרי,M,28
מונתהה,F,28
דאמן,M,28
סיגלי,F,28
רסיל,M,28
נג'ייה,F,28
גילאי,M,28
סביר,M,28
איתן,F,28
יראה,M,28
רבחיה,F,28
נואליה,F,28
עלמקן,M,28
אנאבלה,F,28
אית,F,28
חקם,M,28
סג'אא,F,28
עבדאלסלאם,M,28
רביב,F,28
זוהי,F,28
מוכתר,M,28
יזי,M,28
סטאס,M,28
פתנה,F,28
סרז',M,28
אדלו,F,28
נגאתי,M,28
מרשל,M,28
סואד,F,28
עארין,F,28
מאגיד,M,28
עבדאלחמיד,M,28
דרס,M,28
ע'די,M,28
רגב,F,28
אינדי,M,28
קאייד,M,28
קנוביש,F,28
מסטוואל,F,28
נהאר,M,28
ענא,F,28
אושן,M,28
רפול,M,28
עאדלה,F,28
מיירה,F,28
מולועלם,F,28
ע'ינא,F,28
האני,F,28
צ'ינגיז,M,28
נגיבה,F,28
איבנה,F,28
דיני,F,28
דיטה,F,28
טל-יה,F,28
פרחנה,F,28
טלחום,M,28
עשאל,M,28
הילנה,F,27
חזקי,M,27
עטף,M,27
באביקר,M,27
ניקולט,F,27
וניאמין,M,27
דיתה,F,27
סלמי,M,27
לוראן,F,27
להט,M,27
אלקסנדרה,F,27
עיוש,M,27
עיזת,M,27
אושן,F,27
סויטלנה,F,27
אבקר,M,27
תילאוה,F,27
לוין,M,27
אלמעתסם,M,27
אלפר,M,27
ג'סלין,F,27
ביסאן,M,27
חיזראן,F,27
פלורט,F,27
ממוש,M,27
אשבל,F,27
רחביה,M,27
מסלו,F,27
ימנא,F,27
מולטו,M,27
רוחי,F,27
שיי,M,27
תהלי,F,27
מדיה,F,27
ניבי,M,27
פהיד,M,27
פדי,M,27
לי-חן,F,27
לי-נוי,F,27
ציפרה,F,27
הנס,M,27
עילאיי,M,27
שבולת,F,27
קאסנש,F,27
קסי,M,27
נאירוז,F,27
זידה,F,27
יסמה,F,27
סואעד,F,27
אנגלו,M,27
מאיאר,F,27
איסי,M,27
סווטה,F,27
מיעאד,M,27
מנארה,F,27
ארסניי,M,27
דוניס,F,27
סניר,M,27
פלומה,F,27
וויניטו,F,27
פטפטה,F,27
מינקה,F,27
אילת,M,27
בנייה,M,27
שהיר,M,27
טגנה,M,27
סופייה,F,27
סופית,F,27
נצבת,F,27
רומיאו,M,27
גווין,M,27
חינה,F,27
כרין,F,27
ג'יבריל,M,27
שמש,M,27
טאודרוס,M,27
בן-בנימין,M,27
מאריוס,M,27
מאסטוואל,F,27
פאטנה,F,27
פרנאס,M,27
דוויד,M,27
קפאייה,F,27
אטיטגב,F,27
סינאל,F,27
רוסתם,M,27
כרולין,F,27
כמלה,F,27
חמדי,F,27
מרני,F,27
מרלון,M,27
גרניט,F,27
גרנית,F,27
אל-ים,M,27
רויזה,F,27
חשן,M,27
אישתיאק,F,27
צבחיה,F,27
פאכר,M,27
מטיל,F,27
מנהל,F,27
מנהלוש,F,27
דקר,F,27
רננית,F,27
זך,M,27
אלאא,M,27
ריינא,F,27
ג'ג'או,M,27
שליה,F,27
מבדא,M,27
עסון,F,27
ברטין,F,27
סיבאל,F,27
רדי,M,27
סרגו,M,27
שמעון-שי,M,27
ריכרדו,M,27
סאברי,M,27
ראנד,F,27
גורשום,M,27
לין,M,27
לינוי,M,27
לירואי,M,27
ח'אלדה,F,27
אביטה,M,27
כארין,F,27
רויזי,F,27
קרסטינה,F,27
אמרצ',F,27
ללו,M,27
מסרה,F,27
פולט,M,27
אוריי,M,27
חנון,M,27
גזלה,F,27
אמיליאנו,M,27
דג'יטנו,F,27
טולי,F,27
פיפי,F,27
רחיבה,F,27
מארים,F,27
טלייה,F,27
מישר,M,27
מישייל,M,27
זבדר,F,27
לוגאין,F,27
עראף,M,27
מואניס,M,27
רודיאנה,F,27
יטא,F,27
תאגריד,F,27
בסמא,F,27
אנשיראח,F,27
טירוייה,F,27
דילאן,F,27
איגנט,M,27
פרידון,M,26
אידן,F,26
הללי,M,26
אזיטה,F,26
יזינה,F,26
קריסטופר,M,26
נדזדה,F,26
סנאה,F,26
סמרא,F,26
דייאנה,F,26
אנתיסר,F,26
בסמאן,M,26
גבל,M,26
את'אר,F,26
תרות,F,26
באטה,F,26
מיריאם,F,26
ענהאל,M,26
דאניל,M,26
סקאי,M,26
מויסי,M,26
עדלא,F,26
כוסאי,M,26
רשראש,M,26
נוורס,F,26
אמרה,F,26
הומה,F,26
סאיף,M,26
שדואן,F,26
אמניה,F,26
נוראי,F,26
נוראדין,M,26
ואג'די,M,26
ג'ודת,M,26
לינדסי,F,26
כותייבה,M,26
מעלי,F,26
קורטני,F,26
זאהדה,F,26
פרומית,F,26
סיאח,M,26
אחינועם,M,26
שלם,F,26
ריסאן,F,26
צברין,F,26
יודן,M,26
אייצ'או,M,26
מנווה,F,26
רוזאנא,F,26
אנטוניה,F,26
אביינש,F,26
מיגל,F,26
מראוה,F,26
מטיקו,M,26
גיני,F,26
שרלן,F,26
חקמה,F,26
פרדי,F,26
רקיע,M,26
רוכן,M,26
קובה,M,26
מונתסאר,M,26
בליינך,M,26
בלאיי,M,26
ביאטריז,F,26
עודה,F,26
אורון,F,26
גוסטב,M,26
אלזהראא,F,26
לייני,F,26
ג'ולן,F,26
מויז,M,26
רואנה,F,26
ברג'יט,F,26
אדור,M,26
מגוס,M,26
נאדז'דה,F,26
מוז'גן,F,26
מועייד,M,26
לאב,F,26
קוסטנדי,M,26
מחפוזה,F,26
ג'ונאס,M,26
בריטני,F,26
קאלי,F,26
רוסיטה,F,26
סהיל,M,26
זליחה,F,26
ענן,M,26
סבחיה,F,26
גימי,M,26
בשרה,F,26
ג'אדי,M,26
אמרץ,F,26
ואסל,M,26
נחלה,M,26
ראלי,F,26
ראכל,F,26
רומאו,M,26
שרוני,M,26
לאורן,F,26
לאורי,F,26
הייזל,F,26
חירא,F,26
פרוין,F,26
ריאה,F,26
מילוא,M,26
מנצורה,F,26
מסדה,F,26
זוהרי,M,26
בלנש,F,26
מוניה,M,26
פשה,F,26
תאיים,M,26
אבזו,F,26
אייה,F,26
סירחאן,M,26
נאדם,M,26
סנפורד,M,26
סנייה,F,26
ארנלדו,M,26
עאלייה,F,26
איסמאיל,F,26
אדן,F,26
זמרה,F,26
יסאק,M,26
בשאאר,F,26
אנגוד,F,26
שמוע,F,26
אנגדאו,M,26
זני,F,26
דורין,M,26
רוקאיה,F,26
הנריקה,M,26
ג'מאל,F,26
ג'לאא,M,26
לי-רון,F,26
לי אל,M,26
נסיאל,M,26
אליסר,F,26
פעסיא,F,26
אקים,M,26
דורל,M,26
סלאפה,F,26
סלויה,F,26
איוי,F,26
אשג'אן,F,26
עמק,M,26
רוח,F,26
סולף,F,26
איננו,F,26
דרק,M,26
זוזו,M,26
מתוקו,M,26
וידאל,M,26
בוסיה,F,26
רחבעם,M,26
צ'רנט,M,26
טירוורק,F,26
רומל,M,26
ראיאן,F,26
ניג'ם,M,26
זאינב,F,26
בייש,F,26
אלקסיי,M,26
שעלאן,M,26
ג'רמן,F,26
שאנון,F,26
אלמנאו,M,26
תיירי,M,26
שפיעה,F,26
אנגידאו,M,26
גנט,M,26
ימיקיר,F,26
ז'אנין,F,26
אביאם,M,26
שיא,M,26
לובאבה,F,26
אלכנדרו,M,26
עזיאל,M,26
לואא,F,26
בילאר,F,26
גאדא,F,26
גאודאת,M,26
אסול,F,26
קאתיה,F,26
איווטה,F,26
פיילא,F,26
אאסר,M,26
לולו,M,26
אתמר,M,26
חורש,M,26
נילופר,F,26
נימה,F,26
ניללי,F,26
מיריאן,F,25
אשרא,F,25
טמזי,M,25
נאיליה,F,25
צינא,F,25
ניסי,F,25
וירא,F,25
אגסאן,F,25
זיזל,F,25
דמוזה,M,25
טרוורק,F,25
סנה,M,25
בסטי,F,25
בסי,F,25
וויויאן,F,25
תגיל,F,25
קידן,M,25
סלימאן,M,25
וועד,M,25
זבאדר,F,25
טרפו,F,25
טריאל,M,25
סנטיה,F,25
רווחי,M,25
דז'ולייטה,F,25
נאניי,F,25
ערד,F,25
עקילה,F,25
יאני,M,25
פריסיליה,F,25
סנייט,F,25
דוני,M,25
אדולף,M,25
בנצ'י,F,25
ווילי,M,25
אוטר,M,25
אפינה,F,25
מותיים,M,25
ראטב,M,25
חולייטה,F,25
ווגה,F,25
אטלאל,F,25
איידיל,F,25
איידן,F,25
אניתה,F,25
אנלי,F,25
רואיד,M,25
עתירה,F,25
ברהום,M,25
ברהנה,F,25
אניט,F,25
קאסאיה,F,25
בהזאד,M,25
בדואן,M,25
מינור,F,25
עורובה,F,25
עזלאן,F,25
מרדכי-מוטי,M,25
לוריה,F,25
לטיציה,F,25
ניזאם,M,25
טונה,F,25
טולאי,F,25
טזזו,M,25
סילביאן,M,25
יובלי,F,25
צוקית,F,25
הימן,M,25
לבנון,M,25
קמי,M,25
אסקדאר,F,25
מריהאן,F,25
סעריל,F,25
ותיין,F,25
פיפין,F,25
רוזי,M,25
ענוג,M,25
זיקרא,F,25
אחיעזר,M,25
רעאד,M,25
אחיאל,M,25
יוסף,F,25
אדלי,F,25
הילי,M,25
אליף,F,25
לביה,F,25
אלקסיס,M,25
פרשד,M,25
אימתיאז,F,25
נאביל,M,25
אסייל,F,25
סחאב,F,25
יחזקיהו,M,25
אנדראה,M,25
קריס,M,25
מאל,M,25
דרין,M,25
געלא,F,25
אינשיראח,F,25
גודית,F,25
שאולה,F,25
אוסנאת,F,25
גודדאו,M,25
אליניב,M,25
יכין,F,25
דתיה,F,25
גנדיי,M,25
ילזבטה,F,25
מולוקאן,M,25
עמרית,F,25
קאוקב,F,25
שמאיל,M,25
ז'יל,M,25
מייקי,F,25
עאדי,M,25
ליבו,F,25
ניאל,M,25
אבניל,M,25
מזאל,F,25
פדיה,M,25
ריבי,M,25
איסמהאן,F,25
יניק,M,25
צ'קליט,F,25
הבטמנש,F,25
האנא,F,25
מסאל,F,25
פליפ,M,25
ברקט,M,25
ריוואן,F,25
נפס,F,25
ראיין,F,25
לאלה,F,25
ג'יסלן,F,25
משה-חי,M,25
סגית,F,25
נוואר,F,25
ג'אד,F,25
סבייח,M,25
עבדיה,M,25
גילבר,M,25
עבדלכרים,M,25
ואנסה,F,25
שדי,M,25
צפירה,F,25
צפריר,F,25
נולן,M,25
מייאר,M,25
אביהוד,M,25
אלאמין,M,25
בישארה,M,25
סאלם,F,25
סאמד,M,25
ריסאן,M,25
רונלדו,M,25
מענית,F,25
בות'ינה,F,25
שיפי,F,25
סאירה,F,25
אלואיז,F,25
כדיג'ה,F,25
ראבאל,M,25
ביטה,F,25
אקיף,M,25
רזין,F,25
מריפה,F,25
ח'ירי,M,25
ואחיד,M,25
חנון,F,25
תחייה,F,25
רולנדה,F,25
ג'וניד,M,25
נוראס,F,25
אמנואל,F,25
בחמל,F,25
ארגו,F,25
סאאר,M,25
כינר,M,25
כטאב,M,25
שאהרה,F,25
כרסטין,F,25
אמארץ',F,25
אורור,F,25
אלול,F,25
עובאידה,M,25
קובי-יעקב,M,25
אברה,F,25
נתלה,F,25
רתיב,M,25
חאקמה,F,25
שאדא,F,25
חלפון,M,25
נריו,M,25
פפי,F,25
מישה,F,25
מישר,F,25
טמרו,M,25
טלמור,M,25
מוהאנד,M,25
ווידאד,F,25
איבתיסם,F,25
דימונה,F,25
באטריז,F,25
קיי,F,25
באג'ס,M,25
פייגיל,F,25
ניקה,M,24
טמור,M,24
ניסמא,F,24
שפע,M,24
באסיל,M,24
אשד,F,24
סמי,F,24
שלהב,F,24
אידור,M,24
דינורה,F,24
שאנטל,F,24
בכריה,F,24
בירנית,F,24
מטקו,M,24
מיאור,M,24
פווזיה,F,24
סלמוויט,F,24
זליח'ה,F,24
זלמה,F,24
דאוויט,M,24
יונתי,F,24
יונון,M,24
סיאן,F,24
פרסיליה,F,24
יוסף-יצחק,M,24
נגד,F,24
שליקו,M,24
באר,M,24
מנאלו,F,24
קידר,M,24
נקולא,M,24
אופרה,F,24
צלינה,F,24
ליזא,F,24
ליובה,M,24
גורוב,F,24
אורדן,M,24
פהמייה,F,24
זאהיה,F,24
חמוס,M,24
רינתי,F,24
כינר,F,24
עוביד,M,24
שפרירה,F,24
שיבולת,F,24
חיילה,F,24
הנידה,F,24
אוהילה,F,24
יוריי,M,24
גריב,M,24
קרי,M,24
זוודיטו,F,24
אריאדנה,F,24
רהאן,F,24
שימי,F,24
גביהו,M,24
גאיל,F,24
פביין,F,24
טרנס,M,24
ג'וליו,M,24
אמילה,F,24
אקלה,M,24
געש,M,24
ייטל,F,24
סומעה,F,24
מיכה,F,24
רחילה,F,24
רחימה,F,24
אסקנאו,M,24
וורקיטו,F,24
אבינתן,M,24
ראכאן,M,24
כתרינא,F,24
מריתה,F,24
אואן,F,24
סלה,M,24
שוכראללה,M,24
סלאמי,M,24
צחר,M,24
ניקיטה,F,24
פארי,M,24
מארם,F,24
מג'ידה,F,24
אדינו,M,24
וובט,F,24
וואגה,F,24
ז'אקלין,F,24
רשי,M,24
תוריה,F,24
אואיס,M,24
פרייה,F,24
ח'יראללה,M,24
אלימאמה,F,24
אליטה,F,24
לבון,M,24
אלינועם,F,24
עאזי,M,24
סולמה,F,24
מזלטו,F,24
קלמנס,F,24
עאהד,F,24
ימינה,F,24
האורד,M,24
פאד,M,24
מתא,M,24
מאייר,F,24
דואבה,F,24
רואד,F,24
זורזט,F,24
ישרון,M,24
שדאא,F,24
ג'ובאני,M,24
מיוריאל,F,24
מיטיקו,M,24
מידאן,M,24
אבנט,F,24
שילת,M,24
דורוטה,F,24
יבדוקיה,F,24
תנסים,F,24
נצאר,M,24
נצח,F,24
נאגם,F,24
מוחמד,F,24
דבש,M,24
דגה,F,24
נג'י,M,24
ברטו,M,24
פבלינה,F,24
אינשרח,F,24
אהובי,F,24
ברני,M,24
חטיב,M,24
אלקסה,F,24
למיעה,F,24
מסקרם,F,24
מוקרם,F,24
זהדי,M,24
יבלטאל,M,24
מנוור,M,24
אלפו,F,24
שתיווי,M,24
מסטואל,F,24
מסיה,F,24
קלודי,F,24
ז'יזל,F,24
מאג'ד,F,24
בראיין,M,24
אריף,M,24
רטיל,F,24
דסאליין,M,24
נבראס,F,24
בלטץ',F,24
סאשא,F,24
אורל,M,24
מנטמר,F,24
איינש,F,24
אוייס,M,24
אוסבלדו,M,24
נהייה,F,24
סהם,M,24
גלאדיס,F,24
יענטי,F,24
אורקיד,F,24
הגאר,F,24
אנאטנש,F,24
עבדלרחמאן,M,24
מונל,M,24
אנית,F,24
מנו,M,24
מנגסטו,M,24
חימנה,F,24
חיכמאת,F,24
ג'יקוב,M,24
תלם,F,24
מויס,M,24
אניו,M,24
זומרוד,F,24
רקיע,F,24
סגדה,F,24
סגדו,F,24
יפא,F,24
חקובו,M,24
רזן,F,24
בורוך,M,24
נזיהא,F,24
שמרון,M,24
אמייה,F,24
נרמאן,F,24
שומי,M,24
חוף,F,24
נגא,M,24
אילני,F,24
דייוויד,M,24
טל-אור,M,24
הימת,F,24
מירום,M,24
אנצאף,F,23
סלע,F,23
תריאק,F,23
פייזה,F,23
רמבום,M,23
רוזיקה,F,23
יולן,F,23
דארה,F,23
זיסה,F,23
זיסא,F,23
כפייה,F,23
נרם,F,23
חלפו,M,23
אודי,F,23
עכסה,F,23
שמרת,F,23
ליטן,M,23
טקילה,F,23
שאפי,M,23
רחמיל,M,23
הדבה,F,23
אישטו,M,23
אירם,F,23
יענטע,F,23
סף,M,23
תאניא,F,23
יהודיתה,F,23
סימנדו,M,23
פרחד,M,23
סינדוס,F,23
רושדייה,F,23
אסממו,M,23
אליי,M,23
צוהייב,M,23
נפנה,F,23
גוהיינה,F,23
אופז,M,23
אוצר,M,23
ברגיט,F,23
מדאה,F,23
אכיל,M,23
שרלוטה,F,23
רבה,F,23
ברקן,M,23
צקר,M,23
לנס,M,23
בתינה,F,23
ואסם,M,23
גינדי,M,23
יסמאו,M,23
אנג'ליק,F,23
זעל,M,23
עזריאלה,F,23
עזאב,F,23
אלגנש,F,23
סאלמא,F,23
גיימס,M,23
זרטיהון,F,23
ואזנה,F,23
פאיה,F,23
מדיסון,F,23
אניעם,F,23
טטיינה,F,23
ופייה,F,23
טאקילה,F,23
רוסיו,F,23
נואי,F,23
נוא,F,23
מיילין,F,23
סוהלה,F,23
שתילה,F,23
קמרון,M,23
אלפונס,M,23
טיאנה,F,23
יגרדו,F,23
אסרסה,F,23
אסרסאץ',F,23
ישינאט,F,23
רחא,F,23
פוול,M,23
לנדה,F,23
לקאו,M,23
ריק,M,23
נירן,F,23
חורכה,M,23
איסמעאיל,M,23
גן,F,23
סולאל,M,23
מאוריצי,M,23
נהאייה,F,23
אדריאנו,M,23
נהוונד,F,23
מאודה,F,23
ימר,M,23
הרוה,M,23
צירי,F,23
ג'יידן,M,23
ליאת-לאה,F,23
שלימה,F,23
איכלאס,F,23
איירי,F,23
יואל,F,23
איילת-חן,F,23
עופה,F,23
גוזיאן,F,23
גוי,F,23
גוטה,F,23
חג'לה,F,23
פארן,M,23
יבין,M,23
זימרה,F,23
עידוא,M,23
מיקלה,F,23
זאנט,F,23
ג'ובראיל,M,23
חסדאי,M,23
כאות'ר,F,23
אפאק,F,23
בניק,M,23
בוניטה,F,23
מאייה,F,23
ריווא,F,23
מתאל,F,23
של,F,23
רפאת,M,23
רפאלי,M,23
רפאלי,F,23
להיה,F,23
גדר,F,23
אינייש,F,23
ילאו,M,23
לבאד,M,23
הילא,F,23
גוהר,M,23
ג'ילה,F,23
אודה-יה,F,23
נאהיד,F,23
אטלאי,M,23
דועאה,F,23
סנסביל,F,23
ארשיד,M,23
אמירם,M,23
סאדם,M,23
ויאולה,F,23
פול,F,23
מפיד,M,23
פזי,M,23
נגסו,F,23
אנדריה,M,23
תלמי,M,23
קרינדל,F,23
תמז,M,23
זהאר,M,23
קמביז,M,23
אסתר-אתי,F,23
זיוון,F,23
רנאטה,F,23
יאגו,M,23
טרסי,F,23
מראם,M,23
לו,M,23
אנדראס,M,23
אנדירה,F,23
יחייא,M,23
רחיג,F,23
אריאלי,M,23
אינעם,F,23
יטאיש,F,23
ייטאייש,F,23
ארגויה,F,23
ליילי,F,23
הושנג,M,23
תותי,F,23
ריסא,F,23
טריקו,M,23
קונוז,F,23
ניקולטה,F,23
לודוביק,M,23
ברין,F,23
ברלנתי,F,23
שימחה,M,23
דסליי,M,23
סיידי,F,23
קורלי,F,23
מסגאנאו,M,23
זלעלם,M,23
נאבא,F,23
מאמיט,F,23
פתח,M,23
מארייה,F,23
מאקה,F,23
שר-אל,M,23
ג'לנאר,F,23
לי-אן,F,23
אליסא,F,23
פעסא,F,23
אוסטין,M,23
מילינא,F,23
ורוורה,F,23
מהיטבאל,F,23
שלגית,F,23
גבין,M,23
לוריאן,M,23
פקר,F,23
עדרא,F,23
חמזא,M,23
סאבח,F,23
גזיה,F,23
אסצ'אלאו,M,23
חמאדי,M,23
קלים,M,23
גורדן,M,23
אורוד,F,23
נחליאל,M,23
בהזד,M,23
מנלו,F,23
יוליו,M,23
סיהראב,F,23
מאסרשה,M,23
אימה,F,23
גתי,M,23
גררדו,M,23
בסאן,F,23
מואב,M,23
דיאמנטה,F,23
מיגואל,M,23
מקסי,M,23
לילא,F,23
מועתסאם,M,23
בירין,F,23
טוביה,F,23
גרגוריו,M,23
רמו,M,23
אידי,F,23
באבו,M,23
קאתי,F,23
ווטט,F,23
ולידה,F,23
פיודר,M,23
מכאלה,F,23
מיתקאל,M,23
קארן,M,22
באכר,M,22
לוסילה,F,22
שומה,F,22
סמאה,F,22
איו,M,22
תדמור,M,22
איבו,M,22
אאליטה,F,22
טוודה,F,22
דאינה,F,22
רדיק,M,22
אנטואנת,F,22
ענוג,F,22
שראז,F,22
ענבל,M,22
שואל,M,22
טהונה,F,22
מארווה,F,22
לבינה,F,22
פנטייה,F,22
שימרי,M,22
שימחו,M,22
דסליין,M,22
אילדה,F,22
אחלאץ,F,22
ספינאז,F,22
מולאן,F,22
מוישי,M,22
אגניה,F,22
סתונית,F,22
סטאניסלב,M,22
פרויז,M,22
פרהנז,F,22
ע'אליה,F,22
גרולד,M,22
סזר,M,22
טהרה,F,22
ויוליית,F,22
קלארא,F,22
וורקיה,M,22
יטיב,M,22
נגס,F,22
אדיסעלם,F,22
לדיסלב,M,22
רוממה,F,22
סולנז',F,22
עאאדה,F,22
אלינועם,M,22
נסרינה,F,22
שאוקת,M,22
פחר,M,22
פח'ר,M,22
קאהרה,F,22
בלינה,F,22
ימנגסט,F,22
אזאנאו,M,22
מרדית,F,22
ג'וריה,F,22
המס,F,22
זן,F,22
וואאם,F,22
סולונג,F,22
פוריאל,F,22
בורוג,F,22
גמאן,F,22
שתייה,F,22
משי,M,22
ריקו,M,22
רביבה,F,22
סובר,M,22
נהיל,M,22
ניהד,M,22
פרנס,F,22
ארמונה,F,22
זוסיאן,F,22
אסטרלה,F,22
עמיאור,M,22
מרסי,M,22
ג'ינט,F,22
הייפה,F,22
גווד,M,22
גינט,F,22
חראא,F,22
סגאא,F,22
חרמונה,F,22
גיסלה,F,22
תוחפה,F,22
ספוות,M,22
סימור,M,22
סימוני,F,22
אטיהון,F,22
אניעם,M,22
רשאא,F,22
אכראם,M,22
ג'אדאללה,M,22
איתאי,M,22
יציק,M,22
סאפה,F,22
אל-רואי,M,22
ישוורק,F,22
לנדא,F,22
שהאר,M,22
זוהדיה,F,22
מונוור,F,22
זימרו,M,22
רנו,F,22
אייהו,F,22
פוליה,F,22
מייזי,F,22
מייסאם,F,22
זרובבל,M,22
ואלריה,F,22
וארדה,F,22
גיאה,M,22
עדאי,M,22
סאמה,F,22
גוון,F,22
חג'אג',M,22
סינתיא,F,22
טיטה,F,22
ניני,F,22
גאלא,F,22
גבראן,M,22
זאן,F,22
מזור,M,22
עלמנך,M,22
תלה,F,22
ג'בור,M,22
ליקא,F,22
אואב,M,22
חסיא,F,22
עדוא,M,22
יאסמין,F,22
אטנאו,M,22
דוניז,F,22
סיראן,F,22
סכות,F,22
אודטה,F,22
גיבי,M,22
תורייה,F,22
חניאל,F,22
סאיה,F,22
פרביז,M,22
בורלי,F,22
מעיינה,F,22
ויקו,M,22
מנאע,M,22
ערה,F,22
ריחנה,F,22
רופיידה,F,22
זיוון,M,22
שוכריה,F,22
אוריטל,F,22
כווכב,F,22
ח'לא,F,22
אספהאן,F,22
כתרינה,F,22
קוסטנטין,M,22
ביינה,F,22
אמווה,F,22
נחם,M,22
בחיתה,F,22
מפרט,F,22
וטאן,F,22
אלהיין,M,22
ג'והר,M,22
לילאנה,F,22
לילק,F,22
ג'וני,F,22
היפה,F,22
בינאן,F,22
ציבא,F,22
גושן,M,22
חן-לי,F,22
נטה,F,22
ראגחה,F,22
אור-ים,F,22
אלטש,F,22
נצן,F,22
כריסתינא,F,22
אבובקר,M,22
קינדו,M,22
שיהנאז,F,22
ערסאן,M,22
שלג,F,22
נאהל,M,22
סנז'אנה,F,22
אברש,M,22
מועזז,F,22
אודיאל,M,22
בידור,F,22
כרמיאל,M,22
שאדי,F,22
לייבי,M,22
נשווה,F,22
נתן-אל,M,22
טירן,F,22
דמי,F,22
אנריק,M,22
מואיס,M,22
תרי,F,22
לוסיין,F,22
לוליה,F,22
לוליא,F,22
הלאא,F,22
טלל,M,22
רמאל,F,22
עדות,F,21
מליזה,F,21
גיהן,F,21
עינם,M,21
ליוניל,M,21
גיאד,M,21
רוהיפה,F,21
נארה,F,21
זיידה,F,21
נבט,F,21
סיהרא,F,21
אמואג,F,21
אמבאו,M,21
אלארי,F,21
אלאין,M,21
ישיטו,F,21
הומאם,M,21
אורייאן,M,21
כאייד,M,21
קינאר,F,21
קינדה,M,21
מירבי,F,21
טמי,F,21
פרידריך,M,21
רחמא,F,21
ארקדיי,M,21
פיליב,M,21
פטריסיו,M,21
וינוס,F,21
אודל,M,21
טאלל,M,21
לייבל,M,21
ג'י,M,21
ג'יאד,M,21
יונאס,M,21
קפא,F,21
לוזית,F,21
אדוניס,M,21
זילבר,M,21
עירי,M,21
גנדיה,F,21
עאייד,M,21
ארתיום,M,21
טסמה,M,21
איהאם,F,21
וראד,M,21
מהנאז,F,21
רסול,M,21
ראחמה,F,21
אלמהדי,M,21
נברו,F,21
אדיסה,M,21
ברהנה,M,21
לויס,F,21
גביר,M,21
גבעון,M,21
וודים,M,21
נאזכ,F,21
נאוראס,F,21
בסמאת,F,21
ניעאם,F,21
חוסרו,M,21
אינתסר,F,21
שגף,F,21
סולנז,F,21
מינאלה,M,21
גנענדיל,F,21
אח'יל,M,21
פרזד,M,21
סקיי,M,21
אנטול,M,21
שומרון,M,21
מוד,F,21
שלביה,F,21
קנת',M,21
זופיה,F,21
זופן,F,21
רומיק,M,21
גבריה,M,21
אלמוורק,F,21
הענדיל,F,21
אממה,F,21
ארל,M,21
קטורה,F,21
בדוי,M,21
אוריתי,F,21
גזלאן,F,21
גטאנך,M,21
גטאס,M,21
רחיליה,F,21
ויטלינה,F,21
פרדריקה,F,21
אישטה,M,21
ערפת,F,21
בניאמין,M,21
נאהב,F,21
מוח'תאר,M,21
אסטריה,F,21
רעדה,F,21
אחיהוד,M,21
טוביאו,F,21
אחיטוב,M,21
אדמה,F,21
פלי,F,21
נינאל,F,21
קנוע,F,21
מוכלס,M,21
רינאן,M,21
נומי,F,21
ג'ין,M,21
טיליה,F,21
קורנית,F,21
כולוד,F,21
מולדת,F,21
אסינת,F,21
אונה,F,21
עורייב,F,21
פסל,F,21
ואלי,F,21
רשד,M,21
מסרשה,F,21
מסטוול,F,21
בוסה,F,21
מייסרה,F,21
טרקיין,M,21
אמנש,F,21
חיו,M,21
דודו,F,21
יהון,M,21
יהושבע,F,21
משואה,F,21
נגוס,M,21
סיאמק,M,21
אימיל,M,21
נטף,M,21
אבים,M,21
רוואה,F,21
סלו,M,21
גורין,F,21
היבאת,F,21
סוקראט,M,21
זריהון,M,21
מאראם,F,21
וואסף,M,21
מונהאל,M,21
אטאר,F,21
רואסי,F,21
רניא,F,21
אסמרו,M,21
רויד,M,21
אנאור,F,21
אנאט,F,21
יאודה,M,21
אקי,M,21
אלשן,M,21
ליאלה,F,21
גמא,M,21
סבלה,F,21
מרליין,F,21
אבתיהל,F,21
שוקת,M,21
שורוג,F,21
וואפי,M,21
זמנאיי,F,21
אנו,F,21
בריס,M,21
חילווה,F,21
שאוק,F,21
בלין,F,21
זאביק,M,21
מטירה,F,21
רוג'אן,F,21
מקלוף,M,21
אקראם,M,21
תובא,F,21
שושה,F,21
מועיין,M,21
אסקר,M,21
לאורנט,M,21
חיכאם,F,21
ראובנה,F,21
אוילין,F,21
גליתי,F,21
סוהאר,F,21
בשא,F,21
לניר,M,21
אנאיה,F,21
צ'אלצ'או,M,21
תלגה,F,21
פרדה,F,21
קופל,M,21
בידה,F,21
רישא,F,21
ירא,F,21
שריתי,F,21
היות,F,21
סיסאיי,M,21
אנדריאן,M,21
איעד,M,21
זפירה,F,21
בת',F,21
בת-אור,F,21
אינדה,F,21
רנאד,M,21
דניסה,F,21
אבינר,M,21
מחמאד,M,21
אהדאב,F,21
אנגם,F,21
סטה,M,21
מרו,F,21
אסתרלה,F,21
רלא,F,21
רלו,M,21
זבו,F,21
פירחיה,F,21
אור-חי,M,21
ברצ'יקו,F,21
לי-טל,F,21
מחול,F,21
סיראנש,F,21
קלמנטין,F,21
אפתח'אר,F,21
ג'מי,M,21
הייל,M,21
חפץ,M,21
מזול,F,21
סנם,F,21
ברנדית,F,21
תאופיקה,F,21
יוריק,M,21
אשנפי,M,21
דנאור,M,21
קייט,M,21
הודליה,F,21
הדריאל,M,21
וניה,F,21
מליקאן,F,21
ויק,M,21
באני,F,21
דילרה,F,21
שיכה,F,21
אלברו,M,21
אלאנורה,F,20
נח'לה,M,20
שנדי,F,20
טספיה,M,20
ג'ונייד,M,20
לייבה,M,20
ג'ומאנא,F,20
דאנייה,F,20
אנל,F,20
לוזה,F,20
לוי-יצחק,M,20
שפראו,M,20
עבדאלראוף,M,20
מדעאן,M,20
סיוזנה,F,20
אילחם,M,20
תאלי,F,20
נאפד,M,20
הת'ר,F,20
גומאנא,F,20
נר,M,20
גול,M,20
שבו,M,20
תירזה,F,20
טאטינה,F,20
עבדלרחים,M,20
תיאם,F,20
בילאסאן,F,20
אפקאר,F,20
מרה,M,20
נהונד,F,20
אינג'י,F,20
אינגדאו,M,20
גרטרוד,F,20
ליונאל,M,20
אוטאן,F,20
בשירה,F,20
סרל,F,20
ריבל,F,20
מחאר,F,20
דנטה,M,20
טייסיר,M,20
והב,M,20
סטלינה,F,20
פתון,F,20
רידה,M,20
מרזוקה,F,20
רומאן,M,20
לי-עד,F,20
אלקו,M,20
תע'ריד,F,20
לסטר,M,20
אנבר,M,20
יזאנו,F,20
אורני,F,20
ריצ'ל,F,20
קלמי,F,20
פנינת,F,20
קרימאן,F,20
טהור,M,20
לאונטי,M,20
חכאם,M,20
קוותר,F,20
יאר,F,20
פרמרז,M,20
תסניים,F,20
זנאש,F,20
מקוריה,M,20
צהאיי,F,20
חלדיה,F,20
למיתא,F,20
למלמו,M,20
שהבאא,F,20
גרוב,F,20
סוקיינה,F,20
בית,F,20
רזאל,M,20
מופדי,M,20
שורי,F,20
מורגן,M,20
יסניה,F,20
מחריבן,F,20
אינדלאו,M,20
אנדריאס,M,20
נגסה,M,20
שהרזד,F,20
אימילי,F,20
גרלדין,F,20
גרמה,M,20
שהריאר,M,20
לזרו,M,20
ניזמי,M,20
עומרן,M,20
לאורנס,F,20
ווינשט,F,20
בלור,F,20
יאלאו,M,20
מקסימה,F,20
איטן,F,20
זקריאת,F,20
לניר,F,20
ג'ם,M,20
בחטיאר,M,20
קלימו,M,20
סלווין,M,20
תפחה,F,20
נידה,F,20
גלנאר,F,20
ריואן,F,20
פאחר,M,20
פכריה,F,20
ווללה,F,20
מרצל,F,20
רואל,M,20
מרסלין,F,20
נוח'ה,F,20
לנוי,F,20
לנור,F,20
מייאל,F,20
אביחן,M,20
ז'וליה,F,20
גפראן,F,20
אינסף,F,20
קאייס,M,20
אטילה,M,20
טיא,F,20
טיאב,F,20
אסמעין,M,20
אסמרלדה,F,20
מונטסר,M,20
בן-אור,M,20
שדמית,F,20
טגה,F,20
שמילה,F,20
מסטפה,M,20
מסא,F,20
סלטאנה,F,20
לליה,F,20
לליטה,F,20
מת'יו,M,20
בן-עמי,M,20
סימור,F,20
רואה,M,20
לוסיין,M,20
חוזימה,F,20
סהיר,M,20
אינאדיס,F,20
ז'ורז'ט,F,20
שי-שמעון,M,20
מיירון,M,20
ז'וליאן,M,20
מנפרד,M,20
מתניה,F,20
מולויה,F,20
דוד,F,20
דסלאי,M,20
אגי,F,20
זולאי,F,20
אסילה,F,20
אסין,F,20
משעל,M,20
מוחסין,M,20
חיה-שרה,F,20
רוסיילה,F,20
אנז'לינה,F,20
פלילה,F,20
וואס,M,20
מאריאנה,F,20
לוצ'יה,F,20
עתיי,M,20
אייס,M,20
מוכיד,M,20
הבת,F,20
ייבגני,M,20
צ'לצ'או,M,20
צ'מרה,M,20
עלמצהאי,F,20
אם,F,20
מנסה,F,20
הופ,F,20
אלהין,M,20
מנר,F,20
בובי,M,20
בודור,F,20
מנסא,F,20
אמאנדא,F,20
ליבל,F,20
שנטאל,F,20
ריקי,M,20
יקו,M,20
מוזל,F,20
שוני,F,20
עתידה,F,20
זמנה,F,20
זמורד,F,20
אבזה,F,20
אבטיסאם,F,20
פטלוורק,F,20
מאריבל,F,20
ברכי,F,20
אלכסנדרינה,F,20
סוויטלנה,F,20
אמלמל,F,20
ליפה,M,20
טרוב,F,20
טרוסאו,F,20
מים,F,20
בדיר,M,20
חסיד,M,20
סאעד,M,20
סוסו,M,20
אנילה,F,20
אלמועתז,M,20
ניצבת,F,20
וודיטו,F,20
רוקון,M,20
מהרטה,F,20
אחמיד,M,20
גאלדה,F,20
ליס,F,20
אודאי,M,20
נוריאן,F,20
דשה,F,20
אינייה,F,20
מיעאד,F,20
ארני,M,20
ארלית,F,20
נוראן,M,20
ג'וליאנו,M,20
ילינה,F,20
ארנולדו,M,20
מנואה,F,20
רחלית,F,20
מירבל,F,20
אבוהאי,M,20
שלום-שי,M,20
מהללאל,M,20
נאעמה,F,20
נאית,F,20
ראז,M,20
שוהרה,F,20
סיד,M,20
רדן,F,20
עאתקה,F,20
גיאה,F,20
ראף,F,20
אב,M,20
אבאינש,F,20
טליא,F,20
מהבש,F,20
זיינב,F,20
זימרת,F,20
וובעלם,F,20
סקרלט,F,20
ג'זיל,F,20
צליק,M,20
ישיוואס,M,20
הולואגרש,F,20
גיאורג,M,20
סאי,M,20
סאיר,M,20
מישלי,F,20
מירצה,M,20
וליה,F,20
טלאע,M,20
פיימן,M,20
פיזה,F,20
וניס,F,20
הודל,F,20
ויקטורין,F,20
מירייל,F,20
איבתיהאל,F,20
דילארא,F,20
סאומהון,F,20
סאומר,M,20
מיתאל,F,19
אלאנה,F,19
מלקמה,F,19
טמסגין,M,19
וסוולוד,M,19
חניטל,F,19
ישמח,M,19
ישיאמבט,F,19
סאטי,M,19
ג'ורג'יט,F,19
נוריהאן,F,19
נושין,F,19
טארג,M,19
ארתורו,M,19
רחמי,F,19
רמונד,M,19
תדי,M,19
איד,M,19
אגריה,F,19
אגרון,M,19
יודה,M,19
שומוע,F,19
אוני,M,19
אללי,M,19
אלמקן,M,19
וובו,M,19
עסיל,F,19
מג'דל,F,19
מבראטו,M,19
נארם,F,19
ראחיל,F,19
יוזפינה,F,19
אילהם,F,19
אילדיקו,F,19
רומיסא,F,19
אלירון,F,19
אישטבן,M,19
לוגן,M,19
צורישדי,M,19
עריף,M,19
ערין,M,19
זיגי,M,19
עראם,F,19
ענה-אל,F,19
בריל,F,19
קרביש,F,19
ריתאב,F,19
הליל,M,19
יעלת-חן,F,19
אירווין,M,19
אטאקילט,F,19
דסלה,M,19
אסמאהן,F,19
הימאן,M,19
הימאן,F,19
צוראל,M,19
מוכרם,M,19
בנדר,F,19
רואבי,F,19
נאג'ם,F,19
זוליה,F,19
מוטי-מרדכי,M,19
אנוש,F,19
אגניהו,F,19
אייריס,F,19
קבה,F,19
פאטינה,F,19
פאמלה,F,19
שיריהאן,F,19
אסצ'לו,M,19
הגוס,M,19
אטיל,F,19
יוסף-חי,M,19
גרמן,F,19
יונונה,F,19
רקאל,F,19
המיה,F,19
עטלה,M,19
תאמיר,M,19
איינו,M,19
אוסימה,F,19
סימאא,F,19
בכורה,F,19
טיאה,F,19
יבלטל,M,19
וונדה,M,19
זהוה,F,19
איילאו,M,19
דנילו,M,19
אסצ'אלו,M,19
אוסאיד,M,19
חיזגיל,M,19
עורוא,M,19
אופלי,F,19
סטצ'ין,F,19
אילריון,M,19
וואפא,F,19
פכרייה,F,19
אנדריא,M,19
פארג',M,19
דומיה,F,19
איילה,M,19
קוטייבה,M,19
גימס,M,19
אליוסף,M,19
סטן,M,19
סטרנא,F,19
ברנדי,F,19
ברנארד,M,19
חודאיפה,M,19
אוטיליה,F,19
ג'נינה,F,19
מורגאנה,F,19
מריתא,F,19
אליאת,F,19
כתר,M,19
חפצי-בה,F,19
ירד,M,19
אלידן,M,19
דניו,M,19
אטליה,F,19
ביניאם,M,19
אסרבב,F,19
קאטיה,F,19
וואלא,F,19
סטי,F,19
סטין,M,19
מאיכל,M,19
וג'דאן,M,19
שהר,M,19
מחיסן,M,19
שירהאן,F,19
מזיונה,F,19
קלרין,F,19
אבניאל,M,19
מרגורי,F,19
אצ'נפה,M,19
ניגינה,F,19
ציפיה,F,19
מאזין,M,19
סרקיס,M,19
גרי,F,19
דולורס,F,19
דוקאן,M,19
טילדה,F,19
סנתיא,F,19
לקמאן,M,19
לסיה,F,19
מאווה,F,19
ברתוקן,F,19
סיתה,F,19
רלוקה,F,19
ביזואיהו,F,19
ריבר,M,19
מזן,F,19
זאד,M,19
דורן,F,19
אנג'לינא,F,19
ג'מלה,F,19
גליקא,F,19
ליאורי,M,19
גיל-לי,F,19
גונזלו,M,19
כנז,F,19
אבילין,F,19
רוג'ינא,F,19
יאייש,F,19
מרבאת,F,19
מראן,F,19
מחמודה,F,19
מרגיט,F,19
כרמיה,F,19
שאוכאת,M,19
ירום,F,19
שאדן,M,19
קרם,F,19
סורה,F,19
רגדא,F,19
תבאת,F,19
רוגינה,F,19
בזונש,F,19
בזואיהו,F,19
אראלי,M,19
ראמין,M,19
ירינה,F,19
גילאת,F,19
אלרעי,M,19
ג'מבר,M,19
נוהילה,F,19
זר,F,19
סרקאלם,F,19
יחזקיאל,M,19
ריני,F,19
כנען,F,19
גורית,F,19
רינתה,F,19
רוואנד,F,19
מספן,M,19
ויאנה,F,19
מיגן,F,19
קורוש,M,19
זרבאיל,M,19
לנון,M,19
ג'אוד,M,19
ג'אמיל,M,19
שניאל,F,19
שניאור-זלמן,M,19
ליאורית,F,19
ז'ניפר,F,19
אביעוז,M,19
וידי,F,19
איזיל,M,19
טרנה,F,19
מייסון,M,19
חמידי,M,19
סאאידה,F,19
צגנש,F,19
אמת,M,19
ללא,M,19
גסי,M,19
טגב,F,19
ג'אנין,F,19
זרפה,F,19
צ'יקו,M,19
ואדיע,M,19
גורן,F,19
ורדי,M,19
טרין,F,19
טריז,F,19
סללאם,M,19
עדליה,F,19
הדסי,F,19
אורייתא,F,19
ראנם,M,19
קורנל,M,19
איאנאו,M,19
שדואן,M,19
צ'לה,M,19
תאהר,M,19
תאג,M,19
אינרה,F,19
אמסאלו,M,19
ליפמן,M,19
סונייה,F,19
עביידה,M,19
סאבין,F,19
גיאנא,F,19
גיאן,F,19
בהאאלדין,M,19
בהמן,M,19
שד'א,F,19
אמנדין,F,19
ליסיה,F,19
אודת,F,19
רוניאל,F,19
ניאז,M,19
שימרון,M,19
ויטוריה,F,19
ילק,M,19
חאליד,M,19
אבי-חי,M,19
ויוריקה,F,19
רמינה,F,19
טקלו,F,19
אטקה,M,19
טירינגו,F,19
דמלאש,M,19
מנחם-מענדל,M,19
מיצ'ל,M,19
עאביר,F,19
ע'ראם,F,19
ע'ית,M,19
עלוית,F,19
ג'ווד,M,19
באנצ'יאמלק,F,19
תרואת,F,19
תדסה,M,19
מנהלו,F,19
קיאנו,M,19
ממויה,M,19
טסרו,F,19
דילארה,F,19
טנגוט,F,19
איאט,F,19
אמזר,M,19
ג'ויסי,F,19
לילין,F,19
ג'וליאנוס,M,19
סולפה,F,19
ימאם,M,19
עגור,M,19
אתגר,F,19
את'יר,F,19
גייס,M,19
באטריסה,F,19
דינור,M,19
ליזת,F,19
ליזר,M,19
ג'ופראן,F,19
אזאל,F,19
הרבה,M,19
הריסון,M,19
הריס,M,19
שנדל,F,19
ליהב,M,19
ימי,M,19
רופאידה,F,19
רועית,F,19
בקלו,M,19
מדנקיה,F,19
שאני,F,19
אלנורה,F,19
סדאן,F,19
אדורד,M,19
זין,M,19
מגולי,F,19
רמון,F,19
ולאדיסלב,M,19
ונטורה,F,19
טללו,F,19
סן,M,19
מליס,F,19
פילאר,F,18
אבד,M,18
מכאיל,M,18
באגס,M,18
קייאן,F,18
מלוכ,F,18
צבייה,F,18
הודאל,M,18
פיבל,M,18
מלכית,F,18
מליך,M,18
אשבל,M,18
פרטונה,F,18
וילסון,M,18
טלי,M,18
ארתחאב,F,18
ממוס,M,18
קית,M,18
בביקר,M,18
מיסאן,M,18
וקאס,M,18
ופה,F,18
ארמו,M,18
מינו,M,18
פטנה,M,18
עלמיה,F,18
אמאיה,F,18
לידיסיה,F,18
גמיעאן,M,18
חג'אזי,M,18
נופרה,F,18
גרארד,M,18
אוג'ני,F,18
רייסה,F,18
לירין,F,18
התאף,F,18
נוראיה,F,18
ליל,M,18
נורלין,F,18
לימה,F,18
אמיר,F,18
סופיקה,F,18
סוקינה,F,18
ראה,F,18
עינאא,F,18
יניל,M,18
סוהיל,F,18
ח'וזימה,F,18
ייזן,M,18
שדמה,F,18
טבלט,F,18
רפאא,F,18
אמת,F,18
למאא,F,18
נועז,M,18
תאארה,F,18
ילאק,M,18
סטאי,M,18
יושבה,M,18
קריסתיאן,M,18
שהנדה,F,18
ג'נאט,F,18
ניגר,F,18
אהרון-רוני,M,18
זקיר,M,18
זנש,F,18
סרין,F,18
סורל,M,18
לפיד,M,18
אנאטולי,M,18
אנאי,F,18
צ'ארלי,M,18
תליא,F,18
קרון,F,18
ג'ס,M,18
אלקסיה,F,18
ג'ניט,F,18
ניהד,F,18
אלקעקאע,M,18
ברנהרד,M,18
נדי,F,18
ענאדל,F,18
וואד,F,18
רישר,M,18
סטפי,F,18
אנדרי,F,18
קאטרין,F,18
אינג'וד,F,18
סחלב,F,18
אדם,F,18
ניסה,F,18
חוור,F,18
תימורה,F,18
רימין,F,18
איקרם,F,18
ג'ראר,M,18
ג'רארד,M,18
נייתן,M,18
קריג,M,18
יועאד,F,18
יוסיפה,F,18
ברלין,F,18
תוליין,F,18
אנהבל,F,18
מאמיה,F,18
וובטו,M,18
ברהני,M,18
נביד,M,18
תיקוה,F,18
עטה,F,18
אירי,F,18
שרן,F,18
סדרא,F,18
תורי,F,18
קראמה,F,18
סיבו,F,18
אדין,M,18
זלינה,F,18
ברטי,F,18
מארקוס,M,18
זמי,M,18
רהא,F,18
אילהי,M,18
וודיאן,F,18
פסיא,F,18
ניקולי,M,18
גאנה,F,18
טאבי,F,18
ווגיהה,F,18
פרנקה,F,18
אילית,F,18
בקרי,M,18
זינוביי,M,18
אנניה,F,18
קעקאע,M,18
אדל,M,18
מארסיל,F,18
קאתיא,F,18
קסאיה,F,18
סילביא,F,18
יודיטה,F,18
זורה,F,18
אליקי,F,18
נלידה,F,18
סגאר,M,18
יעקב-ישראל,M,18
אורני,M,18
עבדאלמגיד,M,18
רנתה,F,18
סערי,F,18
רסאל,F,18
דבורה-לאה,F,18
בערל,M,18
זולפיה,F,18
תמסגן,M,18
נאגי,M,18
יואלי,M,18
לדיסלאו,M,18
טאדילו,M,18
חרמון,M,18
תורה,F,18
תייה,F,18
עזאל,F,18
נאדיר,M,18
אסטפאן,M,18
טויה,F,18
זוסיא,M,18
מוירה,F,18
מוג'הד,M,18
סעדאללה,M,18
מרשד,M,18
לבב,F,18
לאקה,M,18
שרביל,M,18
נסטסיה,F,18
ננו,F,18
גו,M,18
ננט,F,18
רנייה,F,18
איינדיס,F,18
תאמם,F,18
תאסיר,M,18
פלאי,F,18
וולה,F,18
דסלי,M,18
מוקי,M,18
צופי,F,18
ראין,F,18
חיי,F,18
לאמיה,F,18
גינאת,F,18
יקאבה,F,18
בלאיינך,M,18
דווד,M,18
מרלן,M,18
מרצ'לו,M,18
מרסייל,F,18
רובחי,M,18
תאסנים,F,18
פאיג,M,18
קן,M,18
פיתר,M,18
תואר,F,18
סירה,F,18
שרה-שרית,F,18
שרהלה,F,18
שרול,F,18
גיצא,F,18
סביה,F,18
וועאד,F,18
תסאהיל,F,18
יבגן,M,18
דומיניקה,F,18
וונדה,F,18
יגן,M,18
בירקו,M,18
שורי,M,18
מזיין,F,18
תאריד,F,18
מרדוש,M,18
היילה,F,18
גילן,M,18
ירח,M,18
ירה,F,18
ראכז,M,18
פירחית,F,18
אפראם,M,18
דונרה,F,18
יאסמה,F,18
אפנאן,M,18
אפקר,F,18
מריי,F,18
מוריד,M,18
פהדי,M,18
אייאיו,M,18
מקבלה,F,18
ביבי,F,18
בטהה,F,18
אלחארת,M,18
נרדוס,F,18
היאת,F,18
קוצאי,M,18
מטבי,M,18
מזמור,F,18
מחבוב,M,18
אפרתי,F,18
בייה,F,18
זאירה,F,18
וורוניק,F,18
מיטלי,F,18
ז'ינה,F,18
רווה,F,18
פוזה,F,18
עהאד,M,18
הזאר,M,18
נתנה,F,18
חמד,F,18
אלורא,F,18
איתיאל,F,18
ירושלמית,F,18
נתיב,F,18
וחטנג,M,18
זאזה,M,18
טשלה,M,18
פואאד,M,18
פזיה,F,18
ויוליט,F,18
סנדקו,M,18
מיכאילו,M,18
מנעם,M,18
גטה,F,18
ריפאן,F,18
ריפעה,F,18
צגה,F,18
גזאצ'או,M,18
כלארא,F,18
ז'וליט,F,18
מסימו,M,18
טרקין,M,18
ויגדאן,F,18
מעזוז,M,18
וצאל,F,18
ויוט,F,18
מיליס,F,18
מילכו,F,18
איווי,F,18
מימה,F,18
כבי,F,18
כדרה,F,18
אלה,M,18
כווסר,F,18
עביד,M,18
שימשון,M,18
בהגה,F,18
דיאאלדין,M,18
בולסלב,M,18
בוני,M,18
פיטיגה,F,18
ישראלי,M,18
סאלאם,F,18
סאלווה,F,18
ראסל,F,18
גיז'רמו,M,18
פרבנה,F,18
פרג'ה,F,18
פראת,F,18
שייח'ה,F,18
סנאיט,F,18
מלישו,F,18
מירות,F,18
טלמון,M,18
איגי,M,18
ארקיה,F,18
שג'ף,F,18
ראג'ה,F,18
עאודה,F,18
סוליקו,F,18
איסבלה,F,18
רילאם,F,18
ליהוד,F,18
ג'יאן,F,18
ימרוט,F,18
איסמא,F,18
סוכאינה,F,18
ליהו,M,18
אזאנו,F,18
נזיקו,F,18
אמורה,F,18
ולאדה,F,18
לטי,F,17
אתיופיה,F,17
מכארם,F,17
מישלה,F,17
ג'משיד,M,17
ולי,F,17
מלין,F,17
סאל,M,17
אשוט,M,17
דייל,F,17
סמיין,F,17
מירונה,F,17
סנדיאן,F,17
אולגא,F,17
פניאל,F,17
הנדייה,F,17
אלקי,F,17
ג'נטה,F,17
הנריטה,F,17
באנצ'אמלק,F,17
חסי,F,17
עגל,M,17
קידיסט,F,17
אוואיס,M,17
אוואב,M,17
נילית,F,17
ג'קסון,M,17
איסתיר,F,17
ינטפו,F,17
עימרי,M,17
אלשד,M,17
ראהד,M,17
ינטא,F,17
הלגה,F,17
צ'קול,M,17
אושריה,F,17
טאיר,M,17
נטעיה,F,17
ג'יסיקה,F,17
ליבית,F,17
חגילו,F,17
ליזטה,F,17
מיקיילה,F,17
באשה,F,17
סאנע,F,17
כהרמאן,F,17
סאגידה,F,17
כאמיליה,F,17
טרוור,M,17
טפליגה,F,17
אבה,M,17
טקה,M,17
כדיה,F,17
גיבטה,F,17
אורייט,F,17
רליה,F,17
טרוייה,F,17
ימקיר,F,17
גאון,M,17
ינטי,F,17
האזאר,F,17
ימן,F,17
הרבי,M,17
תירן,M,17
ליוסיה,F,17
אורל,F,17
עבדרבה,M,17
אלא,F,17
סאדר,M,17
בהיג,M,17
מנן,F,17
תקיי,M,17
אבי-עד,M,17
איזאבל,F,17
סליאור,M,17
תרואת,M,17
ששה,F,17
אירוינג,M,17
סוליימן,M,17
סוליאנה,F,17
אודין,F,17
אמזרי,M,17
נזלה,F,17
ג'וזי,F,17
אריך,M,17
רשלה,F,17
עדיה,M,17
מילאגרוס,F,17
מילוק,F,17
טריף,M,17
פטי,F,17
צעירה,F,17
נוריין,F,17
לומה,F,17
גאלינה,F,17
אלמראו,M,17
שפק,F,17
ילין,M,17
הרטה,F,17
הרון,M,17
בווקט,M,17
אוריל,M,17
אורלי,M,17
כורדיה,F,17
מיכאי,M,17
בוסאינה,F,17
סניה,M,17
סלמאוויט,F,17
יישי,F,17
ליני,F,17
הרשי,M,17
גאנת,F,17
אלמיר,M,17
אלנור,F,17
פסה,F,17
אמריה,F,17
שריטה,F,17
סאבא,F,17
מסי,F,17
מיימון,M,17
קלודיו,M,17
פוליאנה,F,17
מסרשאו,M,17
בוז'נה,F,17
שמסי,F,17
ריקארדו,M,17
אוגן,M,17
גנרייטה,F,17
נופג'ה,F,17
סלוואה,F,17
רוואידה,F,17
עובייד,M,17
גורמי,M,17
גוריון,M,17
חנה-חן,F,17
שיפראו,M,17
צפייה,F,17
גבטה,F,17
לויד,M,17
ואלה,F,17
עלמיתו,F,17
ייטי,F,17
ג'אפר,M,17
טגנש,F,17
שהדי,M,17
רייכל,F,17
אומימא,F,17
גדה,F,17
נירוונה,F,17
שקדיה,F,17
אינון,M,17
מייאס,F,17
אבינט,F,17
דוריטה,F,17
סלבו,M,17
סלאף,F,17
רוגה,M,17
מאג'ידה,F,17
עזרה,M,17
שמטוב,M,17
רגיה,F,17
זקרייה,M,17
עמד,M,17
נהאיא,F,17
בחור,M,17
הויידה,F,17
סאסי,F,17
גילאור,F,17
ראשיל,F,17
מיאם,F,17
מקטה,M,17
סלאוה,F,17
סלאבה,M,17
בז,M,17
נהוראי,F,17
אנגיל,F,17
יפטוסרה,F,17
לואן,M,17
טהני,F,17
רוסי,F,17
אדנץ',F,17
גוסי,M,17
שטו,M,17
אביסף,M,17
סירינא,F,17
מטווי,M,17
אקלו,M,17
נדיא,F,17
נמרה,F,17
לדן,F,17
הילל,F,17
מאייסה,F,17
מאיק,M,17
זמרתיה,F,17
אימרן,M,17
אנדאלאו,M,17
אהב,M,17
אינאל,F,17
ביטאו,M,17
רינט,M,17
אלחוסיין,M,17
פדהצור,M,17
דוראר,M,17
דולה,F,17
רוביק,M,17
מקוריאו,M,17
גרר,M,17
יפעתי,F,17
טאדלו,M,17
להלי,F,17
שלמית,F,17
תאימה,F,17
טובל,F,17
אנדרגה,M,17
אעתימאד,F,17
אבקילש,F,17
הדאייה,F,17
סיריל,F,17
מורתדא,M,17
בימראו,M,17
בילגו,F,17
אנטל,F,17
חיביט,F,17
דרגה,M,17
בריג'ט,F,17
מאנל,F,17
מאניסה,F,17
קאילה,F,17
יוסף-אסף,M,17
מגדלינה,F,17
זהאר,F,17
אליא,F,17
ביסט,M,17
ווסלי,M,17
סיסיליא,F,17
טיילור,M,17
גואדה,M,17
חייט,F,17
רוטשילד,M,17
אילייה,M,17
ברוש,M,17
שוטא,M,17
הידי,F,17
רוונק,F,17
רנדל,M,17
דויט,M,17
דוי,M,17
אג'ווד,M,17
מרלי,F,17
לאתין,F,17
גוברין,M,17
דאלידא,F,17
רוזה,M,17
ספירית,F,17
עסריה,F,17
מהארן,M,17
אלינעם,F,17
נסראלדין,M,17
עופראן,F,17
יוהנתן,M,17
יוהניס,M,17
זיוי,F,17
נאהלה,F,17
אייטן,F,17
אליאיר,M,17
טחיר,M,17
טיבי,M,17
מרסאל,F,17
קווה,M,17
קוג'אן,M,17
זוביידה,F,17
ווטין,F,17
מוברק,M,17
קארלא,F,17
קארל,M,17
זיגו,M,17
דעאס,M,17
נאוראי,M,17
נאונילה,F,17
אגניו,M,17
סינאל,M,17
רובאן,F,17
צהר,F,17
מונתאסר,M,17
מונטהא,F,17
בליין,F,17
בליג,M,17
ווללאו,M,17
פאולוס,M,17
מונטי,M,17
פרחית,F,17
ריזה,F,17
איישה,F,17
טורן,F,17
טורו,F,17
טזה,F,17
מוחיאלדין,M,17
ערפה,M,17
יודיתה,F,17
קסאי,M,17
קסאי,F,17
שועיב,M,17
נפך,F,17
אוקטאי,M,17
אוקה,M,17
עוסמן,M,17
גוויל,F,17
נאגח,F,17
עתיה,F,17
מויזס,M,17
אסואר,F,17
זוייה,F,17
פאג'ר,F,17
דוחי,M,17
מתן-חיים,M,17
אסייה,M,17
מוטקה,M,17
דללין,M,17
מלך,F,17
רמאל,M,17
ראפיף,F,17
ישראלית,F,17
רויי,M,17
איבתהאג,F,17
שאריף,M,17
אולביה,F,17
איראדה,F,17
איקו,M,17
איקה,M,17
שת,M,17
לטפי,M,17
ששיטו,F,17
סהייב,M,17
סואלי,F,17
אוטרי,M,17
מכרם,F,16
פייאד,M,16
אלבין,M,16
אשגריה,M,16
רמי,F,16
ג'מיעה,F,16
חואטו,M,16
איפתיסם,F,16
עבדאלחלים,M,16
שאשיטו,F,16
ניגיסט,F,16
ציצינו,F,16
לי-עד,M,16
ניוה,F,16
רונאלד,M,16
רון-אל,M,16
סאכר,M,16
פרבין,F,16
איכרם,F,16
קסאיי,F,16
שלבה,M,16
דבריטו,F,16
סילוי,F,16
רהפ,F,16
יהעלם,M,16
פאדה,F,16
מוחרם,M,16
מתילד,F,16
מומין,M,16
סילס,M,16
יקתרינה,F,16
גילס,M,16
רומיאל,M,16
בנא,F,16
רכאז,F,16
שרהאן,F,16
גוהן,M,16
נצאנט,F,16
נצ'ו,M,16
אטינקוט,M,16
משוש,F,16
ריוה,F,16
תאמים,M,16
אגון,M,16
קנדי,F,16
קהרמאן,F,16
סינאם,F,16
ראינה,F,16
טורל,M,16
מוהלל,M,16
יהאל,F,16
מרין,M,16
אסגד,F,16
רבחה,F,16
ווטאן,F,16
אנתסר,F,16
אדגרד,M,16
אחמד,F,16
בסריון,M,16
לאה-ליאת,F,16
עוטמאן,M,16
מונס,M,16
אסמת,F,16
זוהיירה,F,16
מועאוויה,M,16
אסמרץ,F,16
וובסרה,F,16
עקרם,M,16
שולום,M,16
היכל,F,16
אוסמאן,M,16
מהלט,F,16
זייס,M,16
קאסייה,F,16
איליאנא,F,16
מדלינה,F,16
עבדולה,M,16
גויל,F,16
מוסעד,M,16
מועדי,M,16
וולרי,F,16
רואיידה,F,16
מרילנה,F,16
גולני,M,16
כריסתינה,F,16
דניזה,F,16
מור-מרדכי,M,16
זהרית,F,16
זהרואן,F,16
מריאה,F,16
ווגר,M,16
סג'יע,M,16
גובראיל,M,16
נסיל,F,16
ווהבי,M,16
בראנה,F,16
יולינה,F,16
אנינה,F,16
אסרסץ',F,16
רז'ין,F,16
אברון,M,16
דולפין,F,16
מוראם,F,16
בראדלי,M,16
אליסבט,F,16
סידוניה,F,16
ברהן,F,16
ברהם,M,16
קאנאו,M,16
שווק,F,16
נברט,M,16
אנטסר,F,16
זלאלם,M,16
מרים,M,16
מורני,F,16
בינאן,M,16
מריאל,M,16
בידאא,F,16
ברטינה,F,16
זליק,M,16
אחיעם,M,16
מארלא,F,16
מארה,M,16
מאלק,M,16
נגח,F,16
אברהם-חיים,M,16
פארידה,F,16
ביסאל,F,16
גולנורה,F,16
שרחביל,M,16
קלקידן,M,16
אייבן,M,16
בייה,M,16
דאבה,F,16
גדעאן,M,16
גריר,M,16
נגש,M,16
תאימא,F,16
רישארד,M,16
וואטין,F,16
זיסו,M,16
וופיקה,F,16
אכלס,F,16
כראמה,M,16
רכס,M,16
מרטון,M,16
נתיבה,F,16
מטיקה,F,16
סירינה,F,16
רובנס,M,16
דוריאנה,F,16
מטוקו,M,16
עזו,M,16
ברנדן,M,16
ברנדל,F,16
וואלה,F,16
נהד,F,16
אורי-אל,M,16
תחריר,M,16
אייאסו,M,16
פדור,M,16
קלרט,F,16
ירושלם,F,16
אביעם,M,16
מיאד,M,16
יורית,F,16
שמחו,M,16
יערב,M,16
סגל,F,16
ניריה,M,16
אינדיה,F,16
טדפה,F,16
אזנג,F,16
עמיליה,F,16
מראון,M,16
שחרי,M,16
אלזהרא,F,16
צדק,M,16
כיתאם,F,16
יאווה,F,16
רוד,M,16
ארגוואן,F,16
מאג'יד,M,16
עלמצהיי,F,16
גברא,M,16
וג'וד,F,16
לרון,M,16
סורי,M,16
יזבלה,F,16
עמאדאלדין,M,16
עלקי,F,16
ריבא,F,16
סארין,F,16
איתיה,M,16
ייטב,F,16
פרהנאז,F,16
למעה,F,16
אומן,F,16
לודויג,M,16
אינזה,F,16
תאויל,F,16
לנואל,F,16
נווית,F,16
נהרואן,F,16
ז'רום,M,16
אבינועם,F,16
חמאמה,F,16
אלול,M,16
כלסום,F,16
כלאפו,M,16
איחלס,F,16
איזרו,M,16
סלוואן,F,16
דמקץ',F,16
מספינט,M,16
מיידה,F,16
שיקו,M,16
ויאלטה,F,16
פריז,M,16
אמרן,M,16
אלמוש,F,16
צחלה,F,16
גבינש,F,16
הילת,F,16
ללא,F,16
עלמוורק,F,16
רשדיה,F,16
מיימנה,F,16
מיימונה,F,16
ארטורו,M,16
רחב,F,16
יעקבה,F,16
צאלח,M,16
לירם,F,16
אוגט,F,16
גנת,F,16
גנעשא,F,16
סוסו,F,16
אמנדא,F,16
נוראלהודא,F,16
ואטין,F,16
נולאן,M,16
אביאסף,M,16
בונה,F,16
בונא,F,16
אבידר,M,16
טרלן,M,16
אמיתיי,M,16
עלואן,M,16
חור,M,16
עלאה,M,16
עלאאדין,M,16
לימור,M,16
ג'והן,M,16
שמעוני,M,16
פורטון,F,16
שי-שלמה,M,16
סאברה,F,16
אורי-משה,M,16
מילאא,F,16
בוכור,M,16
טיראן,F,16
טינטין,F,16
איאר,F,16
נוריס,F,16
אמיליאן,M,16
אמיליא,F,16
אמיל,F,16
שגה,F,16
ראוידה,F,16
אזה,F,16
רולנדו,M,16
תחריד,F,16
תורכייה,F,16
פיסהה,M,16
סאדן,F,16
רחל-לאה,F,16
ריאד',M,16
איזאק,M,16
רפאעי,M,16
רביח,M,16
אלסדיק,M,16
ניעמת,F,16
לייאל,F,16
ליי,F,16
אמוויש,F,16
נזר,F,16
קלב,F,16
בהאר,F,16
ראנייא,F,16
הומא,F,16
מניסה,F,16
טרונך,M,16
סלסבילה,F,16
תגסת,F,16
טרודי,F,16
טקקל,F,16
מיקלוש,M,16
שפיגה,F,16
איסו,M,16
טאקלה,F,16
האידי,F,16
ג'וספין,F,16
שבת,M,16
ליואא,M,16
נורמן,F,16
עבאד,M,16
רפיה,F,16
גנה,M,16
ליוי,M,16
ג'ורג'יית,F,16
צ'קלה,M,16
אווילין,F,16
בבו,M,16
בבה,F,16
כאתיה,F,16
כאמיליא,F,16
ארנסטינה,F,16
שימון,M,16
ויטא,F,16
בהאן,F,16
טירנית,F,16
ריסי,F,16
ממי,F,16
טל-שחר,F,16
טל-אל,F,16
פרי-אל,F,16
וילנה,F,16
ריאבאל,M,16
פיליפה,M,16
ארש,M,16
טמורי,M,16
נימאר,M,16
ינסאו,F,16
גמאר,F,16
גמלה,F,16
ג'יסלה,F,16
ניברט,M,16
ניטה,F,16
ראודור,M,16
ג'סוב,M,16
שפאעה,F,16
נילא,F,16
ג'רי,F,16
מישו,M,16
רמדן,M,16
וירגיניה,F,16
באוקטו,M,16
ולאדי,M,16
מל,M,16
שייה,M,16
גיום,M,16
סאלמי,F,16
ראסן,M,16
אסטברק,F,16
מתין,F,16
בנט,M,16
משאל,M,16
רוהאן,F,16
אשרי,F,16
ונוס,F,16
ולים,M,16
צבריה,F,16
מלווינה,F,16
ולה,F,16
פריבורז,M,16
סהל,M,16
שתוה,F,16
יסעור,M,16
גלעד,F,16
אתמאר,F,15
שיילו,F,15
פייט,F,15
ולאה,F,15
שווקת,M,15
פרנציסקה,F,15
יוכבת,F,15
סידר,F,15
בראק,M,15
עציונה,F,15
מהיב,M,15
דבינה,F,15
דבלט,F,15
יוהאניס,M,15
מלקם,M,15
מלפיה,F,15
שיך,M,15
מירם,F,15
יסף,M,15
ג'קומו,M,15
סדקי,M,15
יעוז,M,15
רקאד,M,15
אשואג,F,15
גיוליה,F,15
סאי,F,15
רחמים-רמי,M,15
חוגי,M,15
נייג'ל,M,15
ג'נבייב,F,15
ג'נוה,F,15
לי-דור,M,15
לי-מור,F,15
מלקות,F,15
יוזה,M,15
חיות,F,15
עופרת,F,15
נסריה,F,15
נסיים,F,15
זינט,F,15
זינש,F,15
אנרם,F,15
ריעאן,M,15
שאשע,F,15
שבבאו,M,15
אבוחי,M,15
שולים,M,15
רויאם,F,15
סבליי,M,15
גינאדי,M,15
און,F,15
ברהני,F,15
דסלן,M,15
מוגוס,M,15
דילבר,F,15
באסלה,F,15
מנאלה,M,15
ריממה,F,15
הנאה,F,15
חוטר,M,15
לורינא,F,15
פראת,M,15
חסד,F,15
אדילה,F,15
עפנאן,M,15
אניאלה,F,15
רסלן,M,15
גינענדיל,F,15
סבינג',F,15
פיליף,M,15
ריאאם,F,15
וילן,M,15
עין,F,15
שתיה,F,15
טל-חיים,M,15
יקיין,F,15
שלינה,F,15
נג'וואן,F,15
מברוק,M,15
זיאנה,F,15
אסובלו,M,15
שלבי,F,15
אייתן,M,15
אילושה,M,15
סילוואן,F,15
סילבאן,M,15
רנת,M,15
מוזיאן,F,15
סקיילר,F,15
זיק,M,15
מוזנא,F,15
נאדירה,F,15
רבית,F,15
תיסייר,M,15
ג'ראח,M,15
לורון,M,15
נילס,M,15
נייה,F,15
ישראל,F,15
יהושע-שי,M,15
אליציה,F,15
נס-לי,F,15
גוואנה,F,15
חיל,F,15
לאמיתא,F,15
מיננה,F,15
ארסטה,F,15
רטיבה,F,15
עינאיאת,F,15
הנריקה,F,15
ניגיאר,F,15
ג'ים,M,15
מנדר,F,15
ברייני,F,15
מאסטוול,F,15
בריה,F,15
מאריא,F,15
מאריתה,F,15
קראון,F,15
אד,M,15
מוחמדין,M,15
סימאר,M,15
מנואר,M,15
מנווא,F,15
ויין,M,15
הרדוף,F,15
חאתם,F,15
ענברה,F,15
וואסם,M,15
נפאל,F,15
צופיא,F,15
נאג'ד,M,15
קנן,M,15
קנדלה,F,15
מתן-משה,M,15
רוסליה,F,15
זמד,F,15
אנזליקה,F,15
אליושה,M,15
יראון,M,15
דמלש,M,15
דמטרי,M,15
דמיד,M,15
רולי,F,15
אלדמע,F,15
איסעאף,F,15
חבקוק,M,15
רונה,M,15
זויא,F,15
זוכרה,F,15
קדר,M,15
דרלין,F,15
נגיסטה,F,15
אנחלה,F,15
אנולה,F,15
אגוד,M,15
איינה,F,15
איינהו,M,15
תמרי,M,15
אמאן,M,15
אלענה,F,15
נימרה,F,15
עייאשה,F,15
עיוש,F,15
עיאדה,F,15
סלמלק,M,15
סלמנש,F,15
קחבר,M,15
שיבת,F,15
גמרה,F,15
עאשה,F,15
ליחי,F,15
שיאן,F,15
אלה-לי,F,15
כורם,M,15
עבטאן,M,15
חסניה,F,15
פטאם,F,15
לדיסיה,F,15
עבדאלפתאח,M,15
סגל,M,15
רכאד,F,15
נץ,M,15
קלבה,F,15
עיניה,F,15
תכלת,M,15
רפידה,F,15
עומאיר,M,15
אור-חן,F,15
רומיאל,F,15
רישה,F,15
תאייר,M,15
נדאל,M,15
שלף,M,15
פרשיד,M,15
סינאא,F,15
בנדיקט,M,15
משב,M,15
אטנקוט,M,15
פריהוט,F,15
הליה,F,15
ציורי,F,15
לוני,F,15
בואדי,F,15
רשיקה,F,15
עדינו,M,15
זוזט,F,15
עבדוללה,M,15
עוטר,F,15
תיאסיר,M,15
היידן,M,15
שמגר,M,15
אנדראו,M,15
מאלא,F,15
הונניאו,M,15
רומא,M,15
ריפעאת,M,15
חרות,M,15
אביבי,M,15
נזלי,F,15
מסוד,M,15
ידידה,M,15
קודס,F,15
בלאינך,M,15
צח-יצחק,M,15
סטיוון,M,15
גרדה,F,15
פתייה,F,15
ברנו,M,15
נקדימון,M,15
נצן,M,15
ירבבו,F,15
פרנז,F,15
טרקו,M,15
שי-שמואל,M,15
אולינה,F,15
אורסיו,M,15
עטואה,M,15
סינטיהו,F,15
זנטה,F,15
עמישדי,M,15
שיריאל,F,15
וונדים,M,15
וונדמו,M,15
רנט,F,15
מאדי,F,15
מאהה,F,15
שהראם,M,15
ברצ'קו,F,15
יזבלם,F,15
סרקלם,F,15
עיראן,M,15
פנטאיה,F,15
רשביל,M,15
כלייר,F,15
ראלי,M,15
בירגיט,F,15
בירהן,M,15
נשאאת,M,15
אור-ים,M,15
עלמצהאיי,F,15
בשן,M,15
נואהד,F,15
אהל,M,15
עמיטל,M,15
זעים,M,15
בינם,M,15
לונאר,F,15
ניצוך,F,15
ניצחיה,F,15
עדריאל,M,15
הזל,F,15
סנדקה,M,15
מסטוואל,M,15
מריאמי,F,15
עזריקם,M,15
גברו,M,15
ראחלה,F,15
אסתר-מלכה,F,15
רובייר,M,15
ססר,M,15
מייאן,F,15
מערבי,M,15
מעיופה,F,15
שמעי,M,15
שמעיהו,M,15
בוסתן,M,15
פיקרה,F,15
גוריה,F,15
סיפן,F,15
אבנית,F,15
אורגל,F,15
כפיה,F,15
סבה,M,15
דוניאנא,F,15
חמדן,M,15
ח'מיסה,F,15
הלאל,F,15
חופני,M,15
תפארה,F,15
פודא,F,15
אוביט,F,15
סורלה,F,15
פגר,F,15
מזגבו,M,15
אומנייה,F,15
אנאא,F,15
פריסה,F,15
סירג',M,15
אפתיחאר,F,15
עאאד,M,15
האגוב,M,15
פלר,F,15
רוגין,F,15
רוגינא,F,15
סלבטור,M,15
מזמור,M,15
מחבה,F,15
אטקילט,F,15
צ'ילוט,M,15
יטייש,F,15
ראזק,M,15
סיתונית,F,15
עוגן,F,15
אורגוואן,F,15
ע'אדה,F,15
ג'דעאן,M,15
ג'אהן,F,15
טגאו,M,15
אזיז,M,15
גילאון,M,15
שריד,M,15
ח'וריה,F,15
אמלקו,M,15
נופא,F,15
מקבול,M,15
חזאם,M,15
חזקאל,M,15
לוזיאנה,F,15
גאשו,M,15
מחסנה,F,15
מחפוד,M,15
מחרז,M,15
סלאווא,F,15
סונדיס,F,15
עלינא,F,15
רונילי,F,15
בטול,F,15
מקונט,M,15
יאל,F,15
נוני,F,15
נוני,M,15
ג'ברא,M,15
ג'בראן,M,15
יטנברש,F,15
גראח,M,15
יחזקל,M,15
רזלן,F,15
וז'ה,M,15
אציק,M,15
נשידה,F,15
כמר,F,15
כנזי,F,15
גוסטאבו,M,15
גוסיאן,F,15
ליראז,F,15
בטחה,F,15
אבבו,M,15
אלגה,F,15
תרוות,M,15
פלורידה,F,15
נסאף,F,15
גיסון,M,15
חצב,M,15
זימבול,F,15
מדיין,F,15
צביחה,F,15
לי-אב,M,15
גלעדי,M,15
רודשל,M,15
קייד,M,15
פייביש,M,14
אתי-אסתר,F,14
מלווין,M,14
מירצ'ה,M,14
מלכיה,F,14
ראובת,F,14
ג'נת,F,14
ניחה,F,14
קיים,M,14
לי-נס,F,14
אמאליא,F,14
טמרט,M,14
טלמה,F,14
סיימור,M,14
יוחים,M,14
ברה,F,14
זינאש,F,14
נבי,M,14
ספירו,M,14
מהאני,F,14
בסמללה,F,14
סאייד,M,14
כאיס,M,14
באנצ'יגזה,F,14
ליאא,F,14
יאיל,M,14
תג'ויד,F,14
דורותה,F,14
מקי,M,14
ואילה,F,14
ח'ייריה,F,14
אוגני,F,14
ג'דוע,M,14
אביץ',M,14
יאלו,M,14
ייגור,M,14
עלמנאו,M,14
דריס,M,14
זאד,F,14
זאדת,F,14
ביהאן,F,14
ג'וג'ו,M,14
קתיבה,M,14
שדה,F,14
סוסאנה,F,14
שטערנה,F,14
קלימנטי,M,14
פסיל,F,14
ציבי,F,14
אלמזן,F,14
גבייאו,M,14
גבאר,M,14
ביזונש,F,14
קוסטיה,M,14
מטאוע,M,14
קלמו,M,14
יאזאן,M,14
גבייהו,M,14
ראחיק,F,14
גונא,F,14
גונל,F,14
כפאיא,F,14
נרלי,F,14
חלידה,F,14
עוודה,M,14
אוראליה,F,14
ליש,M,14
נוחם,M,14
אינז,F,14
גילאל,M,14
ראשון,M,14
פנואל,M,14
אמלמאל,F,14
בז'נה,F,14
בזואייהו,F,14
ביאדגלין,M,14
ארבין,M,14
גאסן,M,14
האבטו,M,14
סולמאן,M,14
יאבגני,M,14
הזר,F,14
אלוינה,F,14
מזנה,F,14
מחאמד,M,14
רלי,M,14
יטברק,M,14
נירו,M,14
צחור,M,14
שירי,M,14
אפרתה,F,14
פבריציו,M,14
קלריטה,F,14
מזין,F,14
יאלמוורק,F,14
זרמה,F,14
טגן,M,14
טגנייה,M,14
אנאאל,F,14
דורו,M,14
סירג',F,14
דורוטי,F,14
מזלטוב,F,14
שחלה,F,14
מרגה,F,14
ג'והר,F,14
אודאל,M,14
חאמזי,M,14
רייצה,F,14
חוסאן,M,14
יאור,M,14
תפאחה,F,14
ז'ראר,M,14
קורט,M,14
מושקה,F,14
ביל,M,14
אנאור,M,14
ואפד,M,14
ואקד,M,14
יזאק,M,14
צ'אד,M,14
עאכף,M,14
ג'וליטה,F,14
אמיני,F,14
בוריסלבה,F,14
אורחן,F,14
טיבבו,M,14
סבאר,M,14
צ'אלאצ'או,M,14
צ'ומה,F,14
לקץ',F,14
קרלין,F,14
ברקן,F,14
זביידה,F,14
זבלו,M,14
יאסיר,M,14
חמדאלה,M,14
דנאי,F,14
אייאנאו,M,14
אביו,M,14
ז'ולייטה,F,14
עמיאלה,F,14
היתאף,F,14
חטאם,F,14
לוג'יאן,F,14
אסתרינה,F,14
אעמר,M,14
אסרר,F,14
מושאיל,M,14
דניאלי,M,14
מיחאי,M,14
מיטא,F,14
ניעמאן,M,14
רבי,F,14
סדל,F,14
אירסיל,M,14
אכתמאל,F,14
שרחה,F,14
שאוגי,M,14
רייחן,F,14
אנגאו,M,14
סרינא,F,14
קלתום,F,14
זהא,F,14
ראביה,F,14
ראג'א,F,14
גנענדל,F,14
רג'אא,M,14
פקרו,M,14
חאלוד,F,14
ראבי,M,14
גייא,M,14
אלהן,M,14
צגאנש,F,14
צגרדה,F,14
מייסר,M,14
נקאא,F,14
מרימאר,F,14
אייהאם,M,14
אייהו,M,14
פרלין,F,14
אברך,M,14
מורגאן,M,14
אינדיס,F,14
לואל,M,14
אבשג,F,14
בכרי,M,14
מוצטפה,M,14
אסראה,F,14
שוריק,M,14
מוקיד,M,14
קריסתין,F,14
אנג'ילה,F,14
היוון,F,14
היוות,F,14
כריסטו,M,14
פנטאי,F,14
ליידי,F,14
נז'אח,F,14
נוריה,M,14
לייף,M,14
ז'וזה,M,14
ארטמיי,M,14
איסאר,M,14
עטף,F,14
אירוין,M,14
שרת,M,14
פח'רייה,F,14
תורקי,M,14
שמוך,F,14
עמשה,F,14
אהדא,F,14
אהרוני,M,14
אהוד,F,14
דוהא,F,14
קמר,M,14
מרלין,M,14
קאוטר,F,14
נדינה,F,14
שאמל,M,14
מאייר,M,14
סטיי,M,14
זממו,F,14
זמינה,F,14
אדמס,M,14
אליאט,F,14
כרמלי,F,14
אור-יוסף,M,14
גיליל,M,14
ירדאו,M,14
אביגל,M,14
איזדהר,F,14
אטר,F,14
רשאן,F,14
מסגנו,M,14
לייזה,F,14
אמחמד,M,14
לייאן,F,14
אודיה,M,14
אזדהר,F,14
טג'ו,M,14
סנדרא,F,14
יהאלי,F,14
זוהאר,M,14
שירין,M,14
מועטאז,M,14
דסאלן,M,14
דסאש,F,14
ססילי,F,14
סנאר,F,14
הלייל,M,14
הליין,F,14
לוסינדה,F,14
מילדה,F,14
סאף,M,14
ריסאם,F,14
רשלין,F,14
פאטום,F,14
זוהרי,F,14
אסנאת,F,14
בליהון,M,14
אנדלו,M,14
אדראג'ו,M,14
שוקרייה,F,14
רואעה,F,14
ארייה,M,14
דיוה,F,14
דנבולו,F,14
ליויו,M,14
עינם,F,14
עינר,M,14
אושיר,M,14
סולו,M,14
סולומיה,F,14
עיאת,F,14
ג'ורג'י,M,14
אור-דוד,M,14
רישאר,M,14
טהאר,M,14
אנדריאנה,F,14
נגט,M,14
ליטב,F,14
סאדיק,M,14
כוות'ר,F,14
הובא,F,14
פאוז,F,14
קנאנה,F,14
רדאי,M,14
יוספי,M,14
יוסר,M,14
גדפאו,M,14
גדם,F,14
טאבע,F,14
אישי,M,14
אליזבתה,F,14
גוטע,F,14
מילאני,F,14
אמבצ'או,M,14
דמלאו,M,14
סבירה,F,14
אגמית,F,14
שכרי,M,14
קנדי,M,14
מוללין,M,14
אמג'אד,F,14
אלפא,F,14
אלפטינה,F,14
עטרשאן,F,14
סלנה,F,14
טרוי,M,14
גנאל,F,14
גנאם,M,14
אמגאד,F,14
חכימה,F,14
חים,M,14
שועאע,M,14
אסטילה,F,14
אגזאו,M,14
ספוואן,M,14
קאמי,M,14
סיאלו,F,14
דנסה,F,14
גין,M,14
ישמבט,F,14
רולי,M,14
גטנת,M,14
אזאוונט,F,14
ג'יאהד,M,14
ג'זאלה,F,14
וילהלם,M,14
ג'ילבר,M,14
ראדו,M,14
ג'יי,F,14
האימאנוט,F,14
מנון,F,14
מנדריה,F,14
רואאיה,F,14
אחיאב,M,14
פרומיט,F,14
טוודרוס,M,14
בריטו,F,14
פלי,M,14
איימאר,M,14
פרנסיסקה,F,14
ראיס,M,14
ג'לאן,F,14
ניאר,M,14
ג'יסיכא,F,14
ארסלן,M,14
קטלה,M,14
מאסאל,F,14
קרה,F,14
מארייא,F,14
מאריס,F,14
דרו,M,14
וולדה,M,14
נאאיל,M,14
בהאי,M,14
פטפט,F,14
וייצ'סלב,M,14
וייצמן,M,14
לורדנה,F,14
נינת,F,14
שארי,F,14
דדו,M,14
אחסו,F,14
איירי,M,14
שרא,F,14
נסאיים,F,14
חיאל,M,14
אלייאן,F,14
אלייז'ה,M,14
לאית',M,14
אייתן,F,14
מינצא,F,14
וסיפה,F,14
הנריית,F,14
שומרי,M,14
מוואדה,F,14
סילוה,F,14
סיירה,F,14
ערף,M,14
זורה,M,14
בניה,F,14
דאלה,F,14
אנטיסאר,F,14
בנין,M,14
מיק,M,14
בבי,M,14
כאמיל,M,14
כאתרינה,F,14
אלאי,M,14
לוראנס,M,14
רבחייה,F,14
מנג'ד,M,14
ארקיהון,M,14
ארקם,M,14
תרה,F,14
ג'רמיה,M,14
חווא,F,14
חואא,F,14
ג'מרה,M,14
ניגוסה,M,14
דיראר,M,14
וויאן,F,14
מאשי,F,14
שווכת,M,14
קאמילה,F,14
מוגירה,M,14
דיליארה,F,14
אש,M,14
באסמלה,F,14
מיראג,F,14
לוריאל,F,14
רימן,F,14
שייאל,F,14
ענר,F,14
אדיסלם,F,14
אניבל,M,14
אילין,M,14
סיוור,F,14
סידי,F,14
איתהאל,F,14
רבבה,F,14
רבו,M,14
תיריזא,F,14
הבטה,F,14
טאטיינה,F,14
טאיו,M,14
הבאת,F,14
איעתידאל,F,14
אבובאקר,M,14
טמיר,F,14
אדברד,M,14
ספידה,F,14
אטהון,F,14
דאלאל,F,14
עותניאל,M,14
אחמאד,M,14
אגר,F,14
אגרו,M,14
פרגה,F,14
מלאת,F,14
בראד,M,14
קאסיה,F,14
ספניה,M,14
מגנניה,F,14
בקה,F,14
מהדר,F,14
סובח,M,14
איקי,M,14
באייש,F,14
סאלוה,F,14
פידאה,F,14
ניהיא,F,14
ציסנה,F,14
ליאונורה,F,14
ביאטריסה,F,14
נשואן,F,14
גוסף,M,14
גאנט,F,14
אורפל,F,14
ריקאן,M,14
מרבין,M,14
אבאנוב,M,14
סמניש,F,14
סנאייט,F,14
נסאל,M,14
שאים,M,14
ראיי,M,14
מהאב,M,14
אלאמר,F,14
גיונאי,F,14
ניחא,F,13
אבבש,F,13
גיורג,M,13
ראסמי,M,13
באמנט,F,13
מירזה,M,13
גלילי,M,13
הדורם,M,13
שראי,F,13
ראייד,M,13
עצמת,F,13
תתיאנא,F,13
מלורי,F,13
אבטמו,M,13
סהירה,F,13
ג'פרסון,M,13
יסרין,F,13
מירלא,F,13
אשגריי,M,13
דייוי,M,13
סמיהן,F,13
דרבבאו,M,13
טולי,M,13
קאסי,F,13
סיטה,F,13
תאליין,F,13
ניו,M,13
רון-אהרון,M,13
מיריה,F,13
רחמי,M,13
טספיה,F,13
דיפאללה,M,13
טמירה,F,13
סודי,M,13
דבאס,M,13
נאסרי,M,13
אדאי,F,13
זיינאלדין,M,13
מהד,M,13
נאפיזה,F,13
בראנדל,F,13
נבאל,M,13
עילם,F,13
רשיל,F,13
גיברין,M,13
גיבריל,M,13
שרית-שרה,F,13
חסא,F,13
עדוויה,F,13
קידנו,M,13
אניאט,F,13
אניאו,M,13
עפאת,F,13
קאנז,F,13
חיימי,M,13
היכל,M,13
עוקאב,M,13
חודיפא,M,13
מירז,F,13
מלשאו,F,13
מנאס,F,13
יני,F,13
ליאס,M,13
ג'ינאת,F,13
ניגאטו,M,13
אוטה,F,13
איבור,M,13
מיקיאס,M,13
באסים,M,13
עוריב,M,13
חתאם,M,13
הדאא,F,13
אנצ'ינאלו,F,13
בסמת,F,13
נבונה,F,13
ארצ'יל,M,13
עינאדיס,F,13
שאר,M,13
גאבור,M,13
לורונס,F,13
ג'ררדו,M,13
אלבצ'או,M,13
כארלוס,M,13
בבי,F,13
נטלייה,F,13
איליזיר,M,13
רסילה,F,13
מוג'יב,M,13
מוהב,M,13
ערבייה,F,13
עראפת,M,13
אדגו,M,13
דעואל,M,13
מגדאד,M,13
גו,F,13
אמאלי,F,13
אמאל,F,13
ג'ילדה,F,13
ג'ילברט,F,13
אווייס,M,13
עינאת,F,13
וסילינה,F,13
איו,F,13
וובאלם,F,13
לאיית,M,13
רבב,F,13
סבילה,F,13
צבחי,M,13
יצחק-צח,M,13
לאיין,F,13
יומטוב,M,13
גשם,M,13
סיוונה,F,13
תמינה,F,13
סייאח,M,13
סילווה,F,13
דגניה,F,13
אסאר,F,13
ריחאני,F,13
מבארק,M,13
מג'דיה,F,13
שובלי,F,13
נג'ח,F,13
סמאת,F,13
סמאין,M,13
ויניס,F,13
מיסר,M,13
בגוסאו,F,13
בבק,M,13
ארנת,F,13
מנד'ר,M,13
מנדרה,F,13
רועי-משה,M,13
בריאל,M,13
בריאה,F,13
אנטיסר,F,13
עניאת,F,13
אדין,F,13
סידניי,M,13
סידיג,M,13
מוהיימן,M,13
ריזיק,M,13
רורי,M,13
עאלי,M,13
ריקי-רבקה,F,13
ליגד,M,13
צלי,M,13
צלחה,F,13
צירלה,F,13
מיניליק,M,13
רמירו,M,13
לבני,M,13
צור,F,13
נסאל,F,13
רוזיתה,F,13
אליי,F,13
טזבאו,M,13
טומה,M,13
בנין,F,13
זישא,M,13
ליהם,M,13
שבית,F,13
עינתי,F,13
רונאן,M,13
הערשי,M,13
חבה,F,13
כהן,M,13
כולה,F,13
גיאן,M,13
גוואנא,F,13
לאיקה,F,13
לאילא,F,13
הימן,F,13
רמאז,F,13
מימאס,F,13
רמיה,F,13
ויוויאן,F,13
ויואן,F,13
הלדה,F,13
פרומעט,F,13
דאגלס,M,13
אייצ'ש,F,13
פרננד,F,13
נאג'ד,F,13
אסדי,M,13
זומורוד,F,13
ווין,M,13
אחישי,M,13
אלפארוק,M,13
פטגה,F,13
חפציה,F,13
שיבא,F,13
ג'ושע,M,13
עבד,F,13
סווה,M,13
תימנה,F,13
דגסאו,M,13
עומאד,M,13
חכאם,F,13
גוודת,M,13
סילונה,F,13
אדלה,M,13
טווצ'או,M,13
דרי,M,13
אזאר,F,13
ג'וסי,F,13
שבלת,F,13
ויטליי,M,13
טריסטן,M,13
דחיה,F,13
סלסו,M,13
נגדיה,F,13
קאלקידן,F,13
אנורין,F,13
מאמו,M,13
אגור,M,13
מולואלם,M,13
אריין,F,13
בוב,M,13
אורטלי,F,13
אוריאט,F,13
בהנז,F,13
לוצ'יאן,M,13
ניסיאל,M,13
הירות,F,13
הירוט,F,13
מילאר,F,13
מנש,M,13
מיכאלי,M,13
תגית,F,13
איאלה,F,13
איאלא,F,13
סנז,F,13
סילנאט,F,13
יקר,M,13
שרוג,F,13
חיראללה,M,13
חיפה,F,13
אטאלו,M,13
דנקה,F,13
עאוד,M,13
אודיט,F,13
אמיד,M,13
ג'וסון,F,13
ליטן,F,13
אל-נתן,M,13
אל-אור,M,13
ריפאל,F,13
הוריה,F,13
ויולא,F,13
ז'אקי,M,13
ברינא,F,13
נגינה,F,13
בן-ישי,M,13
קדיסט,F,13
אסיר,M,13
בנטיהון,M,13
מולונך,M,13
אגט,F,13
רומייס,F,13
שוקראללה,M,13
תמרת,M,13
יהאב,M,13
יהודי,M,13
אסמיהאן,F,13
גרסי,F,13
יענטל,F,13
אירי,M,13
איסאם,M,13
מיירם,F,13
ז'וז'נה,F,13
טרק,M,13
סלומאן,M,13
פריידון,M,13
חמי,F,13
הטר,F,13
כלודין,F,13
צדאם,M,13
מייסי,F,13
אודי-יהודה,M,13
ליירה,F,13
שהרזאן,F,13
נגסטה,F,13
סראנש,F,13
אור-רן,M,13
פרחן,M,13
גרשם,M,13
אישם,M,13
ארזאק,F,13
גאלדי,F,13
ימאמא,F,13
ילטה,F,13
חלאם,F,13
היידה,F,13
הייבה,F,13
מוסרה,F,13
בלטץ,F,13
מוניק,M,13
פאח'ר,M,13
מוניבה,F,13
מוני,F,13
בן-דוד,M,13
חמידאן,M,13
חנאן,M,13
מעוז,F,13
ז'ורז',M,13
צפורת,F,13
וואטן,F,13
וואדים,M,13
ענאל,M,13
אנדלמאו,M,13
גוליית,F,13
ג'וליין,M,13
עאייש,M,13
גניט,F,13
גאייה,F,13
לון,M,13
מיי,M,13
חלימי,F,13
אומאן,F,13
חולדה,F,13
רייצי,F,13
סאבחה,F,13
אלוליד,M,13
פנאן,F,13
בלומי,F,13
בלה,M,13
אבתיהאג,F,13
וולריה,F,13
וולנטינה,F,13
פאטריק,M,13
יהואש,M,13
ידידיה,F,13
שוקריה,F,13
אמירית,F,13
ג'וזפינה,F,13
לינאי,F,13
לימר,F,13
אלמנו,M,13
מידין,M,13
מקארם,F,13
אראלי,F,13
אראא,F,13
מפל,M,13
סונבולה,F,13
תאימור,M,13
נמרד,M,13
נמי,F,13
רומיסה,F,13
יצחק-חי,M,13
טיגב,F,13
בלגיס,F,13
נופוז,F,13
קתלין,F,13
ליסט,F,13
ג'הן,F,13
אבילינה,F,13
סאקב,M,13
אלזבט,F,13
היבאה,F,13
אביק,M,13
מי-יה,F,13
ברנר,M,13
גילן,F,13
גילון,M,13
כרסטינה,F,13
אדמסו,M,13
זנאו,M,13
אינאר,F,13
אימר,M,13
יגב,M,13
מרכיאל,M,13
אסצ'לה,M,13
רגים,M,13
מאוריס,M,13
נהדיה,F,13
ליסא,F,13
יירוס,F,13
יליסיי,M,13
גסטין,M,13
מקין,M,13
סלבינה,F,13
איטל,M,13
מטע,M,13
מיאמי,F,13
מאה,F,13
נהל,F,13
בירקיה,F,13
ביתר,M,13
מועינה,F,13
רוול,F,13
צאפי,M,13
עבד-אל,M,13
אקאלו,M,13
צדקי,M,13
נשואה,F,13
גור-אריה,M,13
כמיל,F,13
אצילה,F,13
ביהס,F,13
זאודיה,F,13
רזיק,M,13
ליתאי,M,13
יאקי,M,13
סיראא,F,13
חלי-רחל,F,13
הידי,M,13
קוטיבה,M,13
קווסר,F,13
רוניתה,F,13
ילגנש,F,13
סונדרין,F,13
מרבט,F,13
אפתקאר,F,13
אלמיהו,M,13
טבריו,M,13
תאודורה,F,13
אמרש,F,13
אמריק,M,13
ביזואייהו,F,13
יאפא,F,13
עוודאללה,M,13
אלחוסין,M,13
אלחביב,M,13
גיסל,F,13
אלמונתסר,M,13
אינדירה,F,13
טדילו,M,13
טהיר,F,13
זהיר,F,13
רזאן,M,13
אוממה,F,13
לוואחז,F,13
ניריה,F,13
שקיב,M,13
יטאיו,M,13
צ'לה,F,13
טייצ'או,M,13
רוויידה,F,13
זניה,F,13
מאבל,F,13
נרדי,F,13
נרד,F,13
מורדך,M,13
וורקט,F,13
שחם,F,13
אייב,M,13
רנד,M,13
דריאן,M,13
פרוויז,M,13
יחאל,M,13
רעננה,F,13
למר,F,13
וגד,M,13
מריאוס,M,13
זהנה,F,13
אסתקלאל,F,13
תלי,F,13
תלאוה,F,13
תלאא,F,13
יאניקה,F,13
יאני,F,13
אבראהם,M,13
זאיס,M,13
ביילי,M,13
יזב,F,13
לקנש,F,13
נוגזרי,M,13
גומנא,F,13
נרסיאן,F,13
אטיר,F,13
סעאד,M,13
ססקיה,F,13
שחאדי,M,13
מרחביה,F,13
אונס,F,13
עזית,F,13
נוויל,M,13
אטללה,M,13
דניז,M,13
אעתסאם,F,13
אפרודית,F,13
זארי,F,13
רונת,F,13
לשה,M,13
אנאניה,F,13
צ'ארלי,F,13
אכראמי,M,13
סבא,M,13
ירומנש,F,13
ריפקה,F,13
עבדיאל,M,13
באהרה,F,13
הוישל,M,13
עד,F,13
סנאי,F,13
סמרוויט,F,13
דינר,F,13
אשכר,M,13
יסל,F,13
אוי,F,13
ראוד,M,13
טלאנש,F,13
אלבייר,M,13
באהא,M,13
באזזו,M,13
אשטיה,M,13
דינקו,M,13
איברהם,M,13
וירוד,F,13
אבאקר,M,13
אבאן,M,13
ולריי,M,12
ולריו,M,12
גלאא,M,12
יסרי,M,12
גלבוע,F,12
מלסץ',F,12
טסי,F,12
דייל,M,12
איגל,M,12
סמח,M,12
ציציליה,F,12
אניר,M,12
נביא,M,12
דאניו,M,12
דרבאו,M,12
טוליק,M,12
חיא,F,12
חיבית,F,12
עזם,M,12
ג'אדיר,F,12
עמדי,M,12
עמבר,F,12
שירטל,F,12
טיילה,F,12
סנטאיהו,F,12
וונסה,F,12
אבקלש,F,12
רוסאל,F,12
זקארי,M,12
אהלי,F,12
לריאון,M,12
ברתה,F,12
מורייה,F,12
מורטז,M,12
מריה,M,12
אסתר,M,12
מרילן,F,12
פקדה,M,12
רייל,M,12
מזל-מלי,F,12
זאנין,F,12
מרווח,M,12
לקיה,F,12
אנאיט,F,12
מרטי,M,12
מוריסיו,M,12
קומאי,M,12
הינס,F,12
אלטון,F,12
נרימין,F,12
מריזה,F,12
קמחית,F,12
ריבקי,F,12
ריבל,M,12
שירבל,M,12
פרימעט,F,12
דורג'אם,M,12
פרוזה,F,12
פרוז,F,12
אלם,M,12
עבדאללטיף,M,12
זהב,F,12
ריהאנה,F,12
פיתון,F,12
פרלט,F,12
זריף,M,12
צ'לאצ'או,M,12
סירת,F,12
אטקלט,M,12
טילאנש,F,12
דניאל-חי,M,12
מזנטו,F,12
וורקית,F,12
רוסון,F,12
תלחום,M,12
מאהר,F,12
בת-יה,F,12
תיגאן,F,12
חלאף,M,12
גולינאר,F,12
למייה,F,12
לנואל,M,12
ג'אמילה,F,12
ג'אלאל,M,12
צפי,M,12
רפאה,F,12
רעפאת,M,12
פרימי,F,12
בירצ'יקו,F,12
אישג,M,12
יעקב-חי,M,12
גיסלן,F,12
שאמיה,F,12
טהורה,F,12
אזנה,M,12
מורג'אן,M,12
גוליו,M,12
ראלה,F,12
כריסטיאן,F,12
כריס,F,12
חליד,M,12
היוואן,F,12
שמואל-שי,M,12
ליריי,M,12
יאלטה,F,12
קליף,M,12
שחנז,F,12
ביורן,M,12
אפתיכאר,F,12
אזיק,M,12
אזיס,F,12
טגוודה,F,12
עבדאלגני,M,12
אורעד,F,12
ניקולוז,M,12
נתיה,F,12
שיר-ציון,F,12
מטאדל,M,12
זאכרי,M,12
דניאו,M,12
סירנש,F,12
סלאמלק,M,12
יאמנה,F,12
דורם,M,12
עלייאן,M,12
אייוי,F,12
מורטון,M,12
קוליה,M,12
סת',M,12
יזולדה,F,12
אנגודיי,F,12
אורנן,M,12
אסראט,M,12
איילת-השחר,F,12
ידדיה,M,12
ידג,M,12
יה,M,12
נועה,M,12
ג'וא,F,12
ניקולי,F,12
יעקובה,F,12
גיתה,F,12
אירמיה,M,12
גל-אור,M,12
מופאק,M,12
זואה,F,12
אבראש,F,12
אסצ'לה,F,12
קמראן,M,12
אנגליק,F,12
אהונים,M,12
אהוליאב,M,12
ואטן,M,12
אוברי,M,12
ילמוורק,F,12
אינתיצאר,F,12
אייאו,M,12
אייא,F,12
מרג'אנה,F,12
נהוראי-מאיר,M,12
ח'לף,M,12
ואג'ד,M,12
ירוסאלם,F,12
שריאן,F,12
אקלילו,M,12
ג'ברי,M,12
קריסטינ,F,12
ברנקה,F,12
עבדאלרזאק,M,12
כרסתינא,F,12
אייטולין,M,12
ברקיה,F,12
פשה,M,12
אימרה,M,12
רנוה,F,12
מוצ'יט,F,12
סינידו,F,12
דוח'י,M,12
אזהור,F,12
ארואד,M,12
מידר,F,12
ריבאל,F,12
פודה,F,12
מאייסם,F,12
נללי,F,12
נלי,M,12
נל,M,12
רומייסאא,F,12
הילינה,F,12
אלירן,F,12
ססיל,M,12
מרנינה,F,12
אומי,F,12
אוד,M,12
אוראי,M,12
אורהאן,M,12
כמיס,M,12
כירייה,F,12
יאלין,F,12
ארגאש,F,12
פלקץ',F,12
סולמן,M,12
ע'סאן,M,12
מרנא,F,12
מוסעאב,M,12
מוסלים,M,12
פאיגה,F,12
תאקוא,F,12
וואהיב,M,12
ענאייה,F,12
תלמן,M,12
נדידה,F,12
מוניס,M,12
נצרי,M,12
נצר,F,12
אליאונור,F,12
נורלדין,M,12
גאכלין,F,12
מידה,F,12
זאהר,F,12
פירדאוס,F,12
תייסר,M,12
חופש,M,12
הלאה,F,12
מרקס,M,12
גרייסי,F,12
רג'ה,F,12
ג'ול,F,12
גטנה,M,12
כיסוף,F,12
אורחיים,M,12
מעלה,F,12
ז'ילה,F,12
בוסמת,F,12
שיקה,M,12
נורבר,M,12
אמיראל,F,12
מאלך,M,12
מאלדה,M,12
מאיס,M,12
חבטם,F,12
חבטאמו,M,12
רחאן,F,12
איטגב,M,12
רוואיד,M,12
מייב,F,12
פקרטה,F,12
כלפון,M,12
שאפיה,F,12
לוית,F,12
שאנאל,F,12
ילתא,F,12
הידא,F,12
עוזית,F,12
בלייק,M,12
משאעל,F,12
אלווינה,F,12
צדף,M,12
קלוטילד,F,12
בוסיימה,F,12
עירין,F,12
נורשאן,F,12
חבטמו,M,12
פרשתה,F,12
שהרזאת,F,12
סיא,F,12
איילור,F,12
אור חן,M,12
לאוטרו,M,12
אליוט,F,12
אליזבית,F,12
אטנפו,M,12
זוודו,M,12
זוודה,F,12
פאוז,M,12
מאנדפרו,M,12
מאראט,M,12
יונוס,M,12
עיקאב,M,12
ימיקר,F,12
רביל,M,12
אירון,M,12
אולכסנדר,M,12
טבבו,M,12
ז'וז'ו,M,12
ריאנא,F,12
סנטיהו,M,12
יאבסרה,F,12
טג'טו,F,12
ליטה,F,12
נחמה-דינה,F,12
ליזון,F,12
אביוט,M,12
יוסטינה,F,12
יוסה,M,12
שלמו,M,12
מאמוש,M,12
שלמה-חיים,M,12
דרית,F,12
מולטה,M,12
פאביו,M,12
עבדאלמנעם,M,12
גדמו,M,12
חיזקיהו,M,12
אלעז,M,12
אלעד,F,12
ציירדה,F,12
מילד,M,12
אריאנא,F,12
קורש,M,12
סליבה,M,12
דוד-חיים,M,12
סבטוסלב,M,12
שרלו,M,12
שרלה,F,12
גים,M,12
גיצה,F,12
תוובה,F,12
דאבלה,F,12
אילתה,F,12
ווארד,F,12
מאמה,F,12
תוגא,F,12
אסיה,M,12
מתרי,M,12
שוניה,M,12
קניאל,M,12
רשמי,M,12
רשל,M,12
ריסאלה,F,12
אוריט,F,12
כוכבי,M,12
בהנם,M,12
ג'ופרי,M,12
ימנו,M,12
גאורגה,M,12
גוזה,M,12
ברייאן,M,12
וואסיהון,M,12
דאולה,F,12
האוס,M,12
ג'וסיאן,F,12
הראלי,M,12
אודלייה,F,12
פטינה,F,12
ויטליק,M,12
טריינא,F,12
דידייר,M,12
דיאמנט,F,12
רוסלה,F,12
רוסיקו,F,12
זמדה,F,12
זולייחה,F,12
קדאר,F,12
דרגן,M,12
מאריק,M,12
אמאמה,F,12
סאסיא,F,12
עבודה,M,12
איתנאל,M,12
מנליק,M,12
שנדה,M,12
ליודמיל,F,12
ימן,M,12
קנובש,F,12
בנטה,F,12
גוזייף,M,12
עולאא,F,12
חיבו,F,12
לדיה,F,12
לג'ין,F,12
ישינט,F,12
מינדלה,F,12
בדיר,F,12
רמיאל,F,12
טראק,M,12
ויוה,F,12
פטה,F,12
חומה,F,12
ג'ריב,M,12
גאוהר,F,12
אחיהו,M,12
אייצ'ו,M,12
בניל,M,12
טירוסאו,F,12
ג'יברין,M,12
ג'יידא,F,12
סוומהון,F,12
אוריינה,F,12
רולנד,F,12
ישיעהו,M,12
בריט,F,12
בריוחאי,M,12
וויין,M,12
עון,M,12
חיסאם,M,12
לאין,F,12
אלינער,F,12
אליינה,F,12
רינאל,M,12
זורבי,M,12
עאמרה,F,12
רוחל,F,12
ג'יזלה,F,12
שנון,M,12
רחל-חלי,F,12
רחל-חיה,F,12
מיניבל,M,12
טקואדה,F,12
נס-יה,F,12
אליפז,M,12
אילאף,M,12
טזזאו,F,12
מוז'גאן,F,12
קבין,M,12
קבורק,M,12
איינורה,F,12
שלגיה,F,12
זורן,M,12
מגדיה,F,12
נג'ום,F,12
איהם,M,12
סמאצ'או,M,12
דיים,F,12
וסימה,F,12
מיסאנה,F,12
קיתי,F,12
מנהאל,F,12
זלאטע,F,12
מארתן,M,12
סיביו,F,12
מוהימן,M,12
לבלי,F,12
ניבראס,F,12
ופאק,F,12
וסנה,F,12
דיגו,M,12
דייבי,M,12
סם,F,12
סלסטה,F,12
אידין,M,12
שלי-רחל,F,12
ווג'יה,M,12
זכארי,M,12
יקטירינה,F,12
גינדה,F,12
גשם,F,12
דגם,M,12
מהרט,F,12
נאמר,M,12
נאלא,F,12
רוקיא,F,12
ריטאז',F,12
גמיל,M,12
אלאדה,F,12
ישומה,F,12
גיטיל,F,12
כאפיה,F,12
רטמיר,M,12
אדבה,M,12
זיגפריד,M,12
דבי,M,12
דעאה,F,12
דסמונד,M,12
טפטה,F,12
טעמה,F,12
טל-אל,M,12
איראם,F,12
רבשי,M,12
גמלת,F,12
ג'ינו,M,12
פיאונה,F,12
פינאן,F,12
פינא,F,12
מיקולה,M,12
צארלס,M,12
הבתאללה,F,12
אחימאיר,M,12
נאייה,F,12
אנצאר,F,12
קצי,M,12
נביאל,M,12
קאסאהון,M,12
מהאה,F,12
אליני,F,12
אוסאמה,F,12
אוסמאה,M,12
חויאר,M,12
חוזייפה,M,12
הללה,F,12
הנאד,F,12
המסא,F,12
לוריטה,F,12
לזלי,M,12
עיינאדיס,F,12
מנאור,F,12
בסיל,F,12
עפרת,F,12
זיכרא,F,12
אנמאר,F,12
בר-אל,F,12
בר אל,F,12
איפתיחאר,F,12
איפא,F,12
עבדאלחכים,M,12
טאזבאו,M,12
האמה,F,12
שייבה,F,12
קימי,F,12
לורין,M,12
פלורנטינה,F,12
וובלם,F,12
סקינה,F,12
יוזף,M,12
יולאן,M,12
יוכית,F,12
יולית,F,12
תאם,M,12
לי-רן,M,12
לי-רון,M,12
ויק,F,12
וסאן,F,12
רחמון,M,12
טספאנש,F,12
פרידריק,M,12
פרידי,M,12
אליחן,M,12
רסטיסלב,M,12
ג'ננה,F,12
אלפרידה,F,12
לורנא,F,12
אתלה,F,12
גיונל,F,12
ראסמיה,F,12
מלכה-מלי,F,12
פניני,F,12
גירמאי,M,12
זילפו,F,12
רקלה,F,12
לב-ארי,M,12
ווגנש,F,12
מכסים,M,12
דליא,F,12
אשרף,F,12
נואמי,F,12
צ'אלה,M,12
אושי,M,12
אושי,F,12
תתיאנה,F,12
הודה,F,12
איבס,M,12
טירונך,M,12
מליסא,F,12
ג'קס,M,12
ולנטין,F,12
ראפה,F,12
ראף,M,12
רמוז,F,12
סמראא,F,12
וירגיני,F,12
ליס,M,11
ג'גנאו,M,11
לינויה,F,11
ג'ובנה,F,11
ג'וברין,M,11
ליסנדרו,M,11
ראאידה,F,11
זנאת,F,11
דנקאו,M,11
דרבה,F,11
מלחזי,M,11
אתחאד,F,11
מכבית,F,11
ולריאן,M,11
ולריק,M,11
אתיאל,F,11
ג'דא,F,11
אמנועל,M,11
אדנקו,F,11
עמישי,M,11
ג'וזט,F,11
ג'אווד,M,11
ג'אנן,F,11
אבוהיי,M,11
פידל,M,11
ריתג',F,11
טודור,M,11
טוואצ'או,M,11
טורונז',F,11
ג'אית',M,11
לישן,F,11
אמריה,M,11
אמריקה,F,11
אהוב,M,11
פלישה,F,11
ג'ומנא,F,11
צפות,M,11
טייה,F,11
מליסאו,M,11
מלישאו,F,11
ססיה,F,11
סעד,F,11
תואפיק,M,11
טיזאזו,M,11
צפית,F,11
ג'ויריה,F,11
לילו,M,11
נזחנום,F,11
נזייה,M,11
ג'וניל,M,11
ליחאז,F,11
נזיפה,F,11
ליטלי,F,11
ארקה,F,11
טייקו,F,11
תהלליה,F,11
טימי,M,11
דרייזל,F,11
פרונסין,F,11
דרדאח,M,11
ליטף,F,11
ליי,M,11
ווארן,M,11
וואהל,M,11
ג'אנאת,F,11
נולין,F,11
עמי-חי,M,11
נטי,M,11
ליון,F,11
אשאגריה,M,11
פיא,F,11
תר,M,11
דירס,M,11
טירונגו,F,11
טינו,M,11
סנורה,F,11
איאלנש,F,11
באייה,M,11
שהב,M,11
ענד,M,11
ליוואי,M,11
וגד,F,11
מיקה,M,11
קימם,F,11
קינאנה,F,11
אחתפאל,F,11
אטקה,F,11
פרט,F,11
איבון,M,11
קידסט,F,11
רייחאן,F,11
צפרית,F,11
בתחן,F,11
לקסי,F,11
לריס,F,11
אדלוויט,F,11
ענבה,F,11
ריילה,F,11
זקרא,F,11
זעלה,F,11
אמארץ,F,11
נטעיה,M,11
ציריל,F,11
אמאוואייש,F,11
סמינה,F,11
סמני,M,11
דימיטר,M,11
סמצ'או,M,11
סרואת,F,11
קינגה,F,11
מנגאו,M,11
שיהב,M,11
איבטור,M,11
טדלו,F,11
מיקא,F,11
ארץ,M,11
קטראלנדא,F,11
מנאסב,F,11
ופאה,F,11
רודיק,M,11
ניאה,F,11
ג'יידן,F,11
שהראת,F,11
נהרי,M,11
וובה,F,11
ניגוס,M,11
שנטי,F,11
ליאר,F,11
זישה,M,11
נהיר,M,11
בשה,F,11
רוניתי,F,11
רונל,M,11
ראוא,F,11
קריסתינה,F,11
קריקור,M,11
טמש,M,11
טמרטה,F,11
פיאם,M,11
רחל,M,11
וצפי,M,11
ארסטו,M,11
סמור,M,11
סמיהאן,F,11
דיליה,F,11
מיעד,F,11
מיצי,F,11
סמבל,M,11
אידמית,F,11
אדיסאלם,F,11
עפיפי,F,11
לי-רז,F,11
ג'נאן,M,11
ח'ד'ר,M,11
ואלאא,F,11
פלקה,F,11
אובנש,F,11
ניהאן,F,11
ניהיה,F,11
לי-חי,M,11
ברכיהו,M,11
נהדה,F,11
מאורין,F,11
שארלוט,F,11
שעבן,M,11
עלווה,F,11
טקטאי,M,11
טרואלם,F,11
רמי-רחמים,M,11
פרווין,F,11
פרוונה,F,11
פרוך,M,11
ריאד,F,11
ריאו,M,11
טגנייץ,F,11
טפטו,M,11
טפלה,F,11
טגיטו,F,11
רוזלאן,F,11
שימה,F,11
מנוצ'ר,M,11
ע'דיר,F,11
טרועלם,F,11
דיה,M,11
דייאן,F,11
ג'רולד,M,11
ווג'ד,M,11
עפיה,F,11
אדיה,F,11
ברניקה,F,11
אנדואלם,M,11
ג'סאר,M,11
נילם,F,11
מינור,M,11
מנטגבו,F,11
מנטה,F,11
בדאר,M,11
איזדור,M,11
טשה,F,11
איונה,F,11
דחייה,F,11
נדביה,M,11
מאייקל,M,11
נדווה,F,11
קריס,F,11
מאיסה,F,11
מאיסלון,F,11
קריינה,F,11
אודה,M,11
אלצפן,M,11
איזדורה,F,11
ורדיה,F,11
ורדין,F,11
סלומי,F,11
האדיר,F,11
תומה,M,11
מאליה,F,11
קרייסיל,F,11
נדאה,F,11
גאורגיי,M,11
עלה,F,11
עית,M,11
אנהל,F,11
רופת,M,11
אלסבט,F,11
לויסה,F,11
לומיניצה,F,11
גאנין,F,11
לוסיו,M,11
תקלה,M,11
אביאלי,M,11
ז'וזף,M,11
אזבלה,F,11
טאריקו,M,11
טבי,M,11
רוגל,M,11
איטו,F,11
סלבי,M,11
סלביא,F,11
איחלאם,F,11
רוגיה,M,11
פרהאד,M,11
קלאוס,M,11
אריאלי,F,11
דוריתה,F,11
דוריתי,F,11
רנאט,M,11
ויטור,M,11
ריטאג,F,11
נגוואן,F,11
לוזן,F,11
חאלף,M,11
אודייה,F,11
קראל,M,11
נגוסיה,M,11
קאיו,M,11
מאנאל,F,11
מאנאסיב,F,11
עיסמת,F,11
שפרית,F,11
שקדי,F,11
בוגדנה,F,11
מייתה,F,11
בוהיסה,F,11
מיכאלו,M,11
מיכול,F,11
יארין,M,11
יאנקל,M,11
תיריזה,F,11
הרב,M,11
ברטרנד,M,11
קראל,F,11
הרדי,M,11
הענה,F,11
הענטשע,F,11
ערבי,M,11
סיראט,F,11
יאשיה,M,11
יבדו,M,11
עאלה,M,11
עאמד,M,11
זיזט,F,11
אנטסאר,F,11
ברטוקאן,F,11
אלישע,F,11
שאמך,M,11
הערשל,M,11
אוהאם,F,11
עימראן,M,11
אביב-אברהם,M,11
ארזית,F,11
מנתצר,M,11
מסאפינט,M,11
מייפל,F,11
בומה,M,11
בוניה,F,11
מארלי,F,11
זחר,M,11
אליצפן,M,11
שקיר,M,11
נני,M,11
אלינור,M,11
נסירה,F,11
תירוש,M,11
מגיב,F,11
ברהים,M,11
עימדי,M,11
עיינת,F,11
אווקץ',F,11
לאקאו,M,11
אלייזה,F,11
מייס,M,11
בורהן,M,11
מייאסר,F,11
בזטו,F,11
אוז'ני,F,11
אוזי,M,11
נערן,M,11
גוזל,F,11
שרה-רבקה,F,11
נצחון,M,11
גוזט,F,11
אוטו,M,11
מדאח,M,11
מדאללה,F,11
ברג'ס,M,11
ברד,M,11
פניר,F,11
רון-לי,F,11
אליהו-חי,M,11
לאורא,F,11
מעדא,M,11
מעדאד,M,11
שי-משה,M,11
סינקה,F,11
תאקי,M,11
אניש,F,11
נב,F,11
מהאבה,F,11
אליזבת',F,11
הנאי,F,11
רומנדה,F,11
עייאד,M,11
הלרי,F,11
אלי-יה,F,11
תקא,F,11
רחאל,M,11
רחומה,F,11
בורק,M,11
עבדאלנאסר,M,11
דוברה,F,11
יהונה,M,11
דודאית,F,11
מיטל,M,11
מענדי,M,11
פולג,M,11
סימאר,F,11
יהנאו,M,11
אדאב,F,11
ערנית,F,11
שויקאר,F,11
בראן,F,11
נשגב,M,11
נרייה,F,11
נרינה,F,11
אוליב,F,11
אוליביי,M,11
עידא,F,11
עטיש,M,11
איירוסלם,F,11
יואבי,M,11
יואח,M,11
הדייל,F,11
קלימנס,F,11
מצבאח,M,11
קוראל,M,11
בזה,M,11
חקים,M,11
הבתם,F,11
כסיף,F,11
עטפה,F,11
עטואן,M,11
חוליאנה,F,11
הלליה,M,11
עתאד,M,11
פלגיה,F,11
גורג'ט,F,11
סאבי,M,11
אלונורה,F,11
כיפא,F,11
גזייה,F,11
כיריה,F,11
עבדלקרים,M,11
פירדוס,F,11
ויה,F,11
דגמר,F,11
איכלס,F,11
סיטי,F,11
רהיגה,F,11
רהיפה,F,11
דהאש,M,11
הובר,M,11
תאלה,F,11
מפידה,F,11
מיגאל,M,11
אביים,M,11
אומברטו,M,11
בער,M,11
אגנניו,M,11
פסהה,M,11
פסחה,M,11
הימנות,F,11
צגה,M,11
כייאן,F,11
כוולה,F,11
מוג',F,11
אנריקה,F,11
אנשיל,M,11
נאידה,F,11
חותם,F,11
חזימה,F,11
סאונט,F,11
כאתרינא,F,11
כדן,F,11
זאורי,M,11
מטיס,M,11
סיגליה,F,11
דאור,M,11
גיולנז,F,11
אונסי,M,11
חיבת,F,11
חיא,M,11
אלבאצ'או,M,11
אלביס,M,11
יונתן,F,11
סיבאא,F,11
מקסימו,M,11
מקר,M,11
קונרד,M,11
גרס,F,11
סיגלה,F,11
אימאד,M,11
גרסילה,F,11
נאוול,F,11
בנצ'מלק,F,11
מוהתדי,M,11
זולייחו,F,11
כאדם,M,11
גיגי,M,11
ראקיה,F,11
סאלמן,M,11
צבר,F,11
אלאנור,F,11
הודנה,F,11
בידא,F,11
אפרי,M,11
ביוך,M,11
אוריליה,F,11
תידהר,F,11
עזאלה,F,11
זוסיה,M,11
קסאומר,M,11
רומיס,F,11
רומם,M,11
חיאט,F,11
רין,M,11
ישיב,M,11
וזירה,F,11
אביש,M,11
אבית,F,11
שירון,F,11
מרג'י,F,11
חניין,F,11
עדויה,F,11
פראח,M,11
סיאור,F,11
סאמי,F,11
בנצ'יאמלק,F,11
מוחייאלדין,M,11
גיזי,F,11
חיזקיה,M,11
אומרי,F,11
מרגאריטה,F,11
מחארב,M,11
ביירון,M,11
יוקי,M,11
יוקרת,F,11
גריי,M,11
סאר,M,11
בנחמין,M,11
קניה,F,11
מולאלין,M,11
אכתם,M,11
ירוסלם,F,11
וולדיסלב,M,11
ריווה,F,11
שוע,M,11
מתת,M,11
מתיס,M,11
רולף,M,11
עדלייה,F,11
מזלוט,F,11
מושון,M,11
מרחב,M,11
זאיין,M,11
עדיטל,F,11
בנאור,M,11
אגואן,F,11
גילעם,M,11
ירזי,M,11
עוקבא,M,11
חייר,F,11
יקדאן,M,11
וורוניקה,F,11
אבנט,M,11
פג'מן,M,11
בייר,M,11
אעתדל,F,11
אינאר,M,11
יותם,F,11
איתה,F,11
סבינדז',F,11
קדמה,F,11
שכיבה,F,11
גיס,M,11
יצחק-חיים,M,11
חיל,M,11
אוסיימה,F,11
עונאללה,M,11
היימנוט,M,11
יקוטיאל,M,11
פאחרי,M,11
מולת,M,11
פאיא,F,11
תני,F,11
אורי-דוד,M,11
שזה,F,11
בינים,M,11
מריאון,F,11
פאתמה,F,11
הוסמא,M,11
יזאבנש,F,11
בן-חיים,M,11
זוהדייה,F,11
חינית,F,11
רומאיסה,F,11
רומאריו,M,11
יעקובי,M,11
סגד,F,11
סגיא,F,11
צאיל,M,11
סדה,F,11
יחיעד,M,11
וופיה,F,11
אסתבראק,F,11
מריאשה,F,11
מרידה,F,11
רעלא,F,11
יזק,M,11
רינת,M,11
סדי,F,11
אירם,M,11
רקיב,M,11
מוליה,M,11
אסמאן,F,11
אסמארה,M,11
וונדם,M,11
יענה,F,11
יענטה,F,11
גל-אור,F,11
גלאא,F,11
עוזלאן,F,11
ריס,F,11
הזימה,M,11
חמדת,M,11
חנאל,F,11
רגאא,M,11
תאהני,F,11
ילגה,F,11
יחיאה,M,11
יזרעאלה,F,11
גפרה,F,11
רג'וא,F,11
יליה,M,11
בירהאן,M,11
בירוק,M,11
מורג'ן,F,11
פירלה,F,11
רג'יס,M,11
סוסי,F,11
גסאר,M,11
פאטמה,M,11
בן-חור,M,11
משה-חיים,M,11
קנדו,M,11
פעשה,F,11
פעשי,F,11
חלאל,F,11
יעקב,F,11
גנטוס,M,11
רידה,F,11
ווספייה,F,11
מוקטה,F,11
אברהם-יצחק,M,11
תסלים,F,11
יסמעיל,M,11
זהיא,M,11
אברהאים,M,11
איסתברק,F,11
איסמהן,F,11
סוואנה,F,11
יסאי,M,11
ימסרץ',F,11
זהווה,F,11
שיריהן,F,11
בכיר,M,11
אורהן,M,11
סוליי,F,11
סולינה,F,11
אור-ישראל,M,11
מוסי,F,11
מרקי,M,11
פקר,M,11
קמרון,F,11
מרעב,M,11
צ'קלו,M,11
גמלט,M,11
רבקה-ריקי,F,11
רבשן,M,11
עוביידא,M,11
מועתמר,M,11
קמין,F,11
מרנין,M,11
בלאן,F,11
ימי,F,11
ת'ראא,F,11
איסידורו,M,11
רפיף,M,11
אינתיהאל,F,11
מלאיה,F,11
שיילו,M,11
אשתה,M,11
פייערל,F,11
פייצל,M,11
תשגר,M,11
ראאל,M,11
אתנה,F,11
אתר,M,11
אחמוד,M,11
דפנית,F,11
טורקי,M,11
פיטפטה,F,11
וירוניק,F,11
אבג'ו,F,10
אאורל,M,10
תרות,M,10
אאורליה,F,10
ולדיסלאב,M,10
אשראף,F,10
מלהם,M,10
ליקאא,F,10
ג'באר,M,10
קרסתין,F,10
וגוד,F,10
זמתו,F,10
זנא,F,10
אהדאא,F,10
שגי,M,10
ג'אני,F,10
ויקטריה,F,10
אבטם,F,10
אבדור,F,10
מירתה,F,10
שייע,M,10
גמאלת,F,10
קמם,F,10
מוסאב,M,10
אסנקה,M,10
אסעוד,M,10
ינקה,F,10
צ'רו,M,10
עודאללה,M,10
אוראלה,F,10
מוראדי,F,10
בלו,M,10
בלטה,F,10
קודי,M,10
היבת,F,10
רינו,M,10
איסיאס,M,10
ימסראץ',F,10
פאקר,M,10
אבריאלה,F,10
רזג,M,10
בירם,M,10
סולינא,F,10
איסה,M,10
אור-יצחק,M,10
אור-מאיר,M,10
מרצ'ל,M,10
אסנאקאו,M,10
מוניר,F,10
מונצר,M,10
אור-ציון,M,10
היולי,F,10
צ'רני,F,10
איסאל,F,10
איניס,F,10
אינס,M,10
סונדרה,F,10
סולמון,M,10
יעל-שרה,F,10
יסמא,F,10
ששונה,F,10
אסמירלדה,F,10
אסמאיל,M,10
מרת,M,10
שועייב,M,10
אברהם,F,10
תיבא,F,10
סוילמה,F,10
ת'נאא,F,10
מורז,F,10
סוסון,M,10
פקרי,M,10
עוטמן,M,10
פאירוז,F,10
וונדימו,M,10
מונואר,F,10
משארי,M,10
משב,F,10
יעד,F,10
איצק,M,10
גנטה,F,10
אברהם-חי,M,10
מופת,F,10
מריצה,F,10
יישיוורק,F,10
גרט,M,10
חן-חיים,M,10
אבררו,M,10
יעקבי,M,10
רצי,F,10
סהארא,F,10
קמונה,F,10
אסקיבה,F,10
מרינא,F,10
ייטאיש,F,10
יימר,M,10
אינטסאר,F,10
סולן,F,10
רג'וה,F,10
מרים-מירי,F,10
מורהף,M,10
תספאי,M,10
רולנדי,M,10
רגדאן,F,10
רגוה,F,10
חימא,F,10
רומאנה,F,10
חירם,M,10
יעקו,M,10
סגאה,F,10
צאלון,M,10
יטאיאו,M,10
מרילי,F,10
אסתר-הדסה,F,10
אסרט,M,10
סוראפל,M,10
סורי,F,10
רקן,M,10
שרמיין,F,10
חילה,F,10
יקויה,M,10
יפרם,M,10
היינריך,M,10
תני,M,10
ווליאם,M,10
פאטמת,F,10
תנוה,F,10
זואל,M,10
מריאו,M,10
מריאט,F,10
אסתרי,F,10
בינו,M,10
פאתחי,M,10
איתאל,M,10
וורדי,F,10
אבני,M,10
מוריציו,M,10
אעסם,M,10
קונור,M,10
אינגי,F,10
סוריקה,F,10
אינייאו,M,10
יושי,M,10
סביל,M,10
רבח,M,10
אסלא,F,10
מולוורק,F,10
מוישה,M,10
מתנאל,F,10
שירון,M,10
מותים,M,10
מותנה,M,10
וורקעלם,F,10
הומן,M,10
חנוק,M,10
היאד,M,10
הווידא,F,10
בנדטה,F,10
פאוזה,F,10
איתל,F,10
שרלט,F,10
סבינץ',F,10
אוסיפ,M,10
חיים-יצחק,M,10
חיסיבו,F,10
קדיה,F,10
סביונית,F,10
סבאה,F,10
אכמאל,F,10
ירנין,M,10
רארד,F,10
רארם,F,10
זוודיה,F,10
זוולו,F,10
נאאילה,F,10
נאבין,F,10
אסים,M,10
קנו,M,10
מתקה,F,10
מתקו,M,10
קלרינה,F,10
יוראל,M,10
פתיחה,F,10
מחמוד,F,10
ביזן,M,10
אפראג',F,10
ביטריס,F,10
קלריה,F,10
יוקרה,F,10
רדאט,F,10
אימראן,M,10
חיים-חי,M,10
חיווט,F,10
הימאא,F,10
רב,M,10
בנדר,M,10
בנלי,M,10
חני-חנה,F,10
פדול,M,10
שירו,M,10
חסדיה,F,10
סיאהם,F,10
סטסי,F,10
ישראל-חי,M,10
בנים,M,10
בנצ'אמלק,F,10
נאהיא,F,10
בנימין-בן,M,10
מוחידין,M,10
אגמון,M,10
ישאמבת,F,10
אל-רועי,M,10
אונור,M,10
גרטי,F,10
חנסא,F,10
קלמי,M,10
רזלאן,F,10
הוואן,F,10
עגלה,F,10
עדאב,F,10
אורילי,F,10
סאמראוויט,F,10
גיזאו,M,10
גיזאט,M,10
פאג'ר,M,10
קסאייה,F,10
אלאי,F,10
סאמואל,M,10
סטימיו,M,10
אצחק,M,10
מראב,M,10
אימד,M,10
סידל,F,10
אילת-השחר,F,10
אילנא,F,10
דאון,F,10
זולייכה,F,10
סאלאם,M,10
יתריב,F,10
ראפיק,M,10
אלג,M,10
סאמיח,M,10
סטסיה,F,10
סטרול,M,10
גרייב,M,10
אילייה,F,10
סידי,M,10
יולנה,F,10
יומי,F,10
רוכייה,F,10
אוריעד,M,10
שריקי,M,10
כאמל,M,10
כאסם,M,10
עזריהו,M,10
עז-אלדין,M,10
אסא,F,10
חטירה,F,10
הינון,M,10
צגאיה,M,10
שומין,M,10
הל,M,10
אלהודי,F,10
כוכבי,F,10
גזצ'או,M,10
נאטליה,F,10
אומייה,M,10
סאכתה,F,10
סאוסם,F,10
אלהנוף,F,10
גיאת,M,10
גרצן,M,10
פדריקה,F,10
פהאמי,M,10
וטפא,F,10
מטיה,F,10
יולונד,F,10
יודי,M,10
עבור,F,10
עבייר,F,10
דאריין,F,10
מפרת,F,10
אקמן,M,10
אביינך,M,10
דאליה,F,10
יוטב,M,10
פרנקי,M,10
יוחנס,M,10
עבדלסלאם,M,10
אומאימה,F,10
פנלופה,F,10
מהשיד,F,10
תמרא,F,10
גוסה,M,10
נתן,F,10
כמונה,F,10
עת'מאן,M,10
וויטלי,M,10
גורג'י,M,10
גושו,M,10
כלימאנס,F,10
נתנאלי,M,10
נתניהו,M,10
ז'ילברט,M,10
מיגיר,M,10
ביביאנה,F,10
אקקי,M,10
מקוולה,F,10
אילאא,F,10
חוזאם,M,10
סילבין,M,10
שטפן,M,10
הגופ,M,10
הדאי,F,10
חשמונאי,M,10
אייק,M,10
תימרה,F,10
בר-חיים,M,10
נאנו,F,10
נאסראלדין,M,10
אולריקה,F,10
היצל,F,10
נתאליא,F,10
צהאינש,F,10
ראמח,M,10
דוד-משה,M,10
סילוויה,F,10
מיו,M,10
קליב,M,10
תקומה,F,10
פיקו,M,10
פיקרי,M,10
דוד-מאיר,M,10
סימי,M,10
דגלס,M,10
רואדה,F,10
פוללה,F,10
מדן,M,10
קאראם,M,10
אנמאר,M,10
חוויאר,M,10
הבטיה,M,10
מיילי,M,10
לאו,F,10
צהייה,M,10
נאתלי,F,10
נראל,M,10
חוחית,F,10
שרולי,M,10
שרוליק,M,10
פופי,F,10
מעטסם,M,10
בורק,F,10
פרדזי,M,10
הבל,M,10
יהויקים,M,10
איילור,M,10
צופייה,F,10
גודאדאו,M,10
אויטה,F,10
אניסים,M,10
צהר,M,10
נצ'יט,F,10
נצאנט,M,10
יהודה-אודי,M,10
ארדוגאן,M,10
ז'והנה,F,10
פוליא,F,10
אורסלה,F,10
אורת,F,10
עבדאלגבאר,M,10
טאו,F,10
טאאר,M,10
אייל-אליהו,M,10
פרנגיס,F,10
ידעאל,M,10
עאלא,M,10
רוחמי,F,10
אייהוש,F,10
אייו,M,10
נעומה,F,10
הנדיל,F,10
חדיזה,F,10
ריזיל,F,10
עראב,M,10
מגד,F,10
אנייאו,M,10
הנריט,F,10
אוזיאס,M,10
גוג'אם,F,10
שאיין,M,10
ראיגה,F,10
ראיד,F,10
גואדו,M,10
לאקו,M,10
שאיה,F,10
ברורית,F,10
אווסם,M,10
נסרא,F,10
שרה,M,10
מייאסה,F,10
ארווה,M,10
מיטר,F,10
יהאל,M,10
יהוד,M,10
חגיא,M,10
דולית,F,10
דומיאן,M,10
פורן,F,10
שיע,M,10
מסנש,F,10
ארזו,M,10
בונצי,F,10
מייקה,F,10
ז'ואן,F,10
נברטו,M,10
שובה,M,10
ברוין,F,10
זיאדה,F,10
אדגה,F,10
חביבית,F,10
רובידה,F,10
סיראז',M,10
סיראי,F,10
יבגנייה,F,10
יאקטרינה,F,10
יארד,M,10
רוטה,F,10
טאליא,F,10
אייב,F,10
זיון,M,10
זיזה,F,10
זיגמונט,M,10
שלמה,F,10
אלירן-אליהו,M,10
הערש,M,10
חגי,F,10
פריס,M,10
בהנאז,F,10
בוטינה,F,10
יארי,M,10
דור-דוד,M,10
אזאונט,F,10
רילי,F,10
נגאת,M,10
מאסטואל,F,10
מאריאל,F,10
לואי,F,10
גדיף,M,10
אגרי,F,10
זיוי,M,10
יגאלה,F,10
יגנה,F,10
אנהי,F,10
לודוביקה,F,10
לודוויג,M,10
גארו,M,10
מאקס,M,10
מארגו,F,10
מאנר,F,10
עצמת,M,10
חאמיס,M,10
ראחל,M,10
שקופה,F,10
נירון,M,10
לודיבין,F,10
אייברי,M,10
אייגון,F,10
תבארכ,F,10
יאד,M,10
פרהאן,F,10
בדרן,M,10
קות,F,10
אריאל-דוד,M,10
מילאד,F,10
האזר,F,10
דוריקה,F,10
דורונה,F,10
אביאור,F,10
גאריק,M,10
לוטף,M,10
לויאל,M,10
רוקו,M,10
אנוצה,F,10
ברינדי,F,10
לוניה,M,10
חאדיגה,F,10
רייסי,F,10
אודה-ליה,F,10
עיסאם,F,10
אלנדב,M,10
שלמון,M,10
שהרוק,M,10
ניפוז,F,10
אלסיו,M,10
לולא,F,10
לוסייל,F,10
ראוחיה,F,10
קלב,M,10
טאר,M,10
האדיא,F,10
מניסן,M,10
קותיבא,M,10
ותר,F,10
איזדיהר,F,10
איזה,M,10
סלוין,M,10
יאגין,F,10
סתנאי,F,10
רוזלן,F,10
מנחים,M,10
אדונה,M,10
וודג',M,10
מאיר-ישראל,M,10
נדאם,M,10
אלעד-יעקב,M,10
לופו,M,10
עליון,M,10
מינהאל,M,10
אריעד,M,10
קטורת,F,10
מנטאמר,F,10
בדאיה,F,10
טגה,M,10
טריק,M,10
סליאל,M,10
ברנד,M,10
אוגניוש,M,10
ח'נסא,F,10
אלפ,M,10
לוקמן,M,10
גאווין,M,10
פלוריאנה,F,10
סמויל,M,10
דטו,M,10
טרינגו,F,10
מינדיל,F,10
מנזומה,F,10
ע,M,10
תגסט,F,10
איואן,F,10
סלמווית,F,10
הרשקו,M,10
נילאי,M,10
אדור,F,10
עסמאת,M,10
תמורז,M,10
ניני,M,10
נימי,M,10
לי-פז,F,10
ציקי,M,10
ניגל,M,10
עליתה,F,10
אוגו,M,10
ראוד,F,10
לי-יו,F,10
מאט,M,10
נהואן,F,10
ניוסיה,F,10
ניזם,M,10
ח'יאם,M,10
ורנה,F,10
טגנטה,F,10
טפחה,F,10
טפטה,M,10
איגנץ,M,10
סמאיה,F,10
סמאן,M,10
קלאוד,F,10
מנגד,M,10
בבני,M,10
בבת,F,10
בגדד,F,10
קיפח,F,10
פטריס,F,10
איגנציו,M,10
פרידריקה,F,10
טספאיה,M,10
אדיאל,M,10
ענת-חנה,F,10
ג'לל,M,10
ניבא,F,10
ליגד,F,10
זקלינה,F,10
זכות,F,10
מאור-מאיר,M,10
מאהירה,F,10
בשאר,F,10
ג'מאן,F,10
אלרי,M,10
אלשנדרה,M,10
טספייה,M,10
קיראז,F,10
שימא,F,10
מנדל,F,10
קטלין,M,10
סמחה,F,10
דלפינה,F,10
סרנש,F,10
קינזי,F,10
ארנלה,F,10
ריאאל,F,10
תרוה,F,10
דרלי,F,10
טמה,F,10
איבתיהל,F,10
איבתסם,F,10
שהירא,F,10
מאאל,F,10
מאאמון,M,10
אדלאידה,F,10
ענהיה,F,10
עניה,F,10
אנאליה,F,10
שמחי,M,10
ווביטו,F,10
ריילא,F,10
ואסן,F,10
ואדחה,F,10
נטעאל,M,10
ראדייה,F,10
ליהם,F,10
ג'ליאן,F,10
סמיך,M,10
ממיי,F,10
סרי,F,10
איגט,F,10
סמרה,M,10
טלאק,M,10
דיקריאת,F,10
רישל,F,10
וינדי,F,10
מנאלה,F,10
קינאז,F,10
אחדות,F,10
טירועלם,F,10
קידן,F,10
וואסה,M,10
וואסל,M,10
לנרד,M,10
בתואל,M,10
בשורה,F,10
זלטי,F,10
זליכה,F,10
לקצ'או,M,10
טימופי,M,10
מירי-מרים,F,10
מירוואת,F,10
מירום,F,10
שבנם,F,10
שהאדי,M,10
שהדה,F,10
לן,F,10
אנאגים,F,10
נוואר,M,10
נובל,F,10
ג'וסטין,M,10
לייאם,M,10
ג'ורג'יו,M,10
ליוי,F,10
וג'יה,F,10
טיירון,M,10
אטראד,M,10
איאהב,M,10
סניאר,F,10
אחירם,M,10
סעדאלדין,M,10
אדראג'או,M,10
זמם,F,10
אהרון,F,10
אהרון-רון,M,10
אמה,M,10
נחי,M,10
ליוא,M,10
ויקטוריא,F,10
סנדרינה,F,10
סנד,F,10
מלכו,F,10
דניאל-חיים,M,10
דנדן,M,10
אטלי,F,10
טיזאלו,F,10
ונימין,M,10
צפיר,M,10
אמתנאן,F,10
אמתסאל,F,10
נזי,M,10
ראגאד,F,10
לייביש,M,10
ליזית,F,10
מלס,M,10
מירם,M,10
דנור,F,10
טיזזו,M,10
פרזי,M,10
ספרה,F,10
טוליב,F,10
טוראן,F,10
קרניאל,M,10
אמרם,M,10
נוסאיבה,F,10
ג'ד,F,10
פליסיטי,F,10
עמיעז,M,10
נזאם,F,10
נוריהן,F,10
דניקה,F,10
אשרקאת,F,10
מלכא,F,10
אבבצ',F,10
וירג'ני,F,10
אמלקה,M,10
ג'ואקים,M,10
ג'וארג'יוס,M,10
לינור,M,10
אמלין,F,10
ליסי,F,10
לילינה,F,10
זמרד,F,10
מלי-מזל,F,10
מלי-מלכה,F,10
מליטה,F,10
מלבין,M,10
אתליה,F,10
תשומה,M,10
גמשיד,M,10
אינת,F,10
סולומן,M,10
ויסריון,M,10
רטה,M,10
אשתיה,F,10
מלאקי,F,10
וירנה,F,10
פייחאא,F,10
אבאינך,M,10
ענבאל,F,10
אמלקה,F,10
מכראם,M,10
ספות,M,10
ספינאו,M,10
פיטפט,F,10
רטה,F,9
תשרי,F,9
אבדו,M,9
קיין,M,9
מלדו,F,9
אתיאן,M,9
באיו,M,9
אחסאן,F,9
טזאנו,F,9
טופיג,M,9
תריאג,F,9
פיית,F,9
אדריה,F,9
אמנא,F,9
נוקד,M,9
ליעז,M,9
ג'והאנה,F,9
לינו,M,9
לימאי,M,9
לימאס,F,9
אמיר-מאיר,M,9
צפואן,M,9
צפוות,M,9
ג'וודת,M,9
זנבץ',F,9
זנבש,F,9
ודפה,F,9
והדאן,M,9
קתאדה,M,9
ויקטור-חיים,M,9
מישאלה,F,9
דנקו,M,9
טטקו,F,9
טיאבה,F,9
רוול,M,9
דסטין,M,9
סראי,M,9
זמיר,F,9
עמית-דוד,M,9
שגיב,F,9
צמוד,F,9
ג'וזיף,M,9
ג'וזלאן,F,9
עמל,M,9
ג'אוהר,F,9
ג'אנל,F,9
אשדת,F,9
אשווק,F,9
טיגאב,F,9
טיהונה,F,9
אבדל,M,9
אבוהי,M,9
ונציה,F,9
ויציסלב,M,9
שמים,F,9
עממאר,M,9
אהרן-רוני,M,9
זעירה,F,9
זנאנש,F,9
אמיטל,F,9
לנינה,F,9
למיתה,F,9
ג'אורג',M,9
פרונה,F,9
פרזאד,M,9
סנטאייהו,F,9
סנטו,M,9
דניאל-דוד,M,9
קייסי,M,9
קילי,F,9
קיליאן,M,9
באיה,M,9
באכזה,F,9
ג'אז,F,9
למאי,F,9
לילי,M,9
נזיליה,F,9
אמיאל,M,9
לייו,F,9
שייכה,F,9
מירואת,F,9
מלסה,F,9
סנטייהו,F,9
דמקה,F,9
טימורז,M,9
ליזיאן,F,9
אמורי,F,9
לייאלי,F,9
ודאט,M,9
ודאע,F,9
תליד,F,9
ווארדה,F,9
וואדחה,F,9
אמראן,M,9
נוזה,F,9
אשגרי,M,9
באמנת,F,9
פידן,F,9
פיליפ,F,9
פימן,M,9
טירואיינט,F,9
רם-רחמים,M,9
מלכיאלה,F,9
זקוי,M,9
שנאל,M,9
שנארה,F,9
אמדאו,M,9
אמה-לי,F,9
ג'אידה,F,9
לקא,F,9
נווארה,F,9
ממאי,M,9
קימחית,F,9
אחאי,M,9
אחז,M,9
אזמרלדה,F,9
סרדר,M,9
דרון,M,9
טירוסו,F,9
טירסו,F,9
קיה,F,9
מלקום,M,9
ליהב,F,9
קרמה,F,9
נוגוד,F,9
מיציסלב,M,9
סרארי,F,9
רירי,F,9
טלאהון,M,9
טוביהו,M,9
תראד,M,9
וינרה,F,9
וקאר,F,9
וובית,F,9
אמאסי,F,9
דיניז,F,9
סרור,F,9
סרז,M,9
מירב-מרים,F,9
מירבד,F,9
באתול,F,9
בבאי,M,9
בבה,M,9
באקרי,M,9
שיח,F,9
טדפלץ',F,9
איבת,F,9
סמנאו,M,9
דינאי,M,9
טלינה,F,9
דכרא,F,9
דלאל,M,9
סמנת'ה,F,9
סמראוויט,F,9
אידי,M,9
ג'זאל,M,9
אמאוואיש,F,9
אמאי,F,9
ג'יידאא,F,9
ליאנדרו,M,9
שהנדא,F,9
אנאר,F,9
אנג'ם,F,9
טנגיס,M,9
טניא,F,9
סריי,M,9
אזנש,F,9
טדי,F,9
קיסאר,M,9
ועוד,F,9
תרווה,F,9
שבותיה,F,9
ניגאר,F,9
ניבאל,M,9
ניבית,F,9
ואז'ה,M,9
זרטהון,F,9
ח'אדר,M,9
רועי-יעקב,M,9
רועי-יצחק,M,9
ניברט,F,9
קרל,F,9
מאהרן,M,9
איהד,M,9
סמו,F,9
תדלה,M,9
פטפטיה,F,9
רחל-לי,F,9
שילהב,F,9
ארמייס,M,9
מנוחה-רחל,F,9
דרסה,F,9
דריאל,M,9
טגנייץ',F,9
טסנים,F,9
קטנה,F,9
ארפינה,F,9
פיניה,M,9
נידאה,F,9
ליאד,M,9
ג'ית',M,9
עלין,F,9
עליסיה,F,9
פרוים,M,9
סרקה,F,9
אבי-אל,M,9
ויטי,F,9
בהאה,M,9
מני,F,9
אזיזה,F,9
איוואן,F,9
סלסבילא,F,9
דידו,M,9
רמילה,F,9
ציפור,F,9
לי-אם,M,9
ג'ני,M,9
ג'סיקא,F,9
אנדז'לה,F,9
אנדיהנאו,M,9
שהר,F,9
נהאלה,F,9
נהד,M,9
טגט,F,9
רוזל,F,9
ארמינה,F,9
קירובל,M,9
מנטסנוט,M,9
מאיו,M,9
שארלי,F,9
ניזאם,F,9
לי-אב,F,9
ח'טיב,M,9
אוגוסט,M,9
אוגוסטו,M,9
אואן,M,9
ואגדי,M,9
לורנץ,M,9
מנטגווש,F,9
טביין,F,9
סליח,M,9
טרן,F,9
סלמאס,F,9
איזאביל,F,9
לורנצו,M,9
ג'ראלד,M,9
פלורן,F,9
תמור,M,9
נדיפה,F,9
נדר,F,9
אנדור,M,9
מניליק,M,9
מניני,M,9
קותאר,F,9
ויטולד,M,9
סלום,M,9
איזיאסלב,M,9
יאגוב,M,9
האבטה,M,9
דז'ולטה,F,9
דז'וליאטה,F,9
דז'ורה,M,9
טשאלה,M,9
סלבנה,F,9
רוגו,F,9
מילי,M,9
בההא,M,9
לוצינה,F,9
לוריט,F,9
ח'ולדה,F,9
עלאיה,F,9
נדאר,M,9
שמבל,M,9
ז'ולט,M,9
ז'וליאט,F,9
בהנאם,M,9
בו,M,9
אזד,M,9
טאלצא,F,9
תביאן,F,9
וובנך,M,9
וובסירה,F,9
עלאלדין,M,9
הרמלה,F,9
ריכאז,F,9
גאהד,M,9
גאואד,M,9
ג'רמס,M,9
פלוריקה,F,9
יאושיהו,M,9
אייאם,F,9
יאל,M,9
יאלטו,F,9
דורטה,F,9
עאודה,M,9
תקיה,F,9
פזי,F,9
מאירם,F,9
ג'רנאס,F,9
ג'שוע,M,9
ניסי,M,9
ניסיי,M,9
גאורגינה,F,9
לוסין,M,9
אודהיה,F,9
דונייה,F,9
יאמור,F,9
פרה,F,9
שיבאן,M,9
שיבבאו,M,9
בוסימה,F,9
בולור,F,9
עירם,M,9
הריאל,M,9
חאזן,M,9
גאיית,M,9
גאיס,M,9
ניסנה,F,9
אנהיד,F,9
ברכתיה,F,9
האיפה,F,9
דורותיה,F,9
בוגלה,M,9
מייקה,M,9
מייקל,F,9
אדויג,F,9
ציוני,M,9
שאפה,F,9
ראום,F,9
ראונה,F,9
גאניס,F,9
ארזי,F,9
מסי,M,9
מסאלם,M,9
מסאר,F,9
עאסף,M,9
עאפף,F,9
ז'ואן,M,9
ורטן,M,9
אביביה,F,9
פורג'ה,F,9
אביגיא,M,9
אלמנתסר,M,9
לונדה,F,9
וודנש,F,9
רוקי,M,9
שמאור,M,9
נגין,F,9
ארוס,F,9
ידאל,M,9
יבלו,F,9
אייטנאו,M,9
פרנגיז,F,9
דווי,M,9
וידא,F,9
פולי,M,9
פוליט,F,9
אורציון,M,9
סינמיס,F,9
סינדיאן,F,9
מייטה,F,9
בריש,M,9
ציגרדה,F,9
אלמור,M,9
גאראם,F,9
הרמוני,F,9
קאין,F,9
שואנש,F,9
עקאף,M,9
סימנש,F,9
סימצ'או,M,9
סימה-שמחה,F,9
דודה,F,9
רניי,F,9
חרמיאס,M,9
הדין,F,9
עיסמת,M,9
חבטאם,F,9
חבי,F,9
חאסם,M,9
אלמאסה,F,9
לודי,F,9
לובה,M,9
שאמא,F,9
אללאא,F,9
בורכו,F,9
טאג',F,9
סימונה,M,9
דוברו,F,9
יהונתן-דוד,M,9
גבירה,F,9
חאקם,M,9
הר,M,9
מאשע,F,9
אנושקה,F,9
אנזורי,M,9
בריגט,F,9
פיקר,F,9
פיקראדיס,F,9
סימאצ'ו,M,9
דואן,F,9
רנימה,F,9
אורנתן,M,9
ז'וליאנה,F,9
מעתאז,M,9
מפאז,F,9
מארטה,F,9
בריטה,F,9
נללה,F,9
לודביק,M,9
לואלוא,F,9
אליקיר,M,9
רויאן,F,9
חצב,F,9
הגוב,M,9
הגרה,F,9
איימרו,M,9
איין,F,9
דגסו,M,9
דדה,F,9
דבריה,F,9
מענדיל,M,9
שי-יהושע,M,9
שי-ישראל,M,9
אנטיה,F,9
אליעזרה,F,9
נמיג,M,9
רונאק,F,9
עינאל,F,9
הנריקו,M,9
שלים,M,9
נבראס,M,9
ברזיט,F,9
מברוקה,F,9
פרדג'י,M,9
אבין,M,9
מצטפה,M,9
ז'יסלן,F,9
מארלה,F,9
מג'אד,M,9
שוויה,F,9
חדאר,M,9
לבנה,M,9
שאי,F,9
לבקה,F,9
שאימאא,F,9
גובאני,M,9
מיאדא,F,9
בטוש,F,9
חריה,F,9
חפיז,M,9
חפצה,F,9
איליהו,M,9
יוגין,M,9
סילבר,M,9
יודיף,F,9
יודל,M,9
ננו,M,9
גהאד,M,9
גוא,F,9
לאקאצ'ו,M,9
לאריין,F,9
אלינוע,F,9
אילובו,M,9
סיילום,M,9
פרנציסק,M,9
דאשה,F,9
עבדלחמיד,M,9
פירוז,M,9
ז'רר,M,9
נסאם,F,9
הענדי,F,9
אווטש,F,9
ברה,M,9
ברהא,F,9
בראון,M,9
ברוכי,F,9
נג'אה,F,9
נג'אתי,M,9
סיווין,F,9
פרנצסקה,F,9
סיונית,F,9
אילזה,F,9
יולא,F,9
אניוטה,F,9
ברבארה,F,9
עיינא,F,9
הנאיה,F,9
הנדי,M,9
שאחדה,M,9
אלייסף,M,9
נסרלדין,M,9
לבבית,F,9
דבקה,F,9
דארין,M,9
אראגאו,M,9
אראדה,F,9
מטעב,M,9
מי-אל,F,9
רזיטה,F,9
ביאדר,F,9
ביאזיד,M,9
מטיע,M,9
דארא,F,9
אילקה,F,9
רסלין,F,9
עבר,M,9
הדלה,F,9
לאילה,F,9
חדיג'ה,F,9
חדיגיה,F,9
ערפה,F,9
זורינה,F,9
זורית,F,9
קונסטנס,F,9
שטה,M,9
מגדולנה,F,9
אנייאט,F,9
נף,F,9
לאונה,M,9
גוי,M,9
הודאי,M,9
רוייד,M,9
יוסופ,M,9
ד'יאא,M,9
סיאם,M,9
פרסיאדה,F,9
מקסמיליאן,M,9
מרגליטה,F,9
יוסף-דוד,M,9
ביג'אן,M,9
מחדי,M,9
אפתיסם,F,9
זאהרא,F,9
לאוקדיה,F,9
פני,M,9
אויגן,M,9
שוחרט,M,9
נבית,F,9
נבט,M,9
מדיקו,F,9
פראמרז,M,9
פראן,F,9
חנלי,F,9
סטפנו,M,9
תאיו,M,9
תאייסיר,M,9
ביילין,M,9
סטו,F,9
אימן,M,9
סטיון,M,9
גריגור,M,9
שחלו,F,9
אפתיח'אר,F,9
פנית,F,9
המיס,F,9
צודקי,M,9
לאוזה,F,9
לאונאל,M,9
עדיי,F,9
אוריון,F,9
גריגוריי,M,9
יורב,M,9
יועזר,M,9
ביזאן,M,9
בילאסן,F,9
מרואא,F,9
כתריאלה,F,9
גולייטה,F,9
צהיינך,M,9
בקיזה,F,9
בסמלא,F,9
נארמאן,F,9
נב,M,9
תאורה,F,9
סחף,M,9
סטה,F,9
אורי-יעקב,M,9
אעתידל,F,9
זאיידה,F,9
מהאא,F,9
גוליאנו,M,9
נקטר,F,9
עידו,F,9
אינו,M,9
סורפל,M,9
יזבאלם,F,9
סטותאו,M,9
וורקאי,F,9
מרחביה,M,9
אסתר-חנה,F,9
סוריאנה,F,9
גרזינה,F,9
חנה-אנט,F,9
חמידו,M,9
פראז,M,9
הלן,M,9
נרדי,M,9
שאול-שי,M,9
כרמאן,F,9
גומר,F,9
תמין,M,9
פלוריאן,F,9
רוקסאן,F,9
אינוקנטי,M,9
רפאיה,F,9
יזייד,M,9
אבקיילש,F,9
אבר,M,9
פבי,F,9
פביין,M,9
אסקל,F,9
יזן,F,9
אינטיסאר,F,9
אינטיסר,F,9
גסי,F,9
מדר,M,9
שאהינאז,F,9
נשאת,F,9
חווי,F,9
הנוך,M,9
חמה,F,9
גסק,F,9
רגאב,M,9
מורייל,F,9
ביקה,F,9
קמוס,M,9
יינית,F,9
רג'י,F,9
סומר,M,9
סונאי,M,9
סונבלה,F,9
גנרי,M,9
היבאא,F,9
עדני,M,9
עדרה,F,9
ריס,M,9
הותאף,F,9
הטי,F,9
גונדיה,F,9
גומג'ו,F,9
תינוק,M,9
תיפארת,F,9
קסי,F,9
אנסטסייה,F,9
בסיליוס,M,9
אוליסיה,F,9
חוסני,F,9
גושן,F,9
נשואן,M,9
אלזביטה,F,9
אלזהרה,F,9
מרינלה,F,9
רפאל-רפי,M,9
מרילה,F,9
מרימאן,F,9
זהוא,F,9
פירז,M,9
חמדייה,F,9
חמדללה,M,9
ילקאל,M,9
רפאל-חי,M,9
אברהם-יעקב,M,9
רידאן,F,9
מופתייה,F,9
אספרנס,F,9
כנא,F,9
כנאר,M,9
גוסטה,F,9
עתיד,M,9
מהלי,M,9
שוכת,M,9
סולטן,M,9
ימנוש,F,9
ינאטפנטה,F,9
חלן,F,9
חמאדא,M,9
חלדייה,F,9
פאשה,M,9
פאר-לי,F,9
פארדוס,F,9
זהי,M,9
בכטיאר,M,9
נאלבי,M,9
שלוית,F,9
אנפיסה,F,9
כלילת,F,9
כליף,M,9
סאביל,F,9
נתנלי,F,9
ראנו,F,9
מרסאל,M,9
בישרא,F,9
היבתאללה,F,9
ינאית,F,9
איסטם,F,9
סולאן,F,9
צדי,M,9
כלי,F,9
כיפאייה,F,9
כיפח,F,9
פנתהון,M,9
שומוך,F,9
מהרטה,M,9
אנצ'ינלו,F,9
נאייל,M,9
נאייפה,F,9
אסנה,F,9
אסנקו,M,9
אסנקצ',F,9
צ'רה,F,9
צ'רי,F,9
איסקו,F,9
עודיה,M,9
אגנהו,M,9
חופש,F,9
אלהי,M,9
אלהיי,M,9
סאג'וד,F,9
גזאט,M,9
כייס,M,9
כילאני,M,9
כינאנה,F,9
מונסר,M,9
משה-מוריס,M,9
הידיה,F,9
היאל,M,9
חלום,F,9
יניב-משה,M,9
איראז,F,9
ינסו,F,9
קמע,F,9
מונתה,F,9
אלגרין,F,9
כוסר,F,9
חוראלעין,F,9
חורגה,M,9
מוהד,M,9
מוג,F,9
מוגהד,M,9
מוגיר,M,9
אנשרח,F,9
נאטאלי,F,9
נאוף,M,9
אלברטה,F,9
סאחרה,F,9
גיולי,F,9
איפרוד,F,9
אור-משה,M,9
אור-פז,F,9
שוקאת,M,9
בלייר,F,9
סוהאן,F,9
סואסן,F,9
סוב,F,9
ששיה,F,9
אסמע,F,9
משא,F,9
מונטנה,F,9
במבי,F,9
ווסיה,M,9
אברהט,F,9
כאלב,M,9
עטאב,F,9
עזיתה,F,9
זוליכה,F,9
זולפא,F,9
עתרה,F,9
אנתנש,F,9
הידאיא,F,9
יסר,M,9
יסראש,F,9
גליל,F,9
סדף,F,9
גלעדה,F,9
אסאי,M,9
חי-חיים,M,9
הינדע,F,9
יתברק,M,9
גיולרה,F,9
צגאו,M,9
אבשי,M,9
מונדי,M,9
גיפרי,M,9
צאיב,M,9
איריסי,F,9
גית',M,9
גיתי,F,9
זואי,M,9
כאדר,M,9
ראסלן,M,9
ישמו,F,9
צביאלה,F,9
ישמבל,F,9
אסלף,F,9
אסמא,M,9
מתאוס,M,9
בן-יוסף,M,9
זהראה,F,9
חינקה,F,9
סג'א,F,9
סג'ד,M,9
היימנות,M,9
אבתיסאל,F,9
ווניו,M,9
מולוסאו,M,9
מולוק,F,9
בן-ראובן,M,9
גיורי,F,9
גיזאצ'ו,M,9
תידהר,M,9
אוסאן,F,9
אוסווה,F,9
פאאדה,F,9
זולה,F,9
זוסמן,M,9
אסחאר,F,9
אסמאהאן,F,9
שרליז,F,9
יצחק-מאיר,M,9
חילי,F,9
היית'ם,F,9
אוסילה,F,9
היימאן,M,9
יפה,M,9
קסאהון,M,9
קסאנש,F,9
רומייסה,F,9
רינאא,F,9
ישוע,M,9
אלבר,F,9
ישע,M,9
בניים,M,9
בנצ'אלם,F,9
נאגלה,F,9
חיינה,F,9
צבי,F,9
סבין,M,9
יצחק,F,9
מתילדא,F,9
בנדטו,M,9
מוליה,F,9
אסטה,F,9
מתיקו,M,9
מתיתיה,M,9
מתן-דוד,M,9
אגינצ'ה,F,9
גיימי,M,9
ישהרג,F,9
סאפי,F,9
סאפינאז,F,9
סאנאד,M,9
גיזה,F,9
רומייסא,F,9
ראשה,F,9
ירמוק,M,9
מולגטה,M,9
בנימינו,M,9
בנסון,M,9
אסגוזה,F,9
קברת,M,9
נאג'לה,F,9
בנדלי,M,9
אסייל,M,9
בנג'י,M,9
וולים,M,9
תמרת,F,9
גימאר,M,9
גימי,F,9
סבינז',F,9
גילה,M,9
גילו,M,9
ירבעלם,F,9
אל-ארי,M,9
רשבי,M,9
גיידה,F,9
זוזו,F,9
נאג'ת,F,9
נאגוה,F,9
נאגיב,M,9
נאג',M,9
פיטגה,F,9
מלאך,M,9
מלאניה,F,9
וירחיניה,F,9
ולארי,F,9
ולדימור,M,9
תשורה,F,9
אבאו,M,9
אבאיינך,M,9
תריזא,F,9
ולדיק,M,9
אדמונדו,M,9
דראל,F,9
טולה,F,9
רוזיה,F,9
ספורו,F,9
תוהאמי,M,9
את'יר,M,9
באהה,M,9
קיילב,M,9
וסיים,M,8
באבק,M,8
אתטגב,F,8
קיומרס,M,8
באיזיד,M,8
תודיה,F,8
טורי,M,8
טוקא,F,8
ספראש,F,8
אדרגאו,M,8
פייחא,F,8
ולדילן,M,8
אשתר,F,8
נאבה,F,8
לימורי,F,8
ג'ווהר,F,8
נועה-לי,F,8
נועם-דוד,M,8
ג'אנדי,M,8
זנאב,F,8
מירקו,M,8
מירקוז,M,8
רוז'נה,F,8
טיאן,F,8
דניזי,F,8
דנייל,F,8
ריתאז,F,8
ספירו,F,8
זנאידה,F,8
זמירית,F,8
איתאל,F,8
רבאח,F,8
גירום,M,8
אסלאח,F,8
קדיר,M,8
ישינך,M,8
גיינה,F,8
סאעיד,M,8
אומר,F,8
הילה-רחל,F,8
היליה,F,8
חיים,F,8
ראשונה,F,8
ירחמאל,M,8
ירי,M,8
ירמה,F,8
שלאמצא,F,8
שלב,M,8
סג'ידה,F,8
סברא,F,8
גינו,M,8
חיענא,F,8
יעקב-יניב,M,8
יעקב-מאיר,M,8
אישרא,F,8
אירים,F,8
חיאן,M,8
חיאתי,F,8
בנעד,M,8
מוזלי,F,8
נאהב,M,8
אסטפניה,F,8
אירג,M,8
סגי,F,8
איתי-חיים,M,8
יצהל,M,8
פאטה,M,8
פאטם,F,8
אגדיר,F,8
זוזף,M,8
זוהרא,F,8
מומתאז,M,8
מון,M,8
אלארא,F,8
וויקטור,M,8
וולאא,M,8
וולאה,F,8
אסוה,F,8
בס,F,8
מודא,F,8
מודחי,M,8
זולייכו,F,8
סאלאח,M,8
צברה,F,8
ישראל-יעקב,M,8
ישיעה,M,8
אלאצ'או,M,8
זואלו,F,8
שכניה,M,8
של,M,8
אסם,M,8
עוליה,F,8
עולייה,F,8
רומאל,M,8
מונדיר,M,8
משל,M,8
משגב,F,8
משדי,M,8
צארטל,F,8
איריק,M,8
אירס,F,8
קנדל,F,8
שירתיה,F,8
משה-שי,M,8
משומר,M,8
שוקראן,F,8
שוקרולה,M,8
אבשה,M,8
אסאם,M,8
נאוה,M,8
חטונה,F,8
צגאיי,M,8
מואיאד,M,8
אסאייל,F,8
אסאיל,M,8
אסאלא,F,8
אבתהל,F,8
אברהם-מרדכי,M,8
אירוסלם,F,8
שרנה,F,8
שררה,F,8
סדקיה,F,8
צאאב,M,8
אופר,M,8
עוטאף,F,8
פאיסל,M,8
עתימאד,F,8
אנתיצאר,F,8
משה-דוד,M,8
פערלה,F,8
היזאר,F,8
הידאא,F,8
רומאיס,F,8
גלין,F,8
סהלו,M,8
יענקיל,M,8
יעל-חיה,F,8
סודקיה,F,8
נאוריי,M,8
נאות,F,8
נאזי,M,8
אוניס,M,8
אסמרץ',F,8
אסנאקו,M,8
בלטש,F,8
גלדה,F,8
יעלם,F,8
יסר,F,8
מרתין,M,8
בלפור,M,8
פאייק,M,8
סאליאל,M,8
עזיזי,M,8
זולמה,F,8
זוזפין,F,8
זוחרה,F,8
פאדוה,F,8
עתייק,M,8
תילא,F,8
תילין,F,8
עזראל,M,8
הימא,F,8
סאווה,M,8
רתאב,F,8
גטסאו,M,8
כדן,M,8
ינקי,M,8
איראן,M,8
איסתם,F,8
סוהרב,M,8
רפית,F,8
מוסבח,M,8
שופה,F,8
מרצ'י,F,8
יניטה,F,8
איסקנדר,M,8
איסראה,F,8
סוהילא,F,8
סוהיר,M,8
מונתאה,F,8
כדר,F,8
אלהאדי,M,8
כורדייה,F,8
חוראא,F,8
חונן,M,8
חוסאי,M,8
מובראק,M,8
נאזר,M,8
נאטאליה,F,8
בסיקי,M,8
אסנקץ',F,8
קואקב,F,8
שירלין,F,8
אסנתי,F,8
ינון-אליה,M,8
סווסאן,F,8
אורגד,F,8
בירן,F,8
קמילו,M,8
נאינה,F,8
נאיר,M,8
אגנייהו,M,8
כורוש,M,8
סאג'ר,M,8
גז'ל,F,8
גזאו,M,8
אסף-חיים,M,8
קוגאן,M,8
מרנאן,F,8
ביתול,F,8
רינלדו,M,8
סוכר,F,8
גנאל,M,8
ינוורק,F,8
איסטיר,F,8
אינתהאל,F,8
גזיל,F,8
עטייאת,F,8
פנלופי,F,8
מואתז,M,8
בערי,M,8
אנקואיה,F,8
פלומבה,F,8
וויולית,F,8
מהרדאד,M,8
אורגיל,M,8
זואיה,F,8
אסצ'ילו,M,8
שיריי,M,8
בכמל,F,8
נאלי,F,8
שלום,F,8
אנפל,F,8
גופרן,F,8
רתאן,F,8
גורדנה,F,8
כמיסה,F,8
כלימנס,F,8
פאריה,F,8
עובאדא,M,8
חמאם,F,8
חמאס,F,8
רג'ד,F,8
סולימה,F,8
ווסן,M,8
זהארה,F,8
זהדיה,F,8
כמליה,F,8
גוסטין,M,8
שריד,F,8
נתיק,M,8
נתנאור,M,8
גוסיי,M,8
כמאליה,F,8
אנסם,F,8
אגריטו,F,8
אגריי,F,8
אולימפיה,F,8
אומסיה,F,8
אולק,M,8
נשר,M,8
ילם,F,8
גננדיל,F,8
רג'ואה,F,8
ילפין,F,8
יין,M,8
שורין,F,8
קוטר,F,8
ביסאם,M,8
זבלון,M,8
רג'יחה,F,8
גסון,M,8
היאתם,F,8
עהאד,F,8
גונדריט,F,8
גונה,F,8
אלזי,F,8
אלונדרה,F,8
צהיי,M,8
מואתסם,M,8
קסטה,M,8
בר-יוסף,M,8
אננא,F,8
נאסיר,M,8
אנסה,F,8
אנסים,F,8
כרול,F,8
אלי-אור,M,8
חומור,F,8
חונא,M,8
חוזיימה,F,8
המיד,M,8
חנדלה,M,8
גפלה,F,8
גפני,F,8
מרי-אן,F,8
מורטזה,M,8
מוריא,F,8
קמואל,M,8
קמיאר,M,8
ביקל,F,8
אסרסץ,F,8
אסרסש,F,8
מרייטה,F,8
רגאיה,F,8
גרהרד,M,8
סופיו,F,8
צ'ימן,F,8
צ'יני,F,8
צ'לאצ'ו,M,8
יטובה,F,8
יטלא,F,8
סורין,F,8
קסיי,M,8
אנמאו,M,8
אנמוט,M,8
שאדין,F,8
כראמי,M,8
עידן-דוד,M,8
נרה,F,8
גולנז,F,8
גולנר,F,8
גולצ'חרה,F,8
אגרנך,M,8
שויכאר,F,8
סופייאן,M,8
סופר,M,8
סוקאינה,F,8
יחייה,M,8
יחל,M,8
צ'זרה,M,8
אבנרי,M,8
ווסאן,F,8
אסתה,F,8
רגואן,M,8
רגייה,F,8
פדאל,M,8
מרטו,M,8
מרטי,F,8
מריאנלה,F,8
סוראקה,M,8
רעליה,F,8
יזנו,F,8
ביסאם,F,8
קולן,M,8
אעישה,F,8
בילסאן,F,8
בינא,F,8
בייסאן,F,8
עידו-משה,M,8
מדי,M,8
מדיאן,F,8
מדין,F,8
נקיטה,M,8
נרג'אס,F,8
גולט,F,8
כרסטיאן,M,8
גוידו,M,8
רומריו,M,8
עיטב,F,8
עיטף,F,8
הוננאו,M,8
הוריה,M,8
הורציו,M,8
גרטרודה,F,8
גריאס,M,8
נצנט,M,8
צהייטו,F,8
אנמרי,F,8
נאתאלי,F,8
נבאה,F,8
שותה,M,8
אינגוד,F,8
אינטסר,F,8
אינדאלאו,M,8
יז'י,M,8
מושיח,M,8
מרוח,M,8
מותאנה,M,8
זאמל,M,8
זאנב,F,8
בראנא,F,8
לאוטה,F,8
לאוטה,M,8
גוייל,F,8
גוודאת,M,8
גרה,F,8
יורגה,M,8
יורגו,M,8
פתנאת,F,8
מחיי,M,8
ביטי,F,8
אפכאר,F,8
שחנוזה,F,8
כתיבה,M,8
כרמילה,F,8
גוייס,F,8
נצנה,F,8
יוקו,F,8
יוקי,F,8
רד'א,M,8
הויאם,F,8
זאודיתו,F,8
אבישב,M,8
אביעד-אברהם,M,8
וורקי,F,8
זאינה,F,8
זופאן,F,8
זוראב,M,8
חואתו,M,8
המת,F,8
אליהו-אלי,M,8
צובחייה,F,8
נפת,F,8
אויה,F,8
נבה,F,8
נבוא,M,8
קפאח,M,8
ברבי,F,8
זועבי,M,8
שירה-חיה,F,8
מרג'רי,F,8
חנה-לאה,F,8
חנו,F,8
הולואגריש,F,8
עדוי,M,8
חסונה,M,8
גרמין,F,8
יופי,F,8
יוקה,F,8
ביז'ן,M,8
מרגליא,F,8
יוסף-יוסי,M,8
פרשאד,M,8
פרת,M,8
יוספין,F,8
אפתיסאם,F,8
אצ'נף,M,8
אצחאק,M,8
מרגול,F,8
מרגי,F,8
רזלה,F,8
זאודי,F,8
אליזאבת,F,8
גוון,M,8
גוהן,F,8
ברדה,F,8
אוהלה,F,8
עילא,F,8
עילאיה,F,8
נפין,M,8
נפרת,F,8
גודאיי,F,8
לאי,F,8
לאיאל,F,8
ראימונד,M,8
הודיא,F,8
רויטלי,F,8
אינאט,F,8
שיר-שירה,F,8
קלמנטה,M,8
ביילע,F,8
מגב,F,8
קונסטנסה,F,8
מראחיל,M,8
אימבת,F,8
יוסיאל,M,8
רסתם,M,8
אילת-חן,F,8
רעות,M,8
רדיאט,F,8
פדרם,M,8
וזנה,F,8
וטאן,M,8
זאזא,M,8
זאהד,M,8
זאמזם,F,8
נביה,F,8
יונאל,M,8
סידאר,F,8
דאיה,F,8
אוריתה,F,8
אורידה,F,8
הדרית,F,8
הואזן,F,8
אליים,M,8
נעום,F,8
גוהנה,F,8
הניק,M,8
הנית,F,8
עשה,M,8
ערואה,M,8
ערטל,F,8
אדבין,M,8
עים,M,8
גוהאינה,F,8
אליישיב,M,8
אלינדב,M,8
נסריין,F,8
לבה,M,8
יולאן,F,8
איליס,F,8
תאיס,F,8
סיטורה,F,8
בטריס,F,8
מטקה,F,8
מי,M,8
מקס,F,8
ויהאם,M,8
אביעז,M,8
קפיאלאו,M,8
ברון,M,8
קאמיל,F,8
אניאס,F,8
סידקי,M,8
אילניה,F,8
יוה,F,8
סיטאר,M,8
תאם,F,8
רסלאן,F,8
יול,F,8
יול,M,8
דבס,F,8
רהאב,F,8
דג'טנו,F,8
אניד,F,8
לבית,F,8
לארי,F,8
לאריס,F,8
לארן,F,8
אילדר,M,8
סיילו,F,8
דאני,F,8
עבדלטיף,M,8
עבדלסאלם,M,8
תפארת,M,8
פהידה,F,8
ז'רמן,F,8
ז'ילבר,M,8
נסיכה,F,8
חביר,M,8
חבסי,F,8
לגיין,F,8
לדי,F,8
גדעונה,F,8
גדמנש,F,8
מקוואננט,M,8
סייפן,M,8
דג'לה,F,8
רסאלה,F,8
איינעלם,F,8
יואפה,F,8
לבאן,M,8
שראח,F,8
נסוח,M,8
ננדור,M,8
גואי,M,8
לביאל,M,8
ברזילי,M,8
יובל-יוסף,M,8
יובל-יעקב,M,8
עבדלרזיג,M,8
אורן-אברהם,M,8
אורן-אהרון,M,8
פיראז,M,8
ויאוריקה,F,8
ויאציסלב,M,8
ז'ינב,F,8
קלין,M,8
קוקו,M,8
ארואא,F,8
שוגי,M,8
חגיתי,F,8
לג'אלם,M,8
לה,F,8
גדיי,F,8
אלכסנדה,F,8
אלכסנדריה,F,8
לואר,F,8
זיויה,F,8
שלמה-זלמן,M,8
ז'לה,F,8
ארגוייה,F,8
מערא,F,8
פולא,F,8
אנטהון,F,8
אנטואניית,F,8
נגאה,F,8
אליקס,F,8
אוואן,F,8
פנטאייה,F,8
עיני,F,8
ברוניקה,F,8
מאריי,F,8
נגד,M,8
בריג'ית,F,8
יואיל,M,8
יואלי,F,8
דהיבה,F,8
דואס,M,8
רוטל,F,8
רויאדה,F,8
רחאנה,F,8
ברכה,M,8
הענטשי,F,8
לואיק,M,8
צחיאל,M,8
שאמי,M,8
מעיין-חיים,M,8
שיפרו,F,8
מייטי,F,8
אורכיד,F,8
טאבת,M,8
יהודית,M,8
איינוו,M,8
תאני,F,8
סימחה,F,8
איילן,M,8
סימן,F,8
אלמאא,F,8
ניר-יוסף,M,8
רילה,F,8
עיסמאת,M,8
אנטוליי,M,8
סימעאן,M,8
יהודה-אריה,M,8
חשא,F,8
מיטרי,M,8
ארדא,F,8
ארדון,M,8
ארדשיר,M,8
מעאדי,M,8
מעד,M,8
עקב,M,8
עקבה,M,8
עקביה,M,8
חביב,F,8
ראחל,F,8
הבאא,F,8
ז'וזט,F,8
ריצל,F,8
האלי,M,8
סינה,M,8
סינטאיהו,M,8
תארג,M,8
ארטום,M,8
קלוודיה,F,8
בוקי,M,8
ברית,M,8
לוין,F,8
ציגה,F,8
לוזין,F,8
לוטה,F,8
הרלי,M,8
לוי,F,8
ניר-דוד,M,8
ניקודם,F,8
עפראן,F,8
עפרון,M,8
ריטג',F,8
נגים,F,8
מסקר,M,8
ארושה,F,8
שינטל,F,8
יהאלם,M,8
פרנאז,F,8
פרנוש,F,8
סינטיהו,M,8
טאיו,F,8
האשים,M,8
סיפראש,F,8
יבדה,M,8
האילו,M,8
האיסם,M,8
עבדאלהדי,M,8
עאתכה,F,8
רוחמא,F,8
דונאי,F,8
דוידה,M,8
דויה,F,8
יבנה,F,8
אבידב,M,8
מסלמה,M,8
לוסיאנא,F,8
גארט,M,8
לולואה,F,8
זיידא,M,8
זיכרה,F,8
אלסאדיג,M,8
שפור,M,8
לוינה,F,8
ניצחונה,F,8
ניצי,F,8
גאניה,F,8
ארזי,M,8
ארטבו,M,8
מיכל-אסתר,F,8
מסטיסלב,M,8
מייסין,F,8
קלו,F,8
ז'ואל,M,8
סיפאלדין,M,8
ברלנטי,F,8
ברם,M,8
שהרוך,M,8
עאמל,F,8
תומר-אברהם,M,8
תומר-דוד,M,8
תומר-חיים,M,8
סיראת,F,8
מילאי,F,8
מייר,F,8
ארי-דוד,M,8
מסגנוו,M,8
קורין,M,8
בוטיינה,F,8
קריים,M,8
קריינא,F,8
לוצי,F,8
רייף,M,8
דועאי,F,8
רובנה,F,8
פריידע,F,8
יאנטה,F,8
תומש,M,8
תופיק,M,8
מנלה,M,8
שיאן,M,8
קורנליו,M,8
ראוייה,F,8
גאיאנה,F,8
ניעם,F,8
אנדריי,F,8
ברלב,M,8
ווהיבה,F,8
ווגאי,F,8
שין,M,8
מילדרד,F,8
מיכל-רחל,F,8
טאנגוט,F,8
סלאווי,F,8
סלאמאוויט,F,8
עאד,M,8
אבי-רם,M,8
מאלאני,F,8
מאיר-מאור,M,8
מאירית,F,8
אלעבאס,M,8
גאזי,F,8
לוסינה,F,8
קריסטוף,M,8
מאיסאא,F,8
ז'ול,M,8
קלה,F,8
מנתמר,F,8
עאוטף,F,8
אזליה,F,8
רוד,F,8
סלאמן,M,8
סלב,M,8
סלביו,M,8
וובלו,F,8
אודלה,F,8
ניסל,M,8
גאדר,F,8
אדום,M,8
דז'מילה,F,8
טרקיי,M,8
איזלדין,M,8
איזנה,F,8
מילת,F,8
מימאתי,M,8
מניב,M,8
מניז'ה,F,8
ג'ראד,M,8
ניס,F,8
נילוס,F,8
לוריית,F,8
לורליי,F,8
ח'ליפה,M,8
עלייא,F,8
נדואה,F,8
נייט,M,8
ניומה,M,8
אלפיה,F,8
אלפץ',F,8
אלצ'או,M,8
זיקריאת,F,8
תמבי,M,8
קאון,F,8
מניזל,M,8
יאבסרה,M,8
אזדין,M,8
אזוונט,F,8
מיסאה,F,8
אריסטה,F,8
ארלי,F,8
אריה-יהודה,M,8
ג'נפר,F,8
ח'טאר,M,8
רונין,M,8
פלשתין,F,8
הרלד,M,8
קטה,F,8
טבת,F,8
טגאי,M,8
תגוה,F,8
תגל,M,8
טשארנע,F,8
טרם,M,8
דיבאן,M,8
דיבון,M,8
איוש,M,8
ג'רוד,M,8
ברכני,M,8
מאורציו,M,8
קאדר,M,8
מאימונה,F,8
די,F,8
טגט,M,8
רוזלה,F,8
דרעזל,F,8
דרפון,M,8
מנוצ'הר,M,8
שימאי,F,8
קירן,M,8
קירסטן,F,8
מינאא,F,8
בדראלדין,M,8
ראוה,F,8
מינטסנוט,M,8
מיני,F,8
בהאלדין,M,8
מנטסנות,M,8
מנזול,F,8
אזזאו,M,8
אזי,M,8
אזלו,F,8
סתר,F,8
סלנט,F,8
רמלי,M,8
סלסט,F,8
טקוה,F,8
אלקסנדרו,M,8
לי-בר,F,8
אנדזי,M,8
ברנאדית,F,8
עפעף,F,8
עסם,M,8
ווביה,F,8
ציפרא,F,8
ליאונאל,M,8
ג'מיליה,F,8
פלקו,F,8
דיון,M,8
ע'זאל,F,8
פרולה,F,8
פיסח,M,8
ורווד,F,8
ורן,M,8
ורקא,F,8
מינטאמיר,F,8
טסרה,M,8
פטרוס,M,8
ויכתור,M,8
קיצר,M,8
שילו,F,8
שים,M,8
טגניו,F,8
סמון,M,8
סמאיין,M,8
מיפלח,M,8
מיננא,F,8
מנגיסטה,M,8
בגין,M,8
שמואלי,M,8
ברנע,M,8
ברנש,F,8
אנגו,F,8
שהראזד,F,8
עלמוש,F,8
עלמי,M,8
רונלי,M,8
ח'אזן,M,8
ראואד,M,8
שאשי,F,8
אלריי,M,8
אלת,F,8
ניברטו,M,8
אנגוואץ',F,8
סמאעיל,M,8
פרידל,M,8
אידר,F,8
טספאו,M,8
תהל-אור,F,8
דייה,F,8
טגנץ',F,8
סרכיס,M,8
בבט,F,8
מנאסה,F,8
מנאף,M,8
מנבר,F,8
ליאני,F,8
ניגוסו,M,8
זרפיה,F,8
זלה,F,8
זכאריא,M,8
זכאריה,M,8
נהיד,M,8
נהירה,F,8
באראה,F,8
מיר,M,8
דריק,M,8
דרל,M,8
טלשוורק,F,8
טלל,F,8
סמעיל,M,8
איברי,M,8
ג'לברט,M,8
אמאווה,F,8
ג'ייס,M,8
ג'יסיקא,F,8
ברצקו,F,8
מאבה,F,8
אנאסטסיה,F,8
וובאלו,F,8
קרלינה,F,8
שהידה,F,8
שמחי,F,8
שהינז,F,8
זכריני,F,8
פליחה,F,8
רייחאנה,F,8
עלמקאן,M,8
אובאיי,M,8
אובידיו,M,8
שנהר,M,8
ג'ימי,F,8
סרפים,M,8
סרול,M,8
ארקייה,F,8
ממרי,M,8
ליהא,F,8
רוסאנה,F,8
וואניו,M,8
וואסל,F,8
זמן,F,8
זמן,M,8
סרחן,M,8
דרין,F,8
ריקרדוס,M,8
איאת,M,8
וסינה,F,8
רחליה,F,8
וצפיה,F,8
ורג'יני,F,8
אנאיד,F,8
בת-שחר,F,8
נטו,F,8
שהבא,F,8
נווא,F,8
בתלהם,F,8
מנאויל,M,8
אחיה,F,8
סנדור,M,8
סנדיאנה,F,8
קידר,F,8
תלתן,M,8
ענג,M,8
ג'ורג'ה,F,8
ג'ורג'ו,M,8
ג'וסיאן,M,8
אמביט,F,8
אמבל,F,8
אהליבה,F,8
וואאם,M,8
אמתתאל,F,8
אמראל,M,8
באנצ'גיזה,F,8
פיהמיה,F,8
סנאת,M,8
טיקיקיל,F,8
טירואינט,F,8
טילנש,F,8
רלין,F,8
דמוע,F,8
נוזהת,F,8
אן-מרי,F,8
לנורה,F,8
זפרי,M,8
ליליאנא,F,8
אמי-לי,F,8
אמיחי,M,8
ג'וניל,F,8
באנצ'אלם,F,8
שיטה,F,8
מלכים,M,8
מלסו,F,8
מירחי,M,8
תהריד,F,8
דריוס,M,8
אחייה,M,8
אחיל,M,8
אחיעז,M,8
נחמה,M,8
אמוודיש,F,8
נורנה,F,8
שמרה,F,8
לייקה,F,8
למי,M,8
פרז',M,8
טובל,M,8
טובע,F,8
טייבא,F,8
באילסאן,F,8
באלקיס,F,8
נוסייר,M,8
נויר,F,8
אמרת,F,8
ללין,F,8
למואל,M,8
ראביע,M,8
אדסה,F,8
ג'וליוס,M,8
נוריתי,F,8
ג'וועד,M,8
עמיתי,F,8
מלכז,M,8
מלכזי,M,8
דניאל-יוסף,M,8
טיגט,F,8
טטי,F,8
דסאלי,M,8
דסאליי,M,8
טיגראן,M,8
קרן-אסתר,F,8
נוסון,M,8
פלישיה,F,8
זוואלו,F,8
מכיר,M,8
אתן,M,8
מכס,M,8
אאורה,F,8
פילחז,M,8
רחמת,F,8
עמנואיל,M,8
עמק,F,8
ליצ'י,F,8
ליסבט,F,8
ג'והאן,F,8
נור-אלדין,M,8
נוראלעין,F,8
אמירי,M,8
לינס,M,8
איתיאן,M,8
בנואה,M,8
אסטרה,F,8
אסה,F,8
בניטו,M,8
נאג'אח,F,8
בן-שלום,M,8
סבי,F,8
אונרי,M,8
חיים-מאיר,M,8
רראם,F,8
רשאה,F,8
ירן,M,8
ירון,F,8
ירוני,M,8
זוהרת,F,8
אאוגניה,F,7
אאורורה,F,7
אאוריקה,F,7
תשבי,M,7
אבבהו,M,7
וירז'יני,F,7
פייג',F,7
פייא,F,7
טורקאן,F,7
דפנא,F,7
טוילע,M,7
דעה,F,7
אטד,M,7
ספייאן,M,7
דרג'או,M,7
אתנת,F,7
קיי,M,7
שיילין,F,7
אבוו,M,7
ויקטורה,F,7
מישאיל,M,7
מישואל,M,7
מישיל,F,7
באיה,F,7
באסילא,M,7
באיר,M,7
אשור,M,7
מירסה,F,7
מירטל,F,7
מיריאנה,F,7
מירללה,F,7
רווחייה,F,7
תהליה,F,7
סניז'נה,F,7
דמקץ,F,7
דרייזי,F,7
פרז'י,M,7
רוזיטל,F,7
רכד,F,7
סניית,F,7
סנע,F,7
סנפיר,M,7
טייבי,F,7
טייה,M,7
דניאלה,M,7
טיזלו,F,7
דנקיה,F,7
דמוז,F,7
רוהא,F,7
סרגה,M,7
דרורי,F,7
טוחיר,M,7
טוב-רואי,M,7
טובאל,F,7
טוביאל,M,7
טירנגו,F,7
איבאן,F,7
איבאן,M,7
טל-יוסף,M,7
טל-ישראל,M,7
טל-לי,F,7
טיסיר,M,7
טיציאנה,F,7
רוהייפה,F,7
טליה-חנה,F,7
סנאם,F,7
סמנש,F,7
סמעין,M,7
אזר,F,7
סרבר,M,7
אח'לאץ,F,7
אחאב,M,7
דריל,F,7
איבי,M,7
איביית,F,7
פריאלה,F,7
פריבא,F,7
רמאן,F,7
דלינה,F,7
טפו,F,7
טמרלן,M,7
סמיא,F,7
סמיואל,M,7
תהיר,F,7
איגי,F,7
דימבולו,F,7
טגניץ',F,7
סתברק,F,7
סריא,F,7
טהל,F,7
טדגה,M,7
סמיין,M,7
סמן,F,7
סמונש,F,7
טמירלן,M,7
דידה,F,7
איהו,F,7
איהו,M,7
איואל,M,7
סמאו,M,7
טצ'לו,M,7
טקלו,M,7
פרול,M,7
דריד,M,7
דריה,M,7
טפטו,F,7
דיין,F,7
סמד,M,7
איגר,M,7
סמהאן,F,7
דייסי,F,7
דחאם,M,7
סלמאה,F,7
סליאור,F,7
תגואדה,F,7
דחלאללה,M,7
טרייה,F,7
טרינה,F,7
טריפי,M,7
ע'אזי,M,7
דיור,M,7
איוו,M,7
איוואנא,F,7
איווית,F,7
סלנאט,F,7
טרזיה,F,7
רמש,F,7
רוגיה,F,7
איזולד,M,7
איוית,F,7
פרייאל,F,7
פריידיל,F,7
איזי,F,7
יאבגניה,F,7
אזדיהר,F,7
עאז,M,7
האבטמו,M,7
האגופ,M,7
טגבנש,F,7
תגויד,F,7
סליאנה,F,7
פריהיווט,F,7
דח'לאללה,M,7
סלא,F,7
סלאמוויט,F,7
אזבל,F,7
טגאב,F,7
טבג'ה,M,7
טאמירו,M,7
טאמרו,M,7
רוגייה,F,7
רוגינדא,F,7
דזידר,M,7
טרקן,M,7
איזר,M,7
איזגיה,M,7
סלווה,M,7
רוג'ריו,M,7
רוגה,F,7
דוריין,M,7
סכיבה,F,7
פריל,F,7
יאסרין,F,7
יאפים,M,7
יאנט,F,7
אזאהר,F,7
אושירה,F,7
פרהיווט,F,7
האייל,M,7
טאניוס,M,7
טאפרה,M,7
טאקלו,F,7
רוזת,F,7
דוריה,M,7
אייאט,F,7
יבדית,F,7
דומניק,M,7
רוטאג',F,7
טאילו,F,7
טאלי,F,7
עאס,M,7
פרדס,F,7
דורוטיה,F,7
דונייא,F,7
דוסיה,F,7
דונטלה,F,7
רוביאן,M,7
רנאטו,M,7
יאמן,F,7
יאנגיל,M,7
רוברת,M,7
רובאא,F,7
ידנק,F,7
האנדי,F,7
טאזה,F,7
טאייץ',F,7
הארייט,F,7
עבדאלחיי,M,7
עאלב,M,7
סיסאיי,F,7
סיסאיינש,F,7
סיפ,M,7
דומא,F,7
יבניאל,M,7
דויחי,M,7
סירי,M,7
יגות,F,7
סינטאייהו,F,7
סימניו,M,7
סימניש,F,7
חשה,F,7
עבדאלבאסט,M,7
טאודג',F,7
טאודורה,F,7
ידרסל,M,7
תארא,F,7
יהאלי,M,7
רואייא,F,7
רנטיק,M,7
רניאל,F,7
ידו,M,7
אייטו,M,7
סינטייהו,M,7
פרנס,M,7
יהנו,M,7
רניין,F,7
אורנע,F,7
פרדז',M,7
פרדיננד,M,7
עבדאלעזים,M,7
הביסטה,F,7
הארווי,M,7
חרייה,F,7
יהודה-לייב,M,7
יהויריב,M,7
דובן,M,7
יהוניי,M,7
יהונס,M,7
דוד-ישראל,M,7
רסייל,F,7
דדי,F,7
סיליין,F,7
יואננה,F,7
יואקים,M,7
עבדואללה,M,7
ריצ'י,M,7
דובלט,F,7
פרנסט,F,7
סילויאן,F,7
סילויאן,M,7
סילי,F,7
דגנש,F,7
יואן,F,7
סילקא,F,7
סילשי,M,7
יווגנש,F,7
סיילס,M,7
פרנצ'סקו,M,7
יוחן,M,7
יוחניס,M,7
הדנה,F,7
אורלה,F,7
אורליאן,M,7
אורלנדו,M,7
עבדלמגיד,M,7
הדס-אסתר,F,7
הדרי,M,7
חסנייה,F,7
דגה,M,7
רסאם,F,7
יוגניה,F,7
יולייה,F,7
יוליס,M,7
אילעי,F,7
אורינב,F,7
אוריקה,F,7
חסנאת,F,7
הדרת,F,7
הוברד,M,7
דאריל,M,7
איליסה,F,7
סיטטאו,M,7
סידרת,F,7
רסטו,M,7
רסיא,F,7
פרנקי,F,7
יוטפה,F,7
יוסריה,F,7
יוסתינה,F,7
חנסה,F,7
פרג'אללה,M,7
אורים,F,7
הודאיה,F,7
הודי,F,7
אילני,M,7
סיאר,F,7
פרסי,M,7
פרסילה,F,7
יוסלין,F,7
אימאר,F,7
יוניאל,M,7
רדז',M,7
גרצילה,F,7
סטיפאני,F,7
גריבה,F,7
הוזאם,F,7
הומיון,M,7
גשו,M,7
סטללה,F,7
יופה,F,7
יופיאל,M,7
יופיה,F,7
יופית,F,7
רעיד,M,7
אימיליה,F,7
אילריה,F,7
פשא,F,7
סטרה,F,7
יוסקה,M,7
רגיד,F,7
סטטאו,M,7
יורן,F,7
חן-רחל,F,7
עדי-שרה,F,7
עדיל,M,7
הוני,F,7
חנונה,F,7
הוויה,F,7
גריגוריו,M,7
גרד,M,7
יורדאנוס,M,7
יורדן,M,7
יורה,F,7
פתינה,F,7
גרסיילה,F,7
יחיאלי,M,7
יזבה,F,7
צ'אלאצ'ו,M,7
סורייא,F,7
רען,F,7
יזרעאל,M,7
חנה-אנה,F,7
פראדא,F,7
אורי-חיים,M,7
הורן,M,7
הושמנד,M,7
אינדז'י,F,7
אינדלו,M,7
סורית,F,7
סזאר,M,7
רגוא,F,7
גננה,F,7
יירגה,M,7
סוניטה,F,7
גני,M,7
חמודה,F,7
גסיקא,F,7
גסלין,F,7
יטנורה,F,7
אינקה,F,7
צ'לוט,M,7
צ'לצ'ו,M,7
יזין,M,7
גרה,M,7
יטב,M,7
תאודורו,M,7
תאוויל,F,7
ימיסראץ',F,7
סולדד,F,7
ת'יים,M,7
ימסרץ,F,7
חלמייה,F,7
הידה,F,7
אורי-אברהם,M,7
אורדית,F,7
אורהלי,F,7
עובור,F,7
ימאיה,F,7
רג'אה,F,7
סולאפא,F,7
איסאר,F,7
רפאל-חיים,M,7
אינתצאר,F,7
סוונט,F,7
צ'רלי,F,7
רבקה,M,7
ינטע,F,7
יני,M,7
חכמייה,F,7
עוודי,M,7
עוגניה,F,7
עודא,M,7
עודד-דוד,M,7
אוראלי,M,7
רינט,F,7
איסידור,M,7
איסל,M,7
רפיאל,M,7
גנא,F,7
רביקה,F,7
גמי,M,7
איעתמאד,F,7
סוג'יד,F,7
יסאר,F,7
יסיף,M,7
אור-לב,F,7
פקראדיס,F,7
הידיא,F,7
חלווי,M,7
איסקי,M,7
סוהירה,F,7
גמא,F,7
יננה,F,7
יננך,M,7
ינור,M,7
רביבית,F,7
רבינא,M,7
גלורי,F,7
גל-משה,M,7
פעשע,F,7
היזל,F,7
היידר,M,7
חלב,F,7
יעיר,M,7
יעל-אסתר,F,7
יעל-חנה,F,7
יעלית,F,7
יסיר,M,7
גלרון,M,7
סואהר,F,7
סואר,M,7
יקוטה,F,7
יצחאק,M,7
חינן,M,7
עוליא,F,7
עומיד,M,7
אור-החיים,M,7
אירג',M,7
סגידה,F,7
סגיע,M,7
איתי-דוד,M,7
גיסיה,F,7
גיסלין,F,7
גיסמה,M,7
גירש,M,7
רקאן,F,7
רצ'יק,M,7
גילנה,F,7
רקרדו,M,7
רראד,F,7
סג'ר,M,7
סביתה,F,7
צבח,M,7
יצחקי,M,7
הייקה,F,7
הייתים,M,7
אוסי,M,7
עומר-יעקב,M,7
עוסאם,M,7
אופרת,F,7
יפטוסירה,F,7
אישטוון,M,7
סברין,M,7
גילרמה,M,7
גילברטו,M,7
איתם,F,7
איתמר,F,7
אוסיף,M,7
עוצמה,F,7
אופיר-אפרים,M,7
אופיר-משה,M,7
חיים-צבי,M,7
חיימנוט,F,7
רינה,M,7
הילארי,F,7
צבי-אריה,M,7
סבינדג',F,7
יראל,F,7
יקיטה,F,7
איתן-משה,M,7
סאסיל,F,7
סאפייה,F,7
גיזוורק,F,7
אוסוולד,M,7
אונדין,F,7
עושרה,F,7
עותבה,M,7
הילור,M,7
סאריה,M,7
סאשע,F,7
אל-אור,F,7
אל-יה,M,7
סבחייה,F,7
רשאל,F,7
ישום,F,7
גייקוב,M,7
אלאני,F,7
אלאף,F,7
סאמיא,F,7
גיזאצ'או,M,7
עזבה,F,7
עזו,F,7
הימנוט,F,7
גיטנה,F,7
ישיווס,M,7
ישאל,M,7
אלאב,M,7
סאניה,F,7
סאנין,F,7
סאמהר,F,7
ישאמוש,F,7
שריס,F,7
אלברא,M,7
גיגה,M,7
יתר,M,7
יתרב,M,7
עזיה,M,7
חי-אל,M,7
גיולסורך,F,7
סאלו,M,7
כאדיר,F,7
ראצי,F,7
סאלסביל,F,7
סאמאר,F,7
צביקי,M,7
אלב,M,7
ישרואל,M,7
סאבינה,F,7
אלומית,F,7
כותל,M,7
רשף,F,7
כולתום,F,7
חותאם,F,7
חותם,M,7
חזון,M,7
חזם,M,7
סאוסה,F,7
כארלא,F,7
כדיר,M,7
גיא-משה,M,7
סאלחיה,F,7
סאייל,M,7
סאימה,F,7
גיא-יעקב,M,7
סאאיב,M,7
כלודית,F,7
גטיה,M,7
כירי,M,7
גורג'יה,F,7
אומאיה,F,7
אומידה,F,7
תילתן,F,7
פנתה,F,7
פסאיל,F,7
גזאייה,F,7
גזאצ'ו,M,7
אלגר,M,7
סאדה,F,7
סאהירה,F,7
אלון-יעקב,M,7
צהיה,F,7
נרמיאן,F,7
עטקה,F,7
הליו,M,7
גושוע,M,7
גוסן,F,7
אלוף,M,7
אלור,M,7
שריאהן,F,7
גופרי,M,7
גורגינא,F,7
כלף,M,7
נתניל,M,7
נתבן,F,7
כינאר,F,7
ראל,F,7
כריסטל,F,7
כפיאה,F,7
נרימן,M,7
אלטון,M,7
אלטיב,M,7
אלי-אליהו,M,7
אוליביר,M,7
עיבל,F,7
עיבל,M,7
עטיף,M,7
גולשן,F,7
כנר,M,7
כסיף,M,7
כספית,F,7
אלון-דוד,M,7
נצחית,F,7
אליאנוס,M,7
גוין,M,7
גולה,F,7
גולה,M,7
כרסתיאן,M,7
ראכי,F,7
עידו-דוד,M,7
עידו-עובדיה,M,7
עידן-משה,M,7
אולוגבק,M,7
אלי-יה,M,7
אלי-שי,M,7
נרוין,F,7
גולמה,M,7
גולנזי,F,7
שרה-חיה,F,7
שרה-לאה,F,7
אליות,M,7
גוודו,M,7
גוהאן,F,7
פנטיה,M,7
רון-אל,F,7
רון-דוד,M,7
רונאן,F,7
חואטי,M,7
נצה,F,7
לאומה,F,7
גויטום,M,7
אליאני,F,7
אליאונו,F,7
גוליאטה,F,7
צוקי,M,7
נעכה,F,7
נעכע,F,7
לאילי,F,7
לאורל,F,7
גוהאד,M,7
חדיג'י,F,7
אוזני,F,7
עיית,M,7
נען,M,7
נערה,F,7
אליטל,M,7
גווד,F,7
ראיידה,F,7
ראים,M,7
גוזלן,F,7
אליסו,F,7
לאקץ,F,7
גודדה,F,7
אלינוי,M,7
שאי,M,7
חביבת,F,7
תירוש,F,7
עייט,F,7
שאוקאת,M,7
לאניל,F,7
לאנס,M,7
אלייני,F,7
אלים,M,7
אלייג'ה,M,7
שרה-אסתר,F,7
צוק,F,7
לודביג,M,7
להאור,F,7
להד,M,7
להט,F,7
לוא,M,7
נמי,M,7
אלישה,M,7
אלישיה,F,7
גדאם,F,7
גדבאן,M,7
העניה,F,7
עילום,M,7
אוהנס,M,7
ראי,F,7
לברון,M,7
שאירה,F,7
לוג'אן,F,7
אלמאיהו,M,7
נירמאן,F,7
נירעם,M,7
ניתי,M,7
ניר-מאיר,M,7
ניר-ניסים,M,7
ניראג',F,7
חארת',M,7
העשי,M,7
רוני-לי,F,7
רוני-ציון,F,7
לואב,M,7
לואיג'י,M,7
גדיע,M,7
גדלי,M,7
ציבה,F,7
ניקסון,M,7
אלמורק,F,7
שפר,F,7
גביה,M,7
חאכם,M,7
חאליל,M,7
חאנאן,F,7
חאסנה,F,7
גבראיל,M,7
לוג'ין,M,7
אלמאר,F,7
גבייה,M,7
לודוויק,M,7
לוואי,M,7
לוג'איין,F,7
אלעדה,F,7
גאולית,F,7
חאוולה,F,7
אובלם,F,7
אוהד,F,7
חאשע,F,7
חאית,F,7
גאיד,M,7
גאידאא,F,7
אלנא,F,7
גארם,F,7
ניקולאה,M,7
אלנז,F,7
אלמנה,M,7
לויז,F,7
לוויס,M,7
לורו,M,7
ניס,M,7
נימאלא,F,7
לטפיה,F,7
לורנזו,M,7
עלאאי,M,7
אודלי,F,7
הרץ,M,7
חאג',M,7
אלקא,F,7
אלף,M,7
נינטה,F,7
גאוד,M,7
לוקא,F,7
שפטיה,M,7
אלעד-אליהו,M,7
ג'לינאר,F,7
ראווד,M,7
לטיטיה,F,7
אלקס,F,7
אלקסאם,M,7
ג'ניד,M,7
לי-און,F,7
ח'ייראללה,M,7
רוניל,M,7
פלתיאל,M,7
הריק,M,7
ניילם,F,7
ניכול,F,7
נילדה,F,7
אלפריד,M,7
לוראנס,F,7
ג'נאה,F,7
אלראזי,M,7
אמאליד,F,7
ג'לאא,F,7
ואנדה,F,7
עלים,M,7
עללא,M,7
עלמאדיס,F,7
עלמאז,F,7
אוגוסט,F,7
ואכים,M,7
לי-אורה,F,7
ניטל,F,7
ניטסו,F,7
ג'נביב,F,7
לי-יו,M,7
ליבקו,F,7
שבט,F,7
ג'ילברטו,M,7
ליבון,M,7
ליביא,F,7
אובל,F,7
אובל,M,7
תכריד,F,7
תלאל,M,7
רוננה,F,7
ראהאף,F,7
ליאור-משה,M,7
ג'מבר,F,7
אלריאן,M,7
ג'ינן,F,7
ליאושר,F,7
נחמיאל,M,7
נחשול,M,7
ליודביג,M,7
ליווי,M,7
עמידן,M,7
אובה,M,7
אמארו,F,7
צכר,M,7
צליבא,M,7
לידא,F,7
ג'יוואן,M,7
ג'ייד,M,7
ניאיה,F,7
ניארה,F,7
ג'ייל,F,7
ליבנית,F,7
נזנין,F,7
לייל,F,7
ליטל,M,7
ג'ונסון,M,7
ודוד,M,7
אהלה,F,7
עמוס-עמי,M,7
עמוסי,M,7
עמור,M,7
עמיאל,F,7
זקאריה,M,7
ראגיה,F,7
ראד'י,M,7
ג'יאקומו,M,7
ג'יג'י,F,7
נחמי,M,7
ג'וזיל,M,7
לילייה,F,7
אהואז,F,7
אהטנש,F,7
אהל,F,7
פלסתין,F,7
זניפר,F,7
אמיטו,F,7
אמוואיש,F,7
שמרי,F,7
ג'ונו,F,7
נזהת,F,7
אמיאל,F,7
ג'וניה,F,7
שגא,F,7
נחלי,F,7
ג'ובני,M,7
צפורית,F,7
ג'והריה,F,7
ג'וואנה,F,7
לינאל,F,7
ג'ודה,F,7
ואתן,F,7
ואתק,M,7
זנבץ,F,7
זנון,M,7
ודת,M,7
ליימה,F,7
אמילין,F,7
נוריל,M,7
צלצאו,M,7
צערל,F,7
נוסיה,F,7
לירה,F,7
שמסיה,F,7
נועמן,M,7
קשישטוף,M,7
לירוני,F,7
שדרה,F,7
וגייה,M,7
זמרוד,F,7
ודחא,F,7
אמלק,M,7
נועאם,F,7
שמסאלדין,M,7
ג'ובאן,M,7
ג'והד,M,7
נוראללה,F,7
לן,M,7
אנאג'ים,F,7
שהימה,F,7
זמורה,F,7
זמט,F,7
אדניה,M,7
אדראו,M,7
וואדד,F,7
וואיב,M,7
נוורס,M,7
נוזת,F,7
נוע,M,7
צפרירית,F,7
אמתיתאל,F,7
ליתן,M,7
שמית,F,7
נוארס,F,7
נובאל,F,7
שמי,F,7
לרי,F,7
לריון,M,7
לקו,F,7
תמאר,M,7
וואסן,F,7
רוסלי,F,7
זמה,F,7
לנקה,F,7
נובר,F,7
נוגן,M,7
צקולה,M,7
אנאידה,F,7
בשייר,F,7
אנאר,M,7
אנבאל,F,7
נובך,M,7
נהרו,M,7
נואי,M,7
וובאלץ',F,7
אדלאוויט,F,7
ענית,F,7
פלח,M,7
רוסלינה,F,7
זלי,F,7
זלי,M,7
זלמון,M,7
זכריאס,M,7
אנאלי,F,7
קאדן,F,7
מאודי,M,7
מאוודה,F,7
אנגוץ',F,7
נהורי,F,7
נהורין,F,7
שמואל-חיים,M,7
ברנאדיית,F,7
אדיסיי,F,7
ווג'יהה,F,7
נהרא,F,7
אנדאלק,M,7
מאור-חיים,M,7
מאהיר,M,7
מאהלה,F,7
מאאב,M,7
מאב,F,7
קריסטופ,M,7
מאימנה,F,7
מאיסאן,F,7
זינאו,M,7
זינדל,M,7
עסמאת,F,7
ברניסלבה,F,7
קאיאן,F,7
אנדיהו,F,7
ברנדיט,F,7
מאיסרה,M,7
מאזל,F,7
אנגלינא,F,7
מאיד,M,7
מאיה,M,7
מאוריסי,M,7
קרולי,M,7
נגילה,F,7
ברלנת,F,7
קריה,F,7
רועי-שמואל,M,7
אדוארד,F,7
אדווינה,F,7
ווגד,M,7
ריידה,F,7
מאלדו,F,7
מאיר-חי,M,7
אנדרגצ'או,M,7
אנדאלקאצ'או,M,7
מאיין,F,7
אנדירא,F,7
קרימן,F,7
קאיי,M,7
קאילי,F,7
קאל,M,7
קאלה,F,7
מאני,M,7
עקיד,M,7
עפף,F,7
אדואא,F,7
זין-אלדין,M,7
אנדריס,M,7
נגום,F,7
שלמה-מאיר,M,7
שלמה-שי,M,7
שובאל,F,7
ברינדיל,F,7
מאמין,M,7
נג'ח,M,7
מבסם,F,7
מברוכה,F,7
אגרה,M,7
זיונית,F,7
זיבה,F,7
זידון,M,7
ווזרו,F,7
קרביך,M,7
קרבך,M,7
אנטואנטה,F,7
מארשה,F,7
מאסימו,M,7
מאסק,F,7
קראסל,F,7
שלמה-שלומי,M,7
אניא,F,7
מדבר,M,7
מדהניט,F,7
ערפת,M,7
ווטטו,M,7
וויג'דאן,F,7
זושה,M,7
אנטי,F,7
נביאן,F,7
נביאת,F,7
אניי,F,7
נג'אד,F,7
נג'די,M,7
קאמיי,F,7
קאמליה,F,7
מגלי,M,7
נאסמה,F,7
אנסאר,M,7
זורז,M,7
זוריאן,M,7
זומורד,F,7
זון,M,7
פלורטה,F,7
ערן-משה,M,7
רוקסנדרה,F,7
רושד,M,7
קאסו,F,7
שלומיה,F,7
מהיאר,M,7
בראק,F,7
בראשית,M,7
ברוניסל,F,7
בסנט,F,7
אנקואהונה,F,7
אנקויה,F,7
נאיר,F,7
עשק,F,7
תמנת,F,7
תמרט,M,7
עתידאל,F,7
ווילאם,M,7
מהיר,M,7
מהאוש,M,7
שלום-שלו,M,7
שלומה,F,7
נאיה,M,7
שלום-חי,M,7
נאניה,F,7
שומרת,F,7
בנצ'עלם,F,7
בסאל,M,7
זוי,F,7
פאדווה,F,7
עתמאד,F,7
עתמן,M,7
קארלי,F,7
מוהגה,F,7
מוגהאד,M,7
אנתדאר,F,7
אנתזאר,F,7
בסיר,M,7
מואנד,M,7
מהריטו,F,7
מהיבה,F,7
מוחיאדין,M,7
מוחמאד,M,7
אגיד,M,7
אגינצ'ה,M,7
אג'נדין,F,7
זול,M,7
זולאיחו,F,7
ווירא,F,7
מוהאד,M,7
אסטאר,F,7
נאדר,F,7
נאה,F,7
קסא,M,7
שומל,M,7
בנסירו,M,7
נאואר,F,7
מתנה,M,7
מתניהו,M,7
מתנת,F,7
בנבנידה,F,7
וולנטין,M,7
תנאל,F,7
פלאיה,F,7
פאואז,M,7
אגנצ'ה,M,7
בנורה,F,7
אסטרייה,F,7
נאג'יה,F,7
מוחמדיה,F,7
מוטיה,M,7
בניגו,M,7
קנר,F,7
בן-יהודה,M,7
בן-ישראל,M,7
זוהאר,F,7
אגדה,F,7
וונדמנך,M,7
וולודיה,M,7
מונאדל,M,7
מולוקו,M,7
מתיהו,M,7
קדיש,M,7
מולה,F,7
מולוגוג'אם,F,7
מולוהבט,F,7
מולויה,M,7
מולנש,F,7
נאג'וה,F,7
משה-מאיר,M,7
קנדה,M,7
אסמאעין,M,7
אסמה,F,7
אסמיהן,F,7
שירני,F,7
שישי,F,7
וונדיפראו,M,7
וונדמגן,M,7
זהרן,M,7
קדסת,F,7
קדריה,F,7
קהלת,F,7
קהלת,M,7
מתאיל,F,7
בן-חי,M,7
מונטהה,F,7
אסמעיל,M,7
אסמראו,M,7
מונאי,M,7
מונאל,F,7
מונאר,F,7
ווסל,M,7
פאל,M,7
פאלומה,F,7
פאנה,F,7
ריואל,F,7
וונדאלה,M,7
מונדאר,M,7
משל,F,7
משה-יצחק,M,7
משה-ישראל,M,7
מריתו,F,7
בירקנש,F,7
תניב,F,7
אברי,F,7
רז-רזיאל,M,7
רזבן,M,7
רזו,M,7
שיריין,F,7
מרלי,M,7
ביריטו,F,7
קמיליא,F,7
קודסייה,F,7
מועאד,F,7
מונקד,M,7
מרצ'לה,F,7
מרסייה,F,7
קוטיבא,M,7
אסרסאץ,F,7
בירהאנה,F,7
בירהנה,F,7
בירצ'קו,F,7
זהואת,M,7
זביאד,M,7
פארל,M,7
מופתיה,F,7
מוצ'ה,M,7
מוצלח,M,7
מוקאט,M,7
אסראי,F,7
אספרנסה,F,7
אספש,F,7
מריסל,F,7
אסתריקה,F,7
בילו,M,7
בימר,M,7
פאתין,F,7
תספהון,M,7
אבנת,F,7
אבצן,M,7
אבראהים,F,7
וועלוועל,M,7
מרילו,F,7
מריא,F,7
מוריה,M,7
ביסלאן,F,7
מורדוך,M,7
ביקי,F,7
בישי,M,7
מרזה,M,7
אפראים,M,7
אפוורק,M,7
מושקט,F,7
מותקאל,M,7
זגייה,M,7
זאקיה,F,7
אבראו,M,7
אבירה,F,7
מורמן,M,7
אעקאב,M,7
קונג'ו,F,7
מורשיד,M,7
מוש,M,7
מושגן,F,7
קולמן,M,7
מט,M,7
אצ'אש,F,7
אצ'ש,F,7
קלמונס,F,7
אבירם-אברהם,M,7
פדיאה,F,7
זגיה,M,7
מרגאנה,F,7
מחמדייה,F,7
בילאל,M,7
ביידאא,F,7
בייך,M,7
מזה,F,7
מזינה,F,7
מושיאל,M,7
מוריסט,F,7
מקיילה,F,7
אקסא,F,7
אקסיניה,F,7
מיאסא,F,7
אביצח,M,7
ביאליק,M,7
מטיעה,F,7
אקו,M,7
בטושבה,F,7
בטיר,M,7
מחמן,M,7
מטה,M,7
מטט,M,7
קלינה,F,7
קלינטון,M,7
קלכידן,F,7
קוקו,F,7
קוקי,F,7
אבינו,M,7
תפרח,F,7
זאהייה,F,7
ז'סיקה,F,7
ז'קלינה,F,7
בטה,F,7
שיר-אל,M,7
מקדאם,M,7
בזיל,M,7
בזנש,F,7
בי,F,7
מטלק,M,7
מטעלם,M,7
מראווה,F,7
בזזו,M,7
מיה-לי,F,7
מיהל,F,7
מיהרט,M,7
קליאו,F,7
ארג'וואן,F,7
מידיאן,M,7
ריאם,M,7
אביטא,M,7
ויאל,F,7
ז'ין,M,7
בחיט,M,7
שטרענא,F,7
קלימה,F,7
ארבאב,M,7
מצלח,M,7
ארונה,F,7
ארדה,F,7
מעלא,M,7
מעדה,M,7
מעון,M,7
שי-לה,F,7
אביוט,F,7
ז'ונס,M,7
ז'ורה,M,7
מעזז,F,7
מעטז,M,7
בוריה,M,7
בורן,F,7
מיטצ'ל,M,7
מיטקו,M,7
בזו,F,7
מסאעד,M,7
שיאונה,F,7
ורורה,F,7
וריד,M,7
אביאת,F,7
פורטונטה,F,7
פורקט,M,7
ויבקה,F,7
מסעאד,M,7
קלודית,F,7
שי-שאול,M,7
מיידן,M,7
מייטב,F,7
מספנט,M,7
מסרי,M,7
מסרק,F,7
מילניה,F,7
מילס,M,7
מילר,M,7
אריס,M,7
פז'מן,M,7
קלאריס,F,7
מניפה,F,7
מילייה,F,7
מיליך,M,7
בהאדין,M,7
בוסינא,F,7
בויאן,M,7
ארטין,M,7
ארי-אל,M,7
ארי-יה,F,7
מסלאם,M,7
ארנקה,F,7
בבל,M,7
פטריך,M,7
פיפיאן,F,7
פטגו,M,7
פטומה,F,7
ורונה,F,7
מיניסן,M,7
מיסרא,M,7
מינאר,F,7
ארלן,M,7
מינתאמיר,F,7
אריי,M,7
קחה,M,7
מנטוואב,F,7
מנטווב,F,7
מיראב,F,7
קיעאן,F,7
קיפאיה,F,7
מנברו,M,7
בארית,F,7
אבזיה,F,7
אבטה,F,7
ויטאל,M,7
וציסלב,M,7
קיקי,F,7
מנדנה,F,7
קישינה,F,7
קלאו,F,7
מינלו,F,7
ארנאן,F,7
מנו,F,7
מירבלה,F,7
אשגרה,F,7
שייאן,F,7
באנצ'גזיה,F,7
באנצ'יגיזה,F,7
באנצ'יעמלק,F,7
באן,F,7
וסמייה,F,7
מיראז',F,7
מיקדאד,M,7
מנאן,F,7
ממאי,F,7
מירבט,F,7
מיקלה,M,7
מיר,F,7
ממיטה,F,7
דנל,F,7
אאן,F,7
אבגר,F,7
אבאס,M,7
אבב,F,7
ויקין,M,7
ולי,M,7
ולנטינו,M,7
מלאש,M,7
מכלה,F,7
תשובה,F,7
תשועה,F,7
קיילין,F,7
אשראא,F,7
אתיל,F,7
אתינה,F,7
טורס,F,7
אטאקלט,F,7
פרחי,F,7
אטו,F,7
רוז,M,7
טוודג',F,7
דרומה,F,7
ספירונס,F,7
ספרש,F,7
אחראר,F,7
תוהאן,M,7
אטאלאי,M,7
אטאלאיי,M,7
דסיא,M,7
דסיסלבה,F,7
דסלאו,M,7
אאדם,M,6
אאוחניה,F,6
תרון,F,6
אארז,F,6
אבאיינש,F,6
תרייז,F,6
תרים,F,6
אבון,F,6
תרוואת,M,6
תקלה,F,6
תקיאלדין,M,6
אביאל-אברהם,M,6
אביאב,M,6
אבי-שלום,M,6
אבי-שי,M,6
אביטן,M,6
אביחיים,M,6
פיסאל,M,6
פינקו,M,6
פיניקס,F,6
פיני,F,6
פטרה,M,6
פטנה,F,6
פטמה,F,6
פיאה,F,6
פטרסיה,F,6
פטריצה,F,6
פיקי,F,6
פולדי,M,6
פולד,M,6
פוראס,M,6
פופה,F,6
פולינא,F,6
פורטונטו,M,6
פזע,M,6
פטל,M,6
תקה,M,6
תקבה,M,6
אבינט,M,6
אבירמה,F,6
אבניר,M,6
אבנון,M,6
אבנוב,M,6
אבן,F,6
אבלין,M,6
אביתסאם,F,6
אבסלט,F,6
פירנאס,M,6
פביולה,F,6
פגה,F,6
פבריסיו,M,6
פבלה,F,6
פדורה,F,6
פדה,M,6
פהאדי,M,6
פואז,F,6
פהמאן,M,6
פאווז,M,6
פאהמי,M,6
פאמי,M,6
פאלינה,F,6
פארג,M,6
פאראח,F,6
פאסל,M,6
פארח,M,6
אג'או,M,6
תנהא,F,6
אגאדיר,F,6
אג'נאדין,F,6
אגמי,F,6
אגליה,F,6
אגזה,M,6
פלורונס,F,6
עתידל,F,6
עתי,F,6
עתאל,F,6
עתאב,M,6
עתיקה,F,6
פאדואה,F,6
פאדוא,F,6
פאאק,M,6
פאול,F,6
פאוזאת,M,6
אגנדין,F,6
תמר-שרה,F,6
אדבבאי,F,6
תמור,F,6
אדיסון,M,6
אדירם,M,6
אדיראל,M,6
אדיסעלם,M,6
אדמה,M,6
אדמאסו,M,6
אדליין,F,6
אדלברט,M,6
אדנץ,F,6
פלורינדה,F,6
עפראא,F,6
עקרימה,M,6
עראפאת,M,6
ערמון,M,6
עריין,F,6
ערווא,M,6
ערן-דוד,M,6
ענברי,F,6
פליה,F,6
ענני,M,6
ענטר,M,6
עסמאן,M,6
עסליה,F,6
עסרייה,F,6
אדרי,F,6
אדרג'ו,M,6
אדנש,F,6
אהבת,F,6
אהב,F,6
אהוביאל,M,6
אהרלה,M,6
אהרונית,F,6
תלי,M,6
אובלו,F,6
אואנה,F,6
אוהביה,M,6
עמיעוז,M,6
עמשא,M,6
עמרה,F,6
ענאיא,F,6
ענגי,F,6
תיתי,F,6
אוויטה,F,6
אוואן,M,6
אוהיילה,F,6
אולא,F,6
אוליבייר,M,6
אולפט,F,6
אולס,M,6
עלומית,F,6
עלמסרה,F,6
עלמנו,M,6
עמאר,F,6
עמירב,M,6
אוליסס,M,6
אולין,M,6
אומי,M,6
אומץ,M,6
אוסוולדו,M,6
אופיר-חיים,M,6
אופז,F,6
אוקטביאן,M,6
אור-אלי,F,6
אור-איתן,M,6
אור-שמואל,M,6
עיפף,F,6
עיתב,F,6
עלאם,F,6
אור-יעקב,M,6
תיביאן,F,6
תיבה,F,6
תיאודורה,F,6
אוראם,M,6
אורו,M,6
אורגיל,F,6
אורי-חי,M,6
תורקיה,F,6
אוריי,F,6
אורים,M,6
אורניה,F,6
אורנא,F,6
אורקנש,F,6
פנטיי,F,6
עייסה,M,6
עילה,F,6
עינאייה,F,6
עימנואלה,F,6
עינר,F,6
עינית,F,6
תונאי,F,6
תומר-משה,M,6
אזאלץ',F,6
אזאדין,M,6
תומה,F,6
אזניף,F,6
אזניב,F,6
אחיאם,M,6
אחכאם,F,6
אחלמה,F,6
אטגן,F,6
עטיר,M,6
עיון,F,6
פנינו,F,6
אטאנאו,M,6
אחתראם,F,6
תודיאל,M,6
אטיין,M,6
אטיבר,M,6
תואב,F,6
תהר,M,6
אטרד,M,6
איברגים,M,6
איבן,F,6
איבתיהאג',F,6
אידיה,F,6
תהאנה,F,6
פסקאל,F,6
פסיקאו,M,6
עותייבה,M,6
עורואה,M,6
עזורי,M,6
עזגד,M,6
עזלדין,M,6
עטאיה,M,6
עזת,F,6
תהאל,F,6
אידר,M,6
אידיל,F,6
איוות,F,6
איווא,F,6
תגה,F,6
פפו,M,6
עולם,F,6
עורבי,M,6
עוצם,M,6
פעסלא,F,6
תגא,F,6
איזביל,F,6
איזאורה,F,6
איון,F,6
איוטה,F,6
איזקו,M,6
איזידורו,M,6
איחסן,M,6
אייאל,M,6
איטקה,F,6
פקרה,F,6
עובדייה,M,6
עואני,M,6
עוזאל,M,6
תאריק,M,6
אייאצ'או,M,6
איידלא,F,6
איילו,M,6
איימר,M,6
אייקי,M,6
אייפרם,M,6
אייפראם,M,6
אייששם,M,6
אייששים,M,6
תאל,M,6
עג'אג',M,6
עדי-חן,F,6
עדי-אסתר,F,6
עדי-עובדיה,M,6
עדי-יהודה,M,6
עדלאת,F,6
אילמירה,F,6
אימאמה,F,6
אילתי,F,6
אימלי,F,6
אימונה,F,6
אימוויש,F,6
אימבייט,F,6
אינאידה,F,6
אימראת,F,6
אימניל,M,6
אינאנו,F,6
אינאנה,F,6
אינווה,F,6
איניה,F,6
אינטנש,F,6
פרדין,M,6
פרדיל,F,6
עבדון,M,6
עבדולרחמן,M,6
עבדלקאדר,M,6
עבדלהאדי,M,6
עגאל,M,6
אינסאם,F,6
איסובלאו,M,6
איסובאלאו,M,6
איסה,F,6
איסיל,F,6
ת'רות,F,6
עאמרו,M,6
עאקל,M,6
עבדאלטיף,M,6
פרדיס,F,6
ת'וריא,F,6
ת'אר,M,6
איסקיה,M,6
איסמת,F,6
איסמעין,M,6
איפאנא,F,6
איעתדל,F,6
איסתר,F,6
איראן,F,6
ששי,F,6
שרן,M,6
אישראק,F,6
אישאם,M,6
איש,M,6
סרפינה,F,6
פרוג,M,6
פרואנה,F,6
סתילה,F,6
ע'ינה,F,6
ע'יית,M,6
עאטה,M,6
שרמן,M,6
איתמר-דוד,M,6
איתי-שלמה,M,6
אלאיו,M,6
אלאיה,M,6
אלאון,M,6
סקיילר,M,6
סקיבה,F,6
פרז,M,6
סרהאב,F,6
סרדור,M,6
סרוות,F,6
סרווה,F,6
סריל,F,6
שריר,M,6
אלדומה,M,6
אלואז,F,6
אלויר,F,6
אלון-חיים,M,6
אלחג',M,6
אלחיים,M,6
שרזוד,M,6
פרחיה,M,6
פרחוד,M,6
פרזין,M,6
ספואט,M,6
ספינש,F,6
ספין,F,6
ספר,M,6
ספירי,F,6
סראיא,F,6
סקנדר,M,6
שרולטה,F,6
אלי-חי,M,6
אלטלנה,F,6
אליאש,M,6
אליהו-חיים,M,6
אליה-יוסף,M,6
אליזר,M,6
אליזה,M,6
פריבש,F,6
סנבל,F,6
סנטיהו,F,6
סנתיה,F,6
סנעאללה,M,6
סנן,M,6
סנמאר,M,6
סנייאל,F,6
סעאדי,M,6
סעדת,F,6
סעדה,M,6
שרגאי,M,6
שרבין,M,6
אליממה,F,6
אלימור,M,6
אלייקים,M,6
אליעד,F,6
אליסבת,F,6
סמדרי,F,6
סמיר,F,6
סמין,F,6
סמניו,M,6
סנאל,F,6
סמרקנד,F,6
שקרה,F,6
שקר,M,6
אלישר,F,6
אלכסנדרוס,M,6
אלמאו,M,6
אלמהא,F,6
אלמגור,M,6
אלמג'ד,M,6
סלומיה,F,6
סליחה,F,6
סלמאא,F,6
סמאי,F,6
סמאהיר,F,6
סמאין,F,6
סמאיין,F,6
סמונה,F,6
סמוחה,F,6
אלמג,F,6
אלמייהו,M,6
אלמיו,M,6
אלמותנא,M,6
אלמור,F,6
אלמנאט,F,6
אלמיתו,F,6
פריס,F,6
סל,F,6
סלאווה,F,6
סלובה,F,6
סלטנה,F,6
סלטי,M,6
אלעדי,M,6
אלעבד,M,6
אלפהד,M,6
אלפה,F,6
אלף,F,6
אלצ'ין,F,6
שנתל,F,6
אלרד,M,6
אמא,F,6
פרל,M,6
סיסאינש,F,6
סיס,F,6
סיראז',F,6
סיציליה,F,6
סיפן,M,6
סיפורה,F,6
סירייה,F,6
שנין,F,6
שניה,F,6
שני-שושנה,F,6
אמג'ד,F,6
אמבצ'ו,M,6
אמוואג',F,6
אמוהאי,F,6
פרנסון,F,6
סימאצ'או,M,6
סימונטה,F,6
סימוד,F,6
סינארית,F,6
סינייה,F,6
אמד,M,6
אמייטו,F,6
אמירהם,M,6
אמיר-משה,M,6
אמלאקיה,M,6
אמנו,M,6
אמסלם,M,6
שמעון,F,6
שמסי,M,6
אמרלד,F,6
אמרל,F,6
אמתינאן,F,6
אמשה,F,6
אן,M,6
אנאת,F,6
פרנציס,M,6
סילבה,M,6
סילאן,M,6
סיל,F,6
סייר,M,6
סילואן,M,6
שמיים,F,6
שמחה-סימה,F,6
אנג'לי,F,6
אנג'לא,F,6
אנגווץ',F,6
אנדאלמאו,M,6
אנגריד,F,6
פרת,F,6
פרעל,F,6
סיאן,M,6
סיאלין,F,6
סיג'אל,F,6
סיבין,F,6
סיבי,M,6
סיבאן,M,6
סידונה,F,6
סיהא,F,6
סיטוטאי,M,6
שמאח,F,6
אנדינאו,M,6
אנדוני,M,6
אנדארגאצ'או,M,6
אנדנט,M,6
אנה-בל,F,6
סטויאן,M,6
פתוח,F,6
סטיפני,F,6
סטיפאן,M,6
סיאבש,M,6
שלמה-חי,M,6
אנוך,M,6
אנהלי,F,6
אנז'ליק,F,6
אנטואניט,F,6
אנטאנס,M,6
שליח,M,6
אניב,F,6
אנימאו,M,6
אנייט,F,6
אניטל,F,6
אניתא,F,6
אננית,F,6
אנניה,M,6
צ'אקליט,F,6
צ'אנה,M,6
סושה,F,6
סורפאל,M,6
סטיבי,F,6
אננדה,F,6
שלומיאל,M,6
שלומי,F,6
שלומו,M,6
אנקוייה,F,6
אנקוי,F,6
אנצ'נלו,F,6
צ'ימנז,F,6
סופאנה,F,6
סוסיה,F,6
סוראג',M,6
סוראג',F,6
סופיקו,F,6
סוריאנא,F,6
סוריאה,F,6
סורור,F,6
אנריאטה,F,6
אנריאט,F,6
אנתזאה,F,6
אסגדצ',F,6
אסאן,F,6
אסאיה,M,6
שלג,M,6
סוונה,F,6
סולונז',F,6
סולאנג,F,6
סולימאן,F,6
סולנה,F,6
סוניאס,F,6
אסחאג,M,6
אסטי,F,6
אסייהן,M,6
אסייד,M,6
אסייא,F,6
אסיי,F,6
אסטרליה,F,6
אסמאא,F,6
אסלים,M,6
צאפה,F,6
סהה,F,6
סדני,M,6
סהיל,F,6
סוג'ד,F,6
סודקייה,F,6
אסלי,F,6
שכינה,F,6
אסמיר,F,6
אסמהא,F,6
אסנאקו,F,6
אסף-דוד,M,6
שירי-שרה,F,6
אסצילה,F,6
אסקבה,F,6
אסרסצ',F,6
אסרסי,M,6
אסתברג,F,6
אעתזאז,F,6
אעלאם,F,6
אפט,F,6
אפג,F,6
אפאף,F,6
צבטנה,F,6
צבחייה,F,6
צבאח,M,6
סבלוורק,F,6
סבתה,F,6
סדיין,F,6
שירהן,F,6
שירה-חנה,F,6
שירה,M,6
אצ'נפי,M,6
אצ'נאפי,M,6
אצ'ם,F,6
אצ'דה,F,6
אקי,F,6
סאמר,M,6
סאמירה,F,6
סאסיה,F,6
סביונה,F,6
סבירו,M,6
סבייחה,F,6
שיראלה,F,6
שיר אל,M,6
אקלנש,F,6
אקל,F,6
אקתם,M,6
ארה,F,6
ארדן,M,6
ארדן,F,6
סאאל,M,6
צגיה,M,6
צגיה,F,6
צגאייה,M,6
סאהיר,M,6
סאכב,M,6
סאליאור,M,6
שיעה,M,6
ארט,M,6
ארחיים,M,6
אריאל-חיים,M,6
צדפית,F,6
נתאליה,F,6
נשמת,F,6
נשיאל,M,6
נתליו,M,6
נתנאל-משה,M,6
נתנאל-דוד,M,6
סאביו,M,6
סאבה,F,6
ארינא,F,6
אריחי,M,6
ארלטה,F,6
ארמין,F,6
ארליית,F,6
אשהם,M,6
אשגרץ',F,6
צהלית,F,6
צהלון,M,6
נציר,M,6
נצחי,M,6
נראמין,F,6
נקא,F,6
נרולי,F,6
נרגאס,F,6
נריאל,F,6
נשה,F,6
"שיל""ת",F,6
אשקן,M,6
אשתו,M,6
אתייר,F,6
באביט,M,6
באבאק,M,6
אתקלט,F,6
באדיה,F,6
צופן,M,6
צופן,F,6
נענע,F,6
נעמי,M,6
נפקוט,F,6
נפיז,F,6
נפתולי,M,6
באביץ',M,6
שיימע,F,6
באייץ',F,6
שיידה,F,6
באסיליוס,M,6
בארנו,F,6
בדילו,M,6
בהאאי,M,6
נמה,F,6
נמאריק,F,6
צח,F,6
צזר,M,6
צורטל,F,6
נסהאל,M,6
נסלי,M,6
נעכי,F,6
צופר,M,6
בהרו,M,6
בהראם,M,6
בולין,F,6
בוטרס,M,6
בוסי,F,6
בונינה,F,6
שיאון,F,6
בוראן,M,6
בוריק,M,6
בזזוו,M,6
בותינא,F,6
שי-חיים,M,6
ניקולינה,F,6
ניקוליי,M,6
ציאורי,F,6
ניר-משה,M,6
ניתי,F,6
נמאא,F,6
נלמס,F,6
נמר,M,6
נמט,M,6
שי-דוד,M,6
בחירי,M,6
בחטיור,M,6
ביאטריקס,F,6
ניסאי,M,6
צימל,F,6
צילית,F,6
צילינה,F,6
צייטא,F,6
ניקול,M,6
ניר-חיים,M,6
ביטוודד,M,6
ביט,F,6
בייהס,F,6
ביידא,F,6
שזר,M,6
שותא,M,6
שושנה-שני,F,6
בילגה,F,6
בייצ'ש,F,6
בילו,F,6
בינקה,F,6
בירהן,F,6
בירגיטה,F,6
ניגמי,F,6
ציקי,F,6
ציסאנה,F,6
ניהייא,F,6
ניליה,F,6
ניסיה,F,6
ניסאל,M,6
שושון,M,6
שורק,F,6
ביתלחם,F,6
בישר,M,6
בלאיהון,M,6
נטלי,M,6
נטיק,M,6
ניאזי,M,6
נטרה,M,6
ניבר,M,6
ניב-ניסים,M,6
ניגורה,F,6
ניג'וד,F,6
נידר,F,6
נידין,F,6
נידיה,F,6
שוקה,F,6
בן-ימין,M,6
בן-צבי,M,6
בני,F,6
בנזהיר,F,6
נורלן,M,6
נורינה,F,6
נזיה,F,6
נזיא,M,6
נזאר,M,6
נחוניה,M,6
נטהלי,F,6
נטעאל,F,6
שועא,F,6
שונאל,M,6
שומשון,M,6
בניימין,M,6
בניאם,M,6
בנימין-זאב,M,6
בנציאמלק,F,6
נוע,F,6
נועם-יוסף,M,6
נועה-חיה,F,6
נור-אלהודא,F,6
נורגהאן,F,6
שומיה,M,6
בסל,M,6
בסנד,F,6
בקאר,M,6
בקאלה,M,6
בקאא,F,6
בצאלאל,M,6
בפקדו,M,6
בר-שמעון,M,6
בר-ברכה,F,6
בראני,F,6
ברדפורד,M,6
ברהניה,F,6
ברונווין,F,6
ברוכי,M,6
ברוך,F,6
נודא,F,6
נוגוס,M,6
נוזאת,F,6
נוילי,F,6
שוביה,M,6
שובהאל,M,6
ברטרן,M,6
ברטולד,M,6
בריטל,F,6
ברך,M,6
נדן,M,6
נהאר,F,6
נהאל,M,6
נהיאה,F,6
נהורית,F,6
נהריז,F,6
נובאר,M,6
שהרה,F,6
ברכת,F,6
ברנקו,M,6
ברנסלבה,F,6
ברקוט,M,6
ברקאי,F,6
שהלא,F,6
בררה,M,6
בשייאר,F,6
בשיאר,F,6
בתאור,F,6
ג'אדו,M,6
בתשי,F,6
בתיל,F,6
נגוואה,F,6
נגטה,M,6
נגסה,F,6
נדאף,M,6
נדיזדה,F,6
נהאוונד,F,6
ג'אלילה,F,6
ג'אלא,F,6
ג'איית,M,6
ג'ארוד,M,6
ג'גנה,M,6
ג'גאו,M,6
קאנו,F,6
קאמרן,M,6
נג'טולה,M,6
נג'דת,M,6
נג'ת,F,6
נג'מי,F,6
נגאש,M,6
נגאטו,M,6
נגאט,M,6
נגוסי,M,6
ג'בריאל,M,6
ג'ואיל,F,6
ג'הד,F,6
ג'דעון,M,6
ג'והאינה,F,6
ג'והאד,M,6
ג'ודא,F,6
ג'וואן,M,6
ג'ומה,M,6
נארגיס,F,6
נארא,F,6
קאסר,M,6
נבבו,F,6
נביאו,M,6
שגי,F,6
שג'א,F,6
ג'וניור,M,6
ג'וסטין,F,6
ג'וסה,M,6
ג'ורדי,M,6
ג'ורגט,F,6
ג'ורג'ת,F,6
ג'ורג'י,F,6
קארל,F,6
נאטנאל,M,6
נאטה,F,6
נאזקה,F,6
נאמי,F,6
נאירי,F,6
נאסר,F,6
שבל,F,6
ג'ורה,M,6
ג'יזלי,F,6
ג'יואן,F,6
ג'יהד,F,6
ג'יירן,F,6
ג'יידה,F,6
שבח,F,6
קדוש,M,6
קבנש,F,6
קבאא,F,6
נאדי,F,6
נאגיה,F,6
נאדרי,M,6
נאואל,M,6
נאוא,F,6
נאהיל,F,6
שאשיה,F,6
ג'מאנא,F,6
ג'מאלת,F,6
ג'מלת,F,6
ג'מילי,F,6
ג'ס,F,6
ג'קובו,M,6
משרף,M,6
מתוקו,F,6
מתנא,M,6
מתני,M,6
נאגחה,F,6
נאגד,F,6
ג'פי,M,6
שאריהאן,F,6
ג'רג'ס,M,6
גאינה,F,6
גאמיל,M,6
שאנז,F,6
שאן,F,6
שאמס,M,6
גאסים,M,6
גבאיינש,F,6
גארח,M,6
גדאי,F,6
מרציה,F,6
גבריאלי,M,6
שאל,M,6
גדיל,M,6
גוגו,M,6
גובזו,M,6
שאטו,M,6
גוז'ף,M,6
גוועד,M,6
גויריה,F,6
גויעד,M,6
גוליטה,F,6
מרים-חיה,F,6
קולה,F,6
קוכב,F,6
מרלינה,F,6
מרלא,F,6
מרסא,F,6
מרס,M,6
מרן,F,6
שאהם,M,6
שאהירה,F,6
גומאר,F,6
גולצ'רה,F,6
גונאי,F,6
גוסטין,F,6
שאד,F,6
רתייל,F,6
גוראם,M,6
גור,F,6
גורה,F,6
גורגן,M,6
גושאן,M,6
גיא-יוסף,M,6
גיא-חיים,M,6
קונסטאנטין,M,6
מריומה,F,6
מרייל,F,6
מרייא,F,6
מריט,F,6
גיא-דוד,M,6
גי,F,6
גטצאו,M,6
גיד,F,6
גיורה,M,6
גיזט,M,6
מרדי,F,6
מרד,M,6
מרולה,F,6
מרוית,F,6
מרחי,M,6
קונסטנט,M,6
גיטצ'או,M,6
ררדה,F,6
גילבוע,M,6
גיל-יוסף,M,6
גימול,F,6
גילרמי,M,6
גילנאר,F,6
גיננדיל,F,6
גינן,F,6
גיסאן,M,6
מקאריוס,M,6
מקוייט,M,6
מקדה,F,6
מקנזי,F,6
מראד,M,6
מראג',F,6
רקסנה,F,6
רקיק,F,6
גישה,F,6
גלאון,M,6
גלאו,M,6
גל-ים,F,6
גל-יוסף,M,6
גלו,M,6
קורנליס,M,6
מסודה,F,6
מסה,F,6
מסטואל,M,6
מעאז',M,6
מפדי,M,6
מעמון,M,6
רקאז,F,6
רפקי,M,6
רפעי,M,6
גליב,M,6
גנאט,F,6
גמר,M,6
רפיע,M,6
גנוא,F,6
גנסיה,F,6
גננאו,M,6
געלי,F,6
גסיגה,F,6
גרגור,M,6
קטיבה,M,6
מנייה,F,6
מניזה,F,6
מני-מנחם,M,6
מנס,M,6
מנתהה,F,6
מנצה,F,6
מנסיב,F,6
גצל,M,6
גרגיה,F,6
גריטה,F,6
גריג,M,6
גרמא,M,6
גרם,F,6
גריסלדה,F,6
גרנאס,F,6
רעכא,F,6
מנדו,M,6
מנגיסט,M,6
מנוואה,F,6
מנטס,M,6
מנטגביש,F,6
מנטאמיר,F,6
רעי,F,6
גתנך,M,6
דאחי,M,6
דאהם,M,6
דאה,F,6
דאגם,M,6
דאלע,F,6
דאלידה,F,6
דאלי,M,6
מלקאם,M,6
קיבורק,M,6
קיבה,M,6
ממוייה,M,6
ממד,M,6
מנאד,M,6
מנבילו,F,6
דאלא,F,6
דאל,M,6
רסין,F,6
דאר,M,6
דאפי,F,6
דאנאו,M,6
דבוניא,F,6
דארל,M,6
דארינה,F,6
דאריו,M,6
דברי,F,6
דברו,F,6
דביר-דוד,M,6
רנתיה,F,6
מליהה,F,6
מליסואו,M,6
מלכת,F,6
מלקיטו,F,6
מלקיה,M,6
רנני,F,6
דגארגה,M,6
דג'נה,M,6
דגיסאו,M,6
דהיינש,F,6
דהביה,F,6
דוגלאס,M,6
דוגא,F,6
מיתן,M,6
מכתאר,M,6
מלוא,M,6
מלו,F,6
מלדה,F,6
רניי,M,6
דוד-יצחק,M,6
דולאת,F,6
דולאן,M,6
דוין,M,6
דומניק,F,6
דועאא,M,6
דורגם,M,6
קינוז,F,6
קימה,F,6
מירו,F,6
מירקה,F,6
מירפאת,F,6
מישקה,M,6
מישון,M,6
דור-אל,M,6
רנדולף,M,6
דורט,F,6
דוריין,F,6
דורייה,F,6
דז'באיל,F,6
דורס,F,6
דיאון,M,6
דיאנא,F,6
דיאור,M,6
קיראם,F,6
מיקאיל,M,6
מיראס,M,6
מיראז,F,6
מירהאן,F,6
מירבאת,F,6
מירב-רחל,F,6
מיראת,F,6
רמיס,F,6
דיווה,F,6
דיוד,M,6
דידיי,M,6
דייאגו,M,6
רמי-אברהם,M,6
מינלה,M,6
מינלה,F,6
קל,F,6
קית',M,6
קירי,F,6
קירולוס,M,6
מיסלין,F,6
מיסונה,F,6
מיסאר,F,6
דילא,F,6
דיכרא,F,6
דילשוד,M,6
דילון,M,6
דילה,F,6
דימיאנה,F,6
דימון,M,6
דימה,F,6
מילאת,F,6
קלאר,F,6
קלאיר,F,6
מימו,M,6
מילני,F,6
מיניצ'יל,M,6
מינס,F,6
רמד'אן,M,6
דלה,M,6
דלפי,F,6
דליק,M,6
דמורי,M,6
דנאור,F,6
מייסרא,M,6
מייסן,F,6
מיירן,F,6
מייקול,M,6
מיכאל-משה,M,6
מילאי,M,6
מיכל-חיה,F,6
דמק,F,6
רלית,F,6
דנה-רבקה,F,6
דנה-דינה,F,6
דניאל-צבי,M,6
דניטה,F,6
דסאלון,M,6
דנקנש,F,6
דסלו,F,6
דע-אל,M,6
דרול,M,6
מיהאד,F,6
מיטיב,M,6
מיזאן,F,6
מיי-טל,F,6
מיילו,F,6
מיילה,F,6
רישרדה,F,6
דרייה,F,6
דרעזי,F,6
דרנגוט,F,6
דתן,M,6
האם,F,6
הבה,F,6
האנם,F,6
הביסט,F,6
הבטנש,F,6
הד,F,6
הדיא,F,6
קלמנטי,M,6
מטה,F,6
מטיר,M,6
מטיב,M,6
מטקיה,F,6
מיבר,F,6
מיאסם,F,6
ריפט,M,6
ריפא,F,6
ריפ,M,6
הואש,M,6
הודיאל,F,6
קלרטה,F,6
קלקידאן,F,6
קלערל,F,6
מזל-פורטונה,F,6
מזנאו,M,6
מחמדיה,F,6
מחסן,F,6
מחסין,M,6
מחמט,M,6
ריספו,F,6
הונאידה,F,6
הולגר,F,6
הור,F,6
הוסאם,M,6
היאב,F,6
רינת-יה,F,6
היגאר,F,6
היאתם,M,6
היאם,M,6
הייבא,F,6
הייב,M,6
היטם,M,6
הייכל,M,6
הילאור,F,6
הילדגרד,F,6
רינדה,F,6
מורוד,M,6
מורן-מרים,F,6
מורקוס,M,6
מזיאנה,F,6
מזיאד,M,6
מזאן,M,6
מועאיד,M,6
קמרה,F,6
מופז,M,6
מופאז,F,6
מוקדאד,M,6
מורא,F,6
מור-מרים,F,6
מור-לי,F,6
מוקים,M,6
הינוק,M,6
הירו,M,6
הלדא,F,6
המור,F,6
הלמה,F,6
הלל-שרה,F,6
הממאם,M,6
המלאן,M,6
הנוד,F,6
רימל,F,6
מונסף,M,6
מונתאללה,F,6
מוסטאפא,M,6
מועטאסם,M,6
הניאה,F,6
הסט,F,6
הנרי,F,6
הרי,F,6
רימאה,F,6
רילאן,F,6
ריכארדוס,M,6
הרמבם,M,6
ואד,F,6
התון,F,6
השם,M,6
השל,M,6
מויאד,M,6
מוי,M,6
קניה,M,6
מולאטו,M,6
מומו,M,6
מולקן,M,6
ריימון,M,6
ואטפה,F,6
ואס,M,6
ואלנטינה,F,6
ואצ'יסלב,M,6
ואספי,M,6
ואסין,M,6
מוהיא,F,6
קנעאן,M,6
מוחיה,M,6
מוחיא,M,6
מוטביינור,M,6
מויסה,M,6
מוייז,M,6
רייזע,F,6
ודט,M,6
וואלה,M,6
וואדיע,M,6
וובי,M,6
וובטה,F,6
ווג'וד,F,6
וובשט,M,6
וובלה,F,6
רייד,M,6
רייגן,F,6
רייבן,F,6
וודאח,M,6
וודאג',M,6
ווגאיה,F,6
ווהבה,M,6
ווהאל,M,6
ווהאב,M,6
מהווש,F,6
מהימן,M,6
מואאיד,M,6
מוג'האד,M,6
מוהאב,F,6
מוהר,F,6
מוהיד,M,6
קסנייה,F,6
קסנה,F,6
מדהר,M,6
מדהנית,F,6
מדלאן,F,6
מדיאה,F,6
ריטא,F,6
ריחנית,F,6
וויגדאן,F,6
ווטה,M,6
ווילמה,F,6
וויולט,F,6
ריואן,M,6
וולד,M,6
וויקטוריה,F,6
וונדווסן,M,6
מארל,F,6
מאריקה,F,6
מבראט,F,6
מאתר,F,6
מאתין,M,6
ריהן,F,6
ווסילה,F,6
ווקאס,M,6
וורט,F,6
וורקנה,M,6
וורקינש,F,6
ריבטה,F,6
וטה,F,6
וחדה,F,6
ריאח,M,6
ויוין,F,6
וילאם,M,6
ויל,M,6
ויכתוריא,F,6
ויסל,F,6
ויני,F,6
קרטיס,M,6
מאמונה,F,6
מאמו,F,6
מאמאי,F,6
מאלקה,F,6
מאניה,F,6
וילמוש,M,6
רטי,F,6
רטאל,F,6
ויקטוריו,M,6
ונזיה,F,6
קרים,M,6
מאכה,F,6
מאירון,M,6
מאלני,F,6
וסנא,F,6
וסלי,M,6
וסיף,M,6
וצ'יסלאב,M,6
ועיד,F,6
ורגיניה,F,6
ורג'יניה,F,6
וקים,M,6
ושדי,M,6
ורנר,M,6
ורנון,M,6
ז'אלה,F,6
ז'וז'ה,F,6
ז'וליין,M,6
קריסטיאן,F,6
קריסטי,F,6
מאיו,F,6
מאילן,F,6
מאייסון,F,6
ז'ן,F,6
ז'ינט,F,6
ז'ררד,M,6
ז'סמין,F,6
זאבית,F,6
זאביש,F,6
זאודו,F,6
זאין,F,6
זאיה,F,6
זדאן,M,6
זהאי,M,6
זהורה,F,6
לרום,M,6
לרוי,M,6
לקש,F,6
מאהד,M,6
רזאק,M,6
רז'ינה,F,6
זוהיא,F,6
זוזה,F,6
רותג',F,6
רושנה,F,6
זוסיה,F,6
זוניה,M,6
זומנש,F,6
זומורדה,F,6
למור,F,6
למאר,M,6
למיאה,F,6
רוקסי,F,6
רוקייא,F,6
זיאמה,M,6
זטאם,M,6
זיהאד,M,6
זיידל,M,6
זילברט,F,6
זינבול,F,6
זיר,M,6
זיסמן,M,6
רועי-אברהם,M,6
רוסן,M,6
זכאא,F,6
זלאטי,F,6
זללם,M,6
ראאם,F,6
ליסן,F,6
ליצי,F,6
ליצח,M,6
ליקו,M,6
רוסיל,M,6
זמילה,F,6
זמניי,F,6
זנאלדין,M,6
זננש,F,6
זניט,F,6
רוס,F,6
זקי,F,6
זקרה,F,6
זרמן,F,6
זרכיה,M,6
זרי,M,6
ח'וזאם,F,6
ח'ד'רה,F,6
ראגא,F,6
ראג'חה,F,6
לילב,F,6
לימז,F,6
ראבב,F,6
ח'אלדייה,F,6
רונל,F,6
ח'יירי,M,6
חאדרה,F,6
חאג,M,6
חארב,M,6
חאמיד,M,6
ראדיל,F,6
ליז-עליזה,F,6
ליטמן,M,6
לייל,M,6
לייבוש,M,6
רונט,F,6
חבקה,F,6
חדאד,M,6
חד'ר,M,6
חגיי,M,6
חדיז'ה,F,6
חדי,F,6
חולא,F,6
חורב,M,6
חורש,F,6
חיאא,F,6
חטאר,M,6
חיה,M,6
חידרה,M,6
חיאתם,F,6
חיזגיה,M,6
ליאור-דוד,M,6
ליאופולד,M,6
ראהם,F,6
ראדל,F,6
ליאי,F,6
ליאת-רחל,F,6
ליבנא,F,6
לידייה,F,6
ליגיה,F,6
ראווה,F,6
לי-דור,F,6
לי-גל,F,6
לי-עם,M,6
ליאב-יוסף,M,6
ליאור-יעקב,M,6
ליאור-חיים,M,6
חיוט,F,6
חיים-ויקטור,M,6
חייקה,M,6
חילא,F,6
חיסן,M,6
רומיאנה,F,6
חלוד,M,6
חלקיה,M,6
חלינה,F,6
חן-חנניה,M,6
חן-חיה,F,6
חמית,F,6
חנה-חני,F,6
לונדו,F,6
לון,F,6
לוסיא,F,6
לוציאנו,M,6
לוצ'יאנה,F,6
לוסינדא,F,6
לורדס,F,6
לורדיס,F,6
לוריסה,F,6
לטין,F,6
חנאל,M,6
חנה-רחל,F,6
חנה-רבקה,F,6
חנינו,M,6
חנצה,F,6
חנלר,M,6
לוור,F,6
לווטה,M,6
לווטה,F,6
לוז'ין,F,6
לוז'אין,F,6
לוז,M,6
לויתן,M,6
לונה,M,6
לונדון,F,6
חסאן,F,6
רוייא,F,6
רויטל-רבקה,F,6
חסמין,F,6
חסית,F,6
חפאז,M,6
ראיי,F,6
ראיאת,F,6
להבית,F,6
לואיזט,F,6
לובא,F,6
לוגאן,M,6
חריסטו,M,6
טאד,M,6
טאהני,F,6
טאדרוס,M,6
טאדפה,F,6
טאיאצ'ו,M,6
טאזבו,M,6
טאל,F,6
טאיע,M,6
לאטיסיה,F,6
לאזר,M,6
לאורן,M,6
לאלו,M,6
לאיט,M,6
לאן,F,6
לאמי,M,6
לאקו,F,6
לבה,F,6
לבארי,M,6
לאשה,M,6
רוזר,M,6
רוזני,F,6
טאנצ'יוודיה,F,6
טבוס,F,6
טבארק,F,6
טארקן,M,6
טארין,F,6
טבקאו,M,6
ראלא,F,6
כרמיתי,F,6
כתיבה,F,6
כתון,F,6
לאורט,F,6
ראימונד,F,6
רוזמארי,F,6
טגוואדה,F,6
טגודה,F,6
טגבה,F,6
טגאבו,M,6
טדאוש,M,6
טגת,M,6
טה,M,6
ראמוס,M,6
כפאי,F,6
כפאא,F,6
כסאב,M,6
כפה,F,6
כריסטיאנה,F,6
כרימן,F,6
כרמון,M,6
טוורס,F,6
טונינה,F,6
טומה,F,6
טורונש,F,6
טזלו,F,6
טורקיה,F,6
ראנן,F,6
כלאב,M,6
כמל,M,6
טורניקה,M,6
טיטו,M,6
טיינה,F,6
טימי,F,6
טימאה,F,6
טירסה,F,6
טל-יצחק,M,6
טל-טליה,F,6
טללה,M,6
טלך,M,6
טלית,F,6
טמו,F,6
טמאר,F,6
טמנה,M,6
טספא,M,6
טקלין,M,6
טקואה,F,6
טפרי,M,6
טרו-וורק,F,6
רודיינא,F,6
ראעב,M,6
ראסים,M,6
כאמר,F,6
כאמילה,F,6
כאתם,M,6
כאתבה,F,6
כדית,F,6
כותיבא,M,6
ראקייה,F,6
ראקי,M,6
ראצה,F,6
ראצא,F,6
יתאיש,F,6
ית'רב,F,6
רודאן,F,6
טרטיל,F,6
טרפון,M,6
טרס,F,6
טרם,F,6
טשאמוש,F,6
טרפץ',F,6
יאב,F,6
טשרנה,F,6
יאטביאנש,F,6
יאחיא,M,6
יאורית,F,6
יאלה,F,6
יאלגה,F,6
יאיש,F,6
ישואס,M,6
ירשו,F,6
ישטו,F,6
ישומנש,F,6
ישמאל,M,6
ישרא,F,6
יאיר-מאיר,M,6
יאמאמה,F,6
יאניסלב,M,6
יאנו,M,6
יאסמא,F,6
יקותאל,M,6
רבא,M,6
יראה,F,6
יראבלט,F,6
יקיראל,M,6
ירדנוס,F,6
ירגא,M,6
ירצ'ו,F,6
רוביאן,F,6
יביין,M,6
יאשר,M,6
יגארדו,F,6
יבל,M,6
ידון,M,6
ידויגה,F,6
ידביגה,F,6
יגל-יעקב,M,6
יען,M,6
יען,F,6
רבין,F,6
יעקב-דוד,M,6
יצחק-איציק,M,6
יציב,M,6
יקיר-יעקב,M,6
יקטיה,F,6
רואין,M,6
יהואב,M,6
יהדין,F,6
יהוחנן,M,6
יהוחי,M,6
יהודה,F,6
יהונתן-יצחק,M,6
יניב-חיים,M,6
רבקה-לאה,F,6
יסחק,M,6
יסאסו,F,6
יענקלה,M,6
יענקי,M,6
יהנתן,M,6
יהלם,F,6
יובי,M,6
יובדו,M,6
יודי,F,6
רהיב,M,6
רהד,F,6
יוזרסיף,M,6
יוטל,M,6
יוליק,M,6
יומטו,M,6
רדומיר,M,6
רג'ואן,F,6
רג'דא,F,6
ימואל,M,6
ינגוסיה,F,6
יניק,F,6
ינינש,F,6
יניי,M,6
יוני-יונתן,M,6
יוסור,M,6
יוסף-מאיר,M,6
יוסיק,M,6
יוסתינא,F,6
יוסף-שלום,M,6
רדאא,M,6
יועץ,M,6
יוענה,F,6
יוריאל,M,6
יורדנה,F,6
יורדאנוס,F,6
יותן,M,6
יושע,M,6
ייבגניה,F,6
יירגדו,F,6
יימקיר,F,6
יימנגיסט,F,6
ילדיז,F,6
יישעלם,F,6
יישארג,F,6
יחזקאל-חזי,M,6
יטכא,F,6
ייטא,F,6
ייהעלם,M,6
ייבה,F,6
אבארהים,M,6
אבגאיל,F,6
אבוט,M,6
אבוש,M,6
פטריסה,F,6
פיליקס,M,6
פיליפו,M,6
פידרו,M,6
פיגע,F,6
פיזולי,M,6
פייז,M,6
אאלא,F,5
תרקי,M,5
פייבן,F,5
פיו,M,5
פיוט,F,5
פיקדה,M,5
פוטנה,F,5
פוטין,F,5
פוליאנא,F,5
פותיני,F,5
פזיל,M,5
פטיה,F,5
אבימור,M,5
אביעד,F,5
אביתי,M,5
אבס,M,5
תספה,M,5
פירסאן,M,5
פירלא,F,5
פביאולה,F,5
פדאה,F,5
יישוורק,F,5
ייש,F,5
יירצ'ו,F,5
ילמה,M,5
ילטו,F,5
רגי,F,5
רגה,F,5
יחד,M,5
יטיש,F,5
יטבארק,M,5
ייטאיאו,M,5
ייווה,F,5
ייהנאו,M,5
ייהון,M,5
יידל,M,5
יידג,M,5
יוסיאן,F,5
יוסי-חי,M,5
יוספטל,M,5
רדאן,M,5
רדאב,F,5
יורי,F,5
יורדנוס,M,5
יזאב,F,5
יושוע,M,5
יורק,M,5
יזהר,F,5
יזבל,F,5
רגאה,F,5
ייננש,F,5
ייני,F,5
יימקר,F,5
יוליי,M,5
רג'ווה,F,5
ימבל,F,5
ימאטה,F,5
ילקל,M,5
ימרות,F,5
ינהון,M,5
ינגוסנש,F,5
ינגה,F,5
ינין,M,5
רדוה,F,5
יוניק,F,5
יוסב,M,5
יוסאם,M,5
יונתן-משה,M,5
יונתאן,M,5
יהשע,M,5
יוג'ן,M,5
יובלי,M,5
יובל-חנה,F,5
יודחה,F,5
יוגן,M,5
יוגי,M,5
רהם,M,5
רהים,M,5
רהואן,F,5
יוהכים,M,5
יוהונתן,M,5
יוהאנה,F,5
יוזיק,M,5
יולדוז,F,5
יולין,M,5
יהונתן-שלום,M,5
יהוניס,M,5
רואידא,F,5
יניב-יצחק,M,5
רבנה,F,5
ינסה,F,5
ינסאו,M,5
יניר,F,5
יניקה,F,5
יסמין,M,5
יסראא,F,5
יעל-מרים,F,5
יעל-טובה,F,5
רואח,F,5
רואא,F,5
יו,M,5
ידידאל,M,5
רואית,F,5
יעקובו,M,5
יעקב-יקיר,M,5
יפיע,M,5
יפי,M,5
יפאת,F,5
יערוב,M,5
יצהר,F,5
יקאנו,F,5
יהבית,F,5
יהבי,M,5
יהבי,F,5
יהולה,M,5
יהושע-שוקי,M,5
יהועדן,F,5
יאצק,M,5
יאסון,M,5
רובינא,F,5
יקטה,F,5
יקוייה,M,5
רבזי,M,5
ירבב,F,5
יראא,F,5
ירח,F,5
ירנה,F,5
ראשידה,F,5
יבחר,M,5
יגוב,M,5
יבסי,M,5
יבלו,M,5
ידיל,M,5
ישוואס,M,5
ישאמבט,F,5
ישי-דוד,M,5
ישטלה,F,5
ישחק,M,5
ישכה,F,5
ישיעלם,F,5
ישראיל,M,5
יאיר-יצחק,M,5
רוג'יין,F,5
יאנג,M,5
יאמזה,F,5
יאלמסרה,F,5
יאנקו,M,5
יאנק,M,5
יאניטה,F,5
טרויה,M,5
טריסי,F,5
טריה,F,5
טרקאי,M,5
יאגוטיל,M,5
יאגוט,F,5
יאב,M,5
רוגאן,F,5
יאיר-חיים,M,5
יאיר-חי,M,5
יאיר,F,5
יאהב,M,5
יאדלאו,M,5
יאכט,F,5
ראשאד,M,5
רארדה,F,5
כוכביה,F,5
כותיבה,F,5
כותאיבה,M,5
ישפה,M,5
ישעייה,M,5
ראקז,M,5
ראציל,F,5
ראפעת,M,5
יתיר,F,5
יתברך,M,5
ישרה,F,5
ישראל-חיים,M,5
ראפיה,F,5
רודה,M,5
טרועינת,F,5
טרומד,F,5
טל-נפתלי,M,5
טל-משה,M,5
טליק,M,5
טמונה,F,5
טניוס,M,5
טנז,F,5
טספיי,M,5
טפץ',F,5
טעמה,M,5
טרואיינט,F,5
טראנא,F,5
ראפד,M,5
כאדי,F,5
כאמליה,F,5
כאריס,F,5
כוכבת,F,5
רוועא,F,5
טחמינה,F,5
טזתה,F,5
טיגאב,M,5
טיארה,F,5
טיי,M,5
טיזזאו,F,5
טיגסת,F,5
טיימה,F,5
טיילר,F,5
טיירה,F,5
טייק,F,5
טייצ'ו,M,5
טימא,F,5
טירהס,F,5
טיף,F,5
טזטה,F,5
טזאלו,F,5
כות'ר,F,5
ראנסא,F,5
כינאז,F,5
כיפייה,F,5
כיפה,F,5
כיסוף,M,5
כינן,M,5
כינור,M,5
כלוד,M,5
כליפא,M,5
כלים,M,5
כמיראן,F,5
ראמין,F,5
רוזאליה,F,5
ראמייה,F,5
ראמון,M,5
כנדי,M,5
כנארי,F,5
כנאז,F,5
כריכור,M,5
כריסטוף,M,5
כרלוס,M,5
טוג'אן,F,5
טולצא,F,5
טוסיה,F,5
טונזלה,F,5
טומר,M,5
טורינה,F,5
טוקה,F,5
טזנו,F,5
ראלין,F,5
כרמיל,F,5
לאה,M,5
לאולסגד,M,5
לאויס,M,5
לאה-לילי,F,5
לאוניה,F,5
לאוני,M,5
טביה,M,5
רוזמרין,F,5
טגריד,F,5
טגסטו,M,5
טהיר,M,5
טהייה,F,5
טוטי,F,5
טוטו,F,5
טאירה,F,5
לאיאלי,F,5
לאלין,F,5
לאני,M,5
לאקאצ'או,M,5
לב-אריה,M,5
טאקטו,F,5
טאנה,F,5
טאמנה,M,5
טארקיין,M,5
טאקלו,M,5
טבת,M,5
טבעונה,F,5
טביקאו,M,5
כרלה,F,5
כרכום,F,5
לארס,M,5
ראייגה,F,5
ראייאן,F,5
לביניה,F,5
לדיס,F,5
לוגיאן,F,5
לוגאן,F,5
לוג'ן,F,5
לוג'ינא,F,5
ראחדה,F,5
חתאב,M,5
חריס,M,5
טאיל,M,5
טאיאצ'או,M,5
טאזאש,F,5
טאלאל,M,5
ראז'י,M,5
לוון,M,5
לוויזה,F,5
לויבה,F,5
לויאור,M,5
לוטר,M,5
חנציא,F,5
רויים,F,5
רוייה,F,5
חסינטה,F,5
חסיבו,F,5
חפני,M,5
חסקל,M,5
חסניין,M,5
חריב,M,5
רוטם,F,5
ראונאק,F,5
לוקי,M,5
לזיר,M,5
לותם,F,5
לטיפי,F,5
חנאיא,F,5
חנומה,F,5
חנהלה,F,5
חניניה,M,5
חנים,F,5
חניטה,F,5
חנצי,F,5
חנסאא,F,5
חסון,F,5
חסדא,M,5
ראזין,M,5
חייטי,M,5
חייקל,M,5
חיים-משה,M,5
חיסין,M,5
חימנות,F,5
חיקה,F,5
חיקאיה,F,5
חלאה,F,5
חליד,F,5
חלקיהו,M,5
חמזאה,M,5
חמז'ה,M,5
חמיידי,M,5
חמידה,M,5
חנה-יהודית,F,5
לומי,F,5
ראואה,F,5
ליבוב,F,5
ליג'עלם,M,5
ראוזן,F,5
ראווף,M,5
ראודת,M,5
ראובן-רובי,M,5
ראובן-בן,M,5
לי-בת,F,5
לי-עוז,M,5
ליאד,F,5
ליאור-יוסף,M,5
חיהלה,F,5
חיה-מושקה,F,5
חיים-חן,M,5
חיים-דוד,M,5
חדיג'א,F,5
חדוי,M,5
חוה-לאה,F,5
חוגלה,F,5
חואניטה,F,5
רומנה,F,5
חוואא,F,5
חוליד,F,5
חוסנה,F,5
חורחלינה,F,5
חוראן,F,5
חטיה,F,5
ראובן,F,5
ראובל,M,5
ראובין,M,5
ראואל,M,5
חבאס,M,5
ליהן,M,5
ליהל,F,5
ליודה,F,5
ליזבת,F,5
ליזבטה,F,5
ליונה,F,5
ליחיה,F,5
ליזל,F,5
ליזיקה,F,5
ליטף,M,5
ליטיסיה,F,5
חבתם,F,5
חגילה,F,5
חגאזיה,F,5
חדיר,M,5
לילי-לאה,F,5
לילוש,F,5
לימאר,M,5
לימאן,F,5
לינדה,M,5
לינאה,F,5
ליניל,F,5
לינזי,F,5
רונלה,F,5
ח'זאעי,M,5
ח'לאד,M,5
ח'יראת,F,5
חאדיג'ה,F,5
ח'נסאא,F,5
חבוס,F,5
חבב,M,5
זסמין,F,5
זסלין,F,5
זסיקה,F,5
זננה,F,5
רוסטי,M,5
זקאא,F,5
זעלדה,F,5
זקרייא,M,5
זקס,M,5
זקלין,M,5
זרין,F,5
זריאנה,F,5
ח'וזאם,M,5
ראג',M,5
ראבקה,F,5
ראבן,M,5
קתר,F,5
ליעז,F,5
ליסול,F,5
ליסאא,F,5
ליפשה,F,5
ליפמאן,M,5
ליקיה,F,5
ליקי,F,5
לירל,F,5
ליריק,F,5
ליריה,F,5
זמדי,F,5
זמירנדה,F,5
זמרדה,F,5
זנו,M,5
זנדין,M,5
זילה,F,5
זילברט,M,5
זיסקינד,M,5
זיסע,F,5
זיסליה,F,5
זיסלה,F,5
זיסה,M,5
רועי-יהודה,M,5
רועי-דוד,M,5
רועאה,F,5
רוספו,F,5
זכית,F,5
זכה,F,5
זית,F,5
זלטן,M,5
זלוטה,F,5
רושאל,M,5
רוקסולנה,F,5
רוקיאה,F,5
זזו,F,5
זוריסלב,M,5
זיו-חי,M,5
זיהד,M,5
זיגין,F,5
זיומה,M,5
רוקי,F,5
רועיאל,M,5
זיל,M,5
זיכריאת,F,5
זינאדה,F,5
זימרית,F,5
זימל,M,5
זורזת,F,5
זורזיט,F,5
קשירו,F,5
קשינה,F,5
ליתי,M,5
לישר,F,5
לירן-משה,M,5
למה,M,5
למאה,F,5
למעאן,F,5
למזירה,F,5
לעילא,F,5
לעזיז,M,5
לנרט,M,5
קרמאן,M,5
זורז'ט,F,5
זואוב,F,5
זואהר,M,5
זהרת,F,5
זוהא,M,5
זואר,M,5
זואן,F,5
זוזלין,F,5
זוודיתו,F,5
רותאז',F,5
רושן,F,5
זולי,M,5
זומאנש,F,5
זומא,F,5
זוליחו,F,5
זומרדה,F,5
זומרד,F,5
קרליין,F,5
קרלי,M,5
לקצ',F,5
לקיטו,F,5
לקאצ'או,M,5
לשק,M,5
לריין,F,5
לריאן,M,5
מאגדולין,F,5
מאדונה,F,5
מאור-משה,M,5
קריסתינא,F,5
רזואנד,F,5
רזואן,F,5
רזאלה,F,5
רז'אל,F,5
רחאל,F,5
רזן,M,5
ז'רלדין,F,5
ז'ניה,M,5
זאי,M,5
רזיל,M,5
רזיאל,F,5
זאכריא,M,5
זאיר,M,5
זאפו,F,5
זאני,F,5
זאנטה,F,5
זארא,F,5
זאקריה,M,5
זהאד,M,5
רזונד,F,5
ז'ון,M,5
קריסטן,F,5
קריסטינא,F,5
מאזי,F,5
מאיה-מרים,F,5
מאיה-מזל,F,5
מאיה-לי,F,5
מאיא,F,5
מאיירה,F,5
מאיידה,F,5
מאיר-אור,M,5
מאיר,F,5
ז'וליטה,F,5
רחי,F,5
רחום,M,5
רחה,F,5
רחמאת,F,5
רחל-רלי,F,5
וסמן,M,5
וסלין,M,5
וסיליי,M,5
וצסלב,M,5
רחייל,M,5
ורדן,M,5
ז'אד,F,5
ותאן,F,5
ורטאן,M,5
ז'אן-לוק,M,5
ז'אד,M,5
ז'וליאטה,F,5
ז'וזפינה,F,5
ז'ורי,F,5
וניה,M,5
וסאיף,F,5
וסאים,M,5
מאיקה,F,5
קריסטו,M,5
קריסטה,F,5
מאיראל,M,5
מאיר-שלום,M,5
מאיר-מישל,M,5
מאיר-יאיר,M,5
מאיר-דוד,M,5
מאלפיה,F,5
מאליא,F,5
מאלי,M,5
מאלאכ,F,5
וניסה,F,5
מאנצ'י,F,5
מאנס,M,5
מאנויל,M,5
מאנבילו,F,5
מאסרשה,F,5
מאסרשאו,M,5
מאריז,F,5
מארי,M,5
ריאב,F,5
רי,F,5
רחנה,F,5
ויקטורי,M,5
וירונה,F,5
וכטנג,M,5
ולדילנה,F,5
ולול,M,5
ויאל,M,5
ויאורל,M,5
ויד,F,5
ויגדור,M,5
ויארה,F,5
ריאת,F,5
ריאלה,F,5
ויויין,F,5
ויויאן,M,5
ויליאמס,M,5
וילדן,F,5
ויסאם,M,5
ויני,M,5
וינה,F,5
קריינדי,F,5
מאמא,F,5
ווס,M,5
ווניס,M,5
וורד,M,5
וורד,F,5
וועוד,F,5
וורקאלם,F,5
וורקאו,M,5
וורווד,F,5
וורקלם,F,5
וורקיי,F,5
ריגה,F,5
ריבר,F,5
ריבין,M,5
וטלי,M,5
וותר,F,5
ויאן,F,5
וונדפראו,M,5
וונדי,M,5
וונאו,M,5
קראיג,M,5
מאריסא,F,5
מארן,F,5
מגאד,M,5
מג,F,5
מגדאלין,F,5
מגברו,M,5
מגבל,M,5
מגאלי,F,5
מגנאניה,F,5
מגית,F,5
ווסנה,F,5
ווסיל,M,5
ריחאם,F,5
ווטת,F,5
ווטאן,M,5
ווינדי,F,5
וויכנא,F,5
וויטני,F,5
וויטא,F,5
ריוי,F,5
ריוואל,F,5
וולדמיר,M,5
וויקי,F,5
וויצמן,M,5
וולקו,M,5
ווללין,M,5
וולוול,M,5
וולודימיר,M,5
מודללה,F,5
מודאר,M,5
מוואהב,F,5
קפיאלו,M,5
קפטאן,M,5
מדו,F,5
מדה,F,5
מדבר,F,5
מדאיה,F,5
מגנוס,M,5
מהאד,M,5
מהאד,F,5
קסייה,M,5
וודיי,F,5
וודחא,F,5
ריחאנא,F,5
וואבי,M,5
והאל,M,5
וואזנה,F,5
וואגאנש,F,5
ווג'ד,F,5
ריידא,F,5
רייגה,F,5
וודג'ה,M,5
ווגד,F,5
ווהל,M,5
קסטרו,M,5
קסורה,M,5
קסו,F,5
מהד,F,5
מואטז,M,5
מואיסס,M,5
ואל,F,5
ואפיק,M,5
ואסל,F,5
קסאיא,F,5
מוזיין,M,5
מוזיה,F,5
מוזגן,F,5
מוזגאן,F,5
מוחאמד,M,5
מוטה,M,5
מוטבינור,M,5
מוחתאר,M,5
ריימא,F,5
ריילין,F,5
וגה,M,5
וגדאן,M,5
מויד,M,5
קני,F,5
קנוז,F,5
מולא,M,5
מולוייה,F,5
מולוגוג'ם,F,5
מולוגביה,F,5
מולהאם,M,5
מונא,M,5
מולש,F,5
ריימונדה,F,5
ואהל,M,5
ואסים,M,5
ואסילי,M,5
ואלנטין,M,5
ואל,M,5
הנטשי,F,5
הסי,F,5
העניך,M,5
הרגואה,F,5
הפטמו,M,5
הרייטה,F,5
הריט,F,5
הריאטה,F,5
ריכאן,M,5
ריית',M,5
הרמין,F,5
הרלי,F,5
ואדאד,F,5
ואגיף,M,5
ואגד,M,5
ריינלדו,M,5
מוללי,F,5
קנג',M,5
מונדור,M,5
מונטאסר,M,5
מונז'ר,M,5
מונן,F,5
מוניש,M,5
מונתצאר,M,5
מונקז,M,5
מוסט,M,5
מועטסאם,M,5
מועדא,M,5
הנני,M,5
הנלי,F,5
הנידי,M,5
הנטשע,F,5
מזיאר,M,5
מזאן,F,5
מזאלה,F,5
קמיע,F,5
מוראיה,F,5
מוראט,M,5
מוקטו,M,5
מורגנה,F,5
מורטדא,M,5
מורז,M,5
הינדי,M,5
הינאדי,F,5
המסאת,F,5
הנדריק,M,5
הנגמה,F,5
הנאם,F,5
הוליה,F,5
הולו,F,5
הושיע,M,5
היאוט,F,5
רינת-רגינה,F,5
היג'אר,F,5
הילאל,M,5
הילאיי,F,5
הילו,M,5
מורום,F,5
מורוטו,F,5
מורוג',F,5
קמיי,F,5
מוריי,M,5
מורלי,M,5
מותאנא,M,5
הויה,F,5
הווט,F,5
הוואידה,F,5
מזלות,F,5
מזין,M,5
מזן,M,5
מחלד,M,5
מחיר,M,5
מחה,F,5
מחמיד,M,5
ריספה,F,5
ריסן,F,5
ריסל,F,5
ריסיא,F,5
ריסטה,F,5
הון,M,5
קלם,F,5
מטדל,M,5
מטאלם,M,5
מטס,M,5
מטלה,F,5
מיאמן,M,5
מיאלי,F,5
מיאד,F,5
ריפת,M,5
הדראל,M,5
הדראל,F,5
הדיר,M,5
הודיה-רחל,F,5
הודיה-חיה,F,5
הודי,M,5
הודא,M,5
האילה,F,5
האנדה,F,5
האנד,F,5
האל,M,5
ריקיה,F,5
ריקאז,F,5
ריצה,F,5
הארלי,M,5
האריס,M,5
האנייה,F,5
הבטמה,F,5
הבטאמנש,F,5
הדיוה,M,5
הדבי,F,5
הדאיה,M,5
קלמוורק,F,5
רית,M,5
קלימנט,M,5
קלוין,M,5
מידיין,M,5
מיטין,F,5
מיטביה,F,5
מיטבאל,F,5
מיחרז,M,5
מיחי,M,5
מייאסין,F,5
מיינה,F,5
דריאנה,F,5
דריאן,F,5
דרסין,M,5
האגוף,M,5
דרקו,M,5
רלי-רחל,F,5
דנאי,M,5
דניאר,M,5
דניאל-שלום,M,5
דנינט,M,5
רכל,F,5
דנקיטו,F,5
דסלאן,M,5
דסטאי,F,5
דספינה,F,5
דפאלה,M,5
דרהקאן,F,5
דריאל,F,5
דרור-חיים,M,5
דרומית,F,5
דרוין,M,5
דמיין,M,5
דנאו,M,5
דן-דניאל,M,5
קלודת,F,5
קלודיט,F,5
קלוא,F,5
מייסאנה,F,5
מיירי,F,5
מיכאל-יוסף,M,5
מיכאל-חי,M,5
מילחם,M,5
מילוש,M,5
דן-דוד,M,5
דמסה,M,5
רמאון,M,5
רליצה,F,5
מילה,M,5
קלאודין,M,5
מיליאן,M,5
מימאנה,F,5
מינאס,M,5
מיניה,F,5
מינטמיר,F,5
מינט,F,5
מינסא,F,5
דינקיה,F,5
רמו,F,5
דלא,F,5
דל,M,5
דמאס,M,5
דלר,M,5
דמילה,F,5
דיווי,M,5
קלאדיו,M,5
קירק,M,5
קירינה,F,5
מיסלח,M,5
מיסין,F,5
מיסבאח,M,5
מיסאנש,F,5
דיימון,M,5
דילמטה,M,5
דילטה,F,5
דינה-דנה,F,5
דימור,M,5
דיעאא,F,5
דיעא,F,5
דינת,F,5
קיפורק,M,5
מיצל,M,5
מיסרק,F,5
מיקיטה,M,5
מיראס,F,5
מיראלה,F,5
מיראל,M,5
רמסיס,M,5
רמל,M,5
רמיר,M,5
דיואן,F,5
דידה,M,5
דייאר,M,5
דייאר,F,5
דייאן,M,5
דיורה,F,5
מירזא,M,5
מירולה,F,5
מיריין,F,5
מיריאנא,F,5
מירסאל,F,5
מירינה,F,5
מירין,F,5
מירצא,F,5
מירסלבה,F,5
דור-אברהם,M,5
רנאה,F,5
דז'מיליה,F,5
דז'וליטה,F,5
דיאה,F,5
רן-רחמים,M,5
קיפח,M,5
דוד-דב,M,5
דוד-אריה,M,5
דווית,M,5
דוויס,M,5
דווין,M,5
דויס,M,5
דויא,M,5
דומיטרו,M,5
דולסה,F,5
דוניאל,M,5
דוני,F,5
דונטה,F,5
דונט,M,5
דוניאנה,F,5
דוראן,M,5
דור-רפאל,M,5
מלאט,F,5
מכל,F,5
מלבה,F,5
מלאקה,F,5
מלאכי,F,5
מלאכה,F,5
מלודיה,F,5
מלה,M,5
דוביק,M,5
דובי,F,5
רנם,M,5
רנלד,M,5
רניים,F,5
דודאל,M,5
דוד-שמעון,M,5
דוד-יהודה,M,5
מלכיאור,M,5
מלכאן,F,5
מלסץ,F,5
מלן,F,5
מלכם,F,5
דגי,M,5
דבריתו,F,5
דגמוויט,F,5
דגיטנו,F,5
דוגן,M,5
דוג'אנה,F,5
דובר,M,5
דובלה,M,5
קיין,F,5
מיתרי,M,5
מיתאק,F,5
קידאנו,M,5
ממי,M,5
מלשיאו,F,5
מנאיא,F,5
מנאת,F,5
מנאף,F,5
מנאסבוש,F,5
מנאסא,F,5
דבור,M,5
דאריוש,M,5
מלגוזטה,F,5
קיידן,M,5
קיידה,F,5
קיוורק,M,5
מלחט,F,5
מלכיה,M,5
מנהאללה,F,5
מנובך,M,5
מנחם-חיים,M,5
מנז'ר,M,5
מנושר,M,5
מנוצר,M,5
מנוצהר,M,5
מנטואב,F,5
רעייה,F,5
גתצ'או,M,5
גתנת,M,5
גת,M,5
גשוו,M,5
דאיינה,F,5
דאהב,F,5
קיוון,M,5
מניג'ה,F,5
מניא,F,5
מני-מנשה,M,5
מנסבוש,F,5
מנסב,F,5
מנסי,M,5
קותאיבה,M,5
גפריי,M,5
גרז'ינה,F,5
גרהאם,M,5
גרטל,F,5
גריסל,F,5
גרצל,M,5
גרסים,M,5
קטינה,F,5
מנהר,F,5
גמי,F,5
גמאר,M,5
גנאנאו,M,5
גנאים,M,5
גנאדיי,M,5
גן-יה,F,5
גנטי,F,5
גנזב,F,5
גנואה,F,5
גננדי,F,5
גסאם,M,5
גסאב,M,5
גפנה,F,5
גסן,M,5
גראלד,M,5
קטו,F,5
גלוריא,F,5
גלדס,F,5
גלברט,M,5
מסטוול,M,5
מסעאב,M,5
מסנבט,M,5
מסנבט,F,5
מסק,M,5
מעוזיה,M,5
מעגן,M,5
מעייני,F,5
מעז,M,5
רפעת,F,5
גלן,F,5
גליקה,F,5
גלנש,F,5
גיסטמן,F,5
קורווין,M,5
קוקיט,F,5
קוקה,M,5
מקואנט,M,5
מקדאס,F,5
מקליט,F,5
מקטאו,M,5
מראו,M,5
מראן,M,5
קוסטין,M,5
רקה,F,5
גישא,F,5
גלאדס,F,5
גל-חי,M,5
גל-אל,M,5
גיים,M,5
קוסטיאנטין,M,5
מרגית,F,5
מרדכי,F,5
מרגרידה,F,5
מרהף,M,5
מרהג',M,5
מרדכי-מור,M,5
מרי,M,5
מרטנש,F,5
מרט,F,5
גייד,F,5
רשדייה,F,5
גיליירמו,M,5
גינאא,F,5
גיסלאן,F,5
קוללץ',F,5
מריוש,M,5
מריולה,F,5
מרינו,M,5
מרים-מירית,F,5
מרים-מירה,F,5
מרים-מירב,F,5
גיא-גרשון,M,5
רשפיל,M,5
רשלי,F,5
גידי,F,5
גיורשום,M,5
גיזרמו,M,5
גיזלאן,F,5
גיזיל,F,5
גייסין,M,5
גונדרית,F,5
גונדר,F,5
גוסיין,M,5
גוסוב,M,5
שאבי,M,5
"ש""י",M,5
גוראל,M,5
גוצה,M,5
גופראן,M,5
גועד,M,5
גורגס,M,5
גורגה,M,5
קונסואלו,F,5
קונסואלה,F,5
קומלאצ'או,M,5
קומה,M,5
גולי,M,5
גולסרה,F,5
גולסורך,F,5
מרים-חנה,F,5
קוזידה,F,5
קוורק,M,5
קווקב,F,5
מרישה,F,5
מריס,M,5
מרליס,F,5
מרן,M,5
גולמירה,F,5
גומה,M,5
גולר,F,5
גולצ'כרה,F,5
גונטר,M,5
שאמיל,M,5
שאמבל,M,5
שאלי,M,5
גדיי,M,5
גואד,M,5
גהד,M,5
גוגה,M,5
גובז,M,5
גובה,M,5
שאילה,F,5
שאיימה,F,5
גודדו,M,5
גוורי,F,5
גווהר,F,5
גווהאר,F,5
גוזלין,F,5
קודש,M,5
קודאמה,M,5
קובאל,F,5
מרפד,F,5
מרק,F,5
מרתינה,F,5
מרתינא,F,5
משכן,M,5
משית,F,5
משיל,M,5
משוש,M,5
מתווי,M,5
מתדל,F,5
מתאב,M,5
גבריי,M,5
גבריאלי,F,5
גאהר,F,5
גאדו,M,5
גאורג',M,5
גאוין,M,5
גאמילה,F,5
שאנטי,F,5
גאפר,M,5
גאניית,F,5
גאנאת,F,5
גאקי,M,5
גבורק,M,5
גברוש,M,5
גביש,M,5
גדאללה,M,5
גברייל,M,5
מרמר,F,5
ג'קו,M,5
מתאב,F,5
משלה,M,5
מתושלח,M,5
מתילה,F,5
מתניאל,M,5
נאבילה,F,5
נאאל,F,5
נא-אל,F,5
נאגווה,F,5
נאג'מה,F,5
ג'פרא,F,5
שאשטו,F,5
ג'ריאס,M,5
ג'רט,M,5
ג'רמין,F,5
ג'כלין,F,5
קברטו,M,5
קאתרינה,F,5
קאתרינא,F,5
נאדרין,F,5
נאוזת,F,5
נאו,M,5
קארלו,M,5
שבו,F,5
שאתילה,F,5
ג'מאר,M,5
ג'נדיה,F,5
ג'נאביב,F,5
ג'נפיאף,F,5
ג'קי-יעקב,M,5
ג'קולין,F,5
נאזיק,F,5
נאומי,F,5
נאטלה,F,5
נאיל,F,5
נאמה,F,5
נאלין,F,5
נאסף,M,5
נארימין,F,5
נאריז,F,5
שבקט,M,5
ג'זון,M,5
ג'ורי,M,5
ג'יאני,M,5
ג'יזייל,F,5
ג'ילן,F,5
ג'ילאן,M,5
נאפיז,M,5
קארוליין,F,5
נבאהן,M,5
נאשיד,M,5
נביאה,F,5
נבהן,M,5
נבד,F,5
נבל,F,5
קאסאייה,F,5
ג'ולס,M,5
שגאנש,F,5
שגאיה,F,5
ג'וניר,F,5
ג'ונאיד,M,5
ג'ועד,M,5
שבתאי-שבי,M,5
ג'דה,F,5
קאמיליה,F,5
נג'את,M,5
נגאוה,F,5
נג'מיה,F,5
נג'מא,F,5
נגדה,F,5
שהאב,M,5
ג'ואיריה,F,5
ג'ואלה,F,5
ג'ודיט,F,5
ג'וואל,F,5
ג'וזלין,F,5
ג'ומאן,M,5
נארג'ס,F,5
נאצרה,F,5
נגסי,M,5
נדביה,F,5
נדב-משה,M,5
נדאא,M,5
נדא,M,5
נדווא,F,5
נהאדה,F,5
ג'אונא,F,5
ג'אואן,F,5
ג'אהר,F,5
ג'אלה,F,5
ג'איס,M,5
ג'אן-מרק,M,5
ג'בראיל,M,5
ג'בארה,M,5
ג'ארח,M,5
ברנאדט,F,5
ברנרדה,F,5
ברקיי,F,5
ברקון,M,5
ברקה,M,5
ברציקו,F,5
שהראזאד,F,5
ברקנש,F,5
בשי,F,5
בתיה-בטי,F,5
בתיה,M,5
ג'אדי,F,5
שהינדה,F,5
נגיד,F,5
נגר,F,5
נגסת,F,5
ברייס,M,5
ברכה-רבקה,F,5
נדמיה,F,5
נדיר,F,5
נהוא,F,5
נהוואנד,F,5
נהל,M,5
נהראי,M,5
נובין,F,5
נואלה,F,5
קאדאר,F,5
שהריאן,F,5
ברלה,F,5
ברכת,M,5
ברכיה,F,5
ברכיאל,M,5
נוהידה,F,5
נוהד,M,5
נוהאל,F,5
נוחים,M,5
נוזאה,F,5
נוייר,F,5
נויד,M,5
נויאת,F,5
ברוז,M,5
ברודי,M,5
ברז'יט,F,5
ברונית,F,5
בריא,M,5
ברטל,F,5
בריה,M,5
ברידג'ט,F,5
בסנדיל,M,5
בקזוד,M,5
בקה,M,5
שולא,F,5
בר-מזל,F,5
בר-לב,M,5
בר-יעקב,M,5
ברג'ית,F,5
ברבו,M,5
ברהון,M,5
ברהה,M,5
ברוך-בר,M,5
צרל,M,5
צריל,F,5
צקולה,F,5
נובל,M,5
שומרית,F,5
נוי-יה,F,5
נוסרת,F,5
נוסים,M,5
נוסייבא,F,5
נוקרי,M,5
נוקי,F,5
נופך,M,5
נוראיי,F,5
נורולה,M,5
נורג'אן,F,5
צפור,F,5
שוליקה,F,5
בסינה,F,5
בסקאל,F,5
בסניל,M,5
צפונה,F,5
צעריל,F,5
נורייה,F,5
נוריאנה,F,5
נורסן,F,5
נזקט,F,5
נזמית,F,5
נחים,M,5
בנו,F,5
בנימין-בני,M,5
בניסיו,M,5
בסיטה,F,5
בסו,M,5
בנצי,F,5
בנצ'לם,F,5
בנצ'יעלם,F,5
נטיעה,F,5
נטרץ',F,5
ניבראס,M,5
ניבון,F,5
ניגטו,M,5
שוקרי,M,5
בלתה,M,5
בלסם,M,5
בלנה,F,5
בן-משה,M,5
בן-לי,M,5
בן-יעקב,M,5
בן-ברוך,M,5
בן-בן,M,5
בנגמין,M,5
בנז'מין,M,5
נימאי,M,5
נילין,F,5
נילטון,M,5
נינלי,F,5
ניסאם,F,5
שושיה,F,5
בירלא,F,5
בכטיור,M,5
בלאן,M,5
בלא,F,5
בלטצ',F,5
בלוסום,F,5
בלום,F,5
בליינה,M,5
בלידה,F,5
שורה,M,5
ביטיה,F,5
ביטדג,F,5
ביזן,F,5
ביזואיו,F,5
ביין,F,5
שחדי,M,5
ביירם,M,5
ביינש,F,5
בינאם,M,5
ביסט,F,5
ביני,F,5
בירהנה,M,5
ציניה,F,5
ניהוראי,M,5
ניוטון,M,5
ניילי,F,5
ציטא,F,5
ציון-חי,M,5
ניסנית,F,5
ניצחית,F,5
ניצוח,F,5
ניקולא,F,5
ניקנור,M,5
ניקלס,M,5
ניקיתה,M,5
שחרם,M,5
שחר-יוסף,M,5
ביז'אן,M,5
ביווטה,M,5
ביגן,M,5
ביגאן,M,5
ביטניה,F,5
נליני,F,5
נלדה,F,5
נכלה,M,5
ננד,M,5
שי-אברהם,M,5
שטרנע,F,5
בחרלדין,M,5
בחריה,F,5
בחרי,M,5
בחרוז,M,5
בחלה,F,5
בחית,M,5
בחשי,M,5
ביאל,F,5
ביאה,F,5
שטערנא-שרה,F,5
בוגיד,M,5
בונדי,M,5
בולאל,M,5
בוסיינא,F,5
בונסיאנה,F,5
שי-שבתאי,M,5
בוקי,F,5
בוסתן,F,5
בושרא,M,5
בורטוקן,F,5
בורטון,M,5
בזאוויט,F,5
בותיאנה,F,5
ניר-יצחק,M,5
נכד,M,5
נירם,M,5
בגשאו,M,5
שידה,F,5
נמו,F,5
נסמאה,F,5
נסיפה,F,5
נסריאן,F,5
נסר,M,5
נעמאתי,F,5
נעומית,F,5
שיבון,F,5
שיאם,F,5
בהיא,F,5
בהט,F,5
בוטאינה,F,5
בוזנה,F,5
בוגלץ',F,5
באז,M,5
באנצ'אמלאק,F,5
באינה,F,5
באיך,M,5
באסאם,M,5
באנציעלם,F,5
באנצי,F,5
באנצ'יאיהו,F,5
שיוה,F,5
בארא,F,5
באפי,F,5
באסנת,F,5
באשאר,M,5
באשא,M,5
בביי,M,5
בדמאו,M,5
באהי,M,5
צופי,M,5
נעמי-חיה,F,5
נעמו,F,5
נפר,F,5
נפקו,F,5
נפלה,F,5
נפטלי,M,5
נפאע,M,5
נצוח,F,5
שיימאה,F,5
שיילי,M,5
שייח,M,5
באייך,M,5
באיוך,M,5
באזטו,F,5
אשואא,F,5
אשה,F,5
שילגית,F,5
נצנת,M,5
נקדאם,F,5
נצרין,F,5
נרגיזי,F,5
נשאד,M,5
צהאיה,F,5
אשלה,F,5
אשכול,F,5
אתאי,M,5
אתינא,F,5
אתין,F,5
אתניה,F,5
אתלי,F,5
אריסטו,M,5
ארמידה,F,5
ארמנק,M,5
ארמל,F,5
שימוך,F,5
שימא,M,5
ארסטיה,F,5
ארסט,M,5
ארנסטין,F,5
ארצה,F,5
ארצ'י,M,5
ארפד,M,5
ארתחאם,F,5
אשגרץ,F,5
אשגרו,M,5
אשגר,F,5
ארטשס,M,5
אריב,M,5
אריאף,F,5
צדק,F,5
נשוואה,F,5
נשווא,F,5
נתנאל-ישראל,M,5
נתנאל-יוסף,M,5
נתנאל-חיים,M,5
סאבה,M,5
שימרת,F,5
שימטו,M,5
ארייא,F,5
אריה-לייב,M,5
ארליט,F,5
ארלי,M,5
סאגיד,M,5
סאבלי,M,5
סאולה,F,5
סאווסאן,F,5
סאלאמלק,M,5
סאלאמה,M,5
סאליליש,F,5
ארגנש,F,5
שיפרית,F,5
שיפרא,F,5
שיסל,F,5
ארוואה,F,5
ארואח,F,5
ארזול,M,5
ארזואן,F,5
ארי-אל,F,5
סאסו,F,5
סארה,M,5
סאראי,F,5
סבחא,F,5
סבאש,F,5
סביו,F,5
שיראלי,F,5
שיר-שרה,F,5
אקרמי,M,5
אקרם,M,5
אראש,M,5
אראן,M,5
ארא,F,5
אקתמאל,F,5
סאבאח,F,5
צגייה,M,5
סגי,M,5
סדיג,M,5
סדאת,M,5
צאפיה,F,5
אפסאנה,F,5
אפתיחר,F,5
אפרת,M,5
אפרים-אפי,M,5
אפריי,M,5
אקוש,M,5
אקו,F,5
אצנפה,M,5
סאליח,M,5
סאמר,F,5
סאנשיין,F,5
סאנאז,F,5
אסנקאו,F,5
אסנאקץ',F,5
אסף-משה,M,5
אסף-יצחק,M,5
אסף,F,5
שירי-לי,F,5
אסתיר,F,5
אעיד,M,5
אפראי,M,5
אפקה,F,5
צבטלינה,F,5
צארלי,M,5
סבסטיין,M,5
סבל,F,5
סג'ד,F,5
סג'אר,M,5
אסמאי,F,5
צאלי,M,5
צאברה,F,5
סדר,M,5
סדקייה,F,5
סהם,F,5
סוב,M,5
סוהיים,M,5
סוהל,F,5
סוהים,M,5
צ'סלב,M,5
שירתאל,F,5
שירציון,F,5
אסמי,F,5
אסמאת,F,5
אסמארו,F,5
סוולי,M,5
סוילה,F,5
סויטה,F,5
סויה,F,5
סוחר,M,5
סוליימאן,M,5
סומייא,F,5
סומאנה,F,5
סומאייה,F,5
סוניה,M,5
שלבי,M,5
שלב,F,5
אסווה,F,5
אסלאה,F,5
אסיר,F,5
אסימה,F,5
צ'ינציה,F,5
סוסלן,M,5
סוסיא,F,5
סוקרט,M,5
סופיין,M,5
סוריל,M,5
צ'ילוט,F,5
שלוו,M,5
שלוו,F,5
שלהבית,F,5
אנריך,M,5
אנתמאא,F,5
אנתהאל,F,5
אסאסו,F,5
אסאללה,F,5
אסאל,M,5
סטאר,M,5
סטאפני,F,5
סטאסי,F,5
סטאניסלאב,M,5
סחלום,M,5
סטיה,M,5
סטיבן,F,5
שלומצא,F,5
שלומי-שלמה,M,5
שלומון,M,5
אנע'אם,F,5
אנסטאסיה,F,5
אנקואיהוש,F,5
אנצו,M,5
אנצ'נאלו,F,5
שלויה,F,5
אנוה,F,5
אנואל,M,5
אנורה,F,5
אנטונט,F,5
שלין,F,5
אנטונית,F,5
אני,M,5
אנטרניק,M,5
אנילי,F,5
אנישוארה,F,5
אניצה,F,5
אננט,F,5
צ'ד,M,5
צ'אק,M,5
פתר,M,5
סורל,F,5
סטון,M,5
פשי,F,5
סטיפאנוס,M,5
סטיסי,F,5
סטייסי,M,5
סטפנוס,M,5
סטני,M,5
סיאון,M,5
סיאה,F,5
סיאדה,F,5
אנדרסון,M,5
אנדרייה,M,5
שמאא,F,5
שלמור,F,5
אנור,F,5
אנווא,F,5
סטריה,F,5
סיארה,F,5
סידה,F,5
סיואר,F,5
פרנציסקו,M,5
שמואל-סמי,M,5
שמואל-חי,M,5
שמואל-דוד,M,5
שמואל,F,5
אנדראי,M,5
אנדליב,F,5
אנדרייה,F,5
אנדריאה,M,5
אנה,M,5
אנדשאש,F,5
סטיבאן,M,5
סיטרה,F,5
סיטל,F,5
סילאס,M,5
סיירת,F,5
סילון,M,5
סילויו,M,5
סילוון,M,5
אנאניט,F,5
אנאני,F,5
שמחת,F,5
אנגילינה,F,5
אנגווץ,F,5
אנגואצ',F,5
אנדאלו,M,5
אנדאלאמאו,M,5
אנדאגר,F,5
אמינא,F,5
אמיתי,F,5
אמיתה,F,5
אמסאל,F,5
אמניר,M,5
אמנט,F,5
שמעון-חי,M,5
אמתלאי,F,5
אנאו,F,5
אנאהל,F,5
אנאנא,F,5
אנאית,F,5
אנאנייה,F,5
סיילא,F,5
סייה,F,5
סייג',F,5
שנאן,F,5
אמוני,F,5
אמווייש,F,5
אמוודאו,M,5
אמטבאל,F,5
אמילייה,F,5
אמיליאנה,F,5
אמיליאן,F,5
אמילי,M,5
שמריאל,M,5
שמר,F,5
שמעון-משה,M,5
שמעון-מאיר,M,5
אמיראן,M,5
אמיר-חיים,M,5
אמיץ,M,5
אמוואי,F,5
אמוו,F,5
פרנסי,F,5
סילקה,F,5
סילנה,F,5
סילנא,F,5
סימיין,F,5
סינאי,F,5
סימיין,M,5
סינטאיו,M,5
סינאר,F,5
סינטייהו,F,5
אמואז,F,5
אמדה,F,5
אמגיד,M,5
שנהאל,F,5
אמאוויש,F,5
סינטו,M,5
פרני,F,5
סיסר,M,5
סיראז,F,5
סיריין,F,5
סירו,M,5
סירג,F,5
פריץ,M,5
אם-לי,F,5
אמאר,M,5
אמאסל,F,5
אמאנש,F,5
אמבאצ'ו,M,5
אמבאצ'או,M,5
אמבאיה,M,5
אלעזרי,M,5
אלעד-יוסף,M,5
אלפא,M,5
אלפרדה,F,5
שעיה,F,5
שעאע,F,5
אלקסי,F,5
אלקון,M,5
אלרז,F,5
אלרום,F,5
אלרואי,F,5
אלתה,F,5
אלשי,M,5
אלשדי,M,5
אלשבע,F,5
אלרי,F,5
פרינס,M,5
פרין,F,5
פרימן,M,5
סל,M,5
סיתוונית,F,5
סירפה,F,5
סירנוש,F,5
סירלה,F,5
סלאמנש,F,5
סלחאדין,M,5
שפית,F,5
שפדיה,M,5
אלסירה,F,5
אלסייד,M,5
אלסבת,F,5
אלס,F,5
סלומה,M,5
סלוינה,F,5
פריווא,F,5
סלמאווית,F,5
סלמייה,F,5
סלשי,M,5
סמארא,F,5
אלמבנצ'י,F,5
שפרינצי,F,5
אלמיה,M,5
אלמטה,M,5
אלמצהי,F,5
אלמעתצם,M,5
אלמנתצר,M,5
אלנוי,F,5
אלמרו,M,5
פרידריק,F,5
פרידמן,M,5
פריג'ה,F,5
סמיה,M,5
סמורה,F,5
סמילה,F,5
סנאן,F,5
סמרין,M,5
שראהן,F,5
אליצ'ה,F,5
אליען,M,5
אלישמע,F,5
אלכסי,F,5
אללן,M,5
אלליין,M,5
אלמוגה,F,5
פרי-אל,M,5
פרחנאז,F,5
סנדרלה,F,5
סעידו,M,5
סעודה,F,5
אליזאבית,F,5
אליונור,F,5
שרה-שרי,F,5
אלייט,F,5
אלימאן,M,5
אליכס,M,5
אלינעם,M,5
אלינועה,F,5
אליסבטה,F,5
סמו,M,5
סמה,M,5
אלחן,F,5
אלחטאב,M,5
פרחי,M,5
ספאלדין,M,5
ספיעלם,F,5
ספיאגר,F,5
סראוורק,F,5
סראה,F,5
שרון-שמעון,M,5
אליאם,F,5
אליאו,M,5
אליאה,F,5
אליג'ה,M,5
אליביה,F,5
אליהועיני,M,5
אליהו-אלירן,M,5
שרים,M,5
שרילין,F,5
שרייף,M,5
אלדין,M,5
אלהה,F,5
אלוויר,F,5
שריג,F,5
שרי-שרה,F,5
אלושה,M,5
אלון-אליהו,M,5
אלון-אברהם,M,5
אלחו,M,5
אלחדי,M,5
אלחארת',M,5
אלזין,M,5
אלטי,F,5
אלגית,F,5
אלגום,F,5
פרזאנה,F,5
פרוק,M,5
סרוורק,F,5
סרוואת,F,5
סריל,M,5
סריאנה,F,5
סתווית,F,5
סתה,F,5
אלגוג'ה,M,5
אלברת,M,5
אלברט,F,5
אלברוס,M,5
שריקה,F,5
שריפי,F,5
ע'אנם,M,5
ע'אלב,M,5
עאבר,M,5
עאבדה,F,5
ע'סון,F,5
עאהידה,F,5
עאטפה,F,5
עאזמי,M,5
איתאר,M,5
איתיו,M,5
איתן-יעקב,M,5
אל-רם,M,5
אל-ים,F,5
אלאסף,M,5
אלאמראו,M,5
אלאמר,M,5
איסמיהן,F,5
איפתכאר,F,5
איפתח'אר,F,5
איצחק,M,5
שרשלום,M,5
אירווינג,M,5
אירודה,F,5
אירד,M,5
איריני,F,5
אישתו,M,5
איששים,M,5
אישה,F,5
איתי-שלום,M,5
איתי-יוסף,M,5
איתי-אל,M,5
ע'ידאא,F,5
איסיה,F,5
פרהם,M,5
פרדריקו,M,5
פרדריך,F,5
פרדס,M,5
עאסייה,F,5
עאנן,M,5
עבדאלווהאב,M,5
עבדאלוהאב,M,5
עבדאלגוואד,M,5
עבד-אללה,M,5
עבדאלמלק,M,5
עבדאלמג'יד,M,5
ת'אאיר,M,5
שתילא,F,5
איסן,M,5
עבדאלראזק,M,5
עבדלמליק,M,5
עבדלמג'יד,M,5
עבס,M,5
עד-אל,F,5
עגור,F,5
עגאג,M,5
אינורה,F,5
איסאיס,M,5
איסאייס,M,5
איסא,M,5
אינשירח,F,5
איסטט,F,5
איסטחר,M,5
איסחק,M,5
איסייה,F,5
אימלדה,F,5
אימיליא,F,5
אימה,M,5
אימבר,M,5
אימרם,M,5
תאימאא,F,5
תאיו,F,5
אינגודאיי,F,5
אינבל,F,5
אינאת,F,5
אינוו,M,5
אינדלמאו,M,5
אינטה,F,5
אינז'י,F,5
פרדו,M,5
עבדלבסט,M,5
איכמאל,F,5
אילהי,F,5
אילחה,F,5
פרג'ולה,M,5
פראנסיס,M,5
עדי-חנה,F,5
עדי-אל,F,5
עדווייה,F,5
עדהאל,F,5
עדיאור,F,5
עדי-רחל,F,5
עדי-יהודית,F,5
עדל,F,5
אילמה,F,5
אילר,M,5
אילעיי,M,5
תארות,M,5
תארוק,M,5
תארה,F,5
אייגול,F,5
אייבט,F,5
אייבור,M,5
אייוב,M,5
איילקבט,M,5
איילנך,M,5
איילון,F,5
תאמי,F,5
איינה,M,5
איינאס,F,5
איירן,F,5
איירינה,F,5
אילאו,M,5
איח'אלס,F,5
אייאב,M,5
עדיניה,M,5
פראג'י,M,5
פר,M,5
פקרתה,F,5
פקריה,F,5
עדן-אור,F,5
עדלינה,F,5
עובי,M,5
עובדא,M,5
עואדה,F,5
עווטף,F,5
עוודה,F,5
איטנש,F,5
תארין,F,5
איוואנה,F,5
עוודאי,M,5
עודיא,M,5
פצום,M,5
עויד,M,5
עוטרשאן,F,5
עוטפה,F,5
עוזרי,M,5
עוזיאלה,F,5
עומאייר,M,5
עולמית,F,5
עופר-משה,M,5
איזבאל,F,5
איזאר,F,5
איזיו,M,5
איטולין,M,5
פסקו,M,5
פסל,M,5
עותמאן,M,5
עזיזי,F,5
עטאאללה,M,5
עזרא-עוז,M,5
פנלופ,F,5
תהא,M,5
תדרוס,M,5
אידליה,F,5
אידלה,F,5
אידיס,F,5
אידיליה,F,5
איוא,F,5
איהאד,M,5
איוונקה,F,5
אטיליו,M,5
אטייה,F,5
אטואר,F,5
אטנאט,F,5
אטלקה,F,5
אטלין,F,5
אטיר,M,5
תואר,M,5
תהלל,F,5
אטקליט,F,5
אטף,F,5
איאו,M,5
איבראהים,M,5
איבלא,F,5
איברו,F,5
אידוב,M,5
פנלה,F,5
עטוא,M,5
עטאר,M,5
עטמאן,M,5
עידאא,F,5
עיאד,F,5
עידי,F,5
עידו-חיים,M,5
עידו-אברהם,M,5
עיידן,M,5
עיטם,F,5
עיזיה,F,5
עיזו,M,5
אטאללה,M,5
תוהאם,F,5
אטינה,F,5
אותמאן,M,5
אזדה,F,5
אזדאהר,F,5
אזלץ',F,5
אזלדין,M,5
אזיל,M,5
אזזו,M,5
תולי,F,5
אזריה,M,5
אזניה,F,5
אזני,F,5
אזנגו,F,5
אחישלום,M,5
אחמט,M,5
אטדל,F,5
אטדה,F,5
אורשולה,F,5
תורי,M,5
עייסא,M,5
עייני,F,5
עיילה,F,5
עימיאל,M,5
עימבר,F,5
עימאן,M,5
עינאן,M,5
עין-בר,F,5
עינן,F,5
תוני,M,5
אושרי-אשר,M,5
אושעיא,M,5
אותרי,M,5
אותמן,M,5
תחריה,F,5
אורג'וואן,F,5
אוראם,F,5
אורה,M,5
אורדן,F,5
אורד,M,5
אורגואנה,F,5
אורי-שמואל,M,5
אורי-מרדכי,M,5
אורי-מאיר,M,5
אורי-יצחק,M,5
אורי-יוסף,M,5
אורית-חנה,F,5
אורלינה,F,5
אורן-דוד,M,5
אושיה,F,5
אור-שלום,M,5
אור-עד,M,5
אור-נתן,M,5
פנטביל,M,5
פנטאי,M,5
פנטאו,M,5
פנטאה,F,5
פנטאביל,M,5
פנחס-פיני,M,5
עיפאת,F,5
עיתמאן,M,5
עיתי,M,5
עישא,F,5
עיש,M,5
עליי,M,5
עליזה-אליס,F,5
אוליויה,F,5
תימאר,F,5
תימאה,F,5
אומיא,F,5
אום,M,5
אולקר,F,5
אומניא,F,5
אומן,M,5
אומכלתום,F,5
תילאווה,F,5
תייסיר,F,5
אוסול,M,5
אוסאל,F,5
אוסנט,F,5
אור-חן,M,5
אור-שלמה,M,5
אוונגלינה,F,5
אוליאן,M,5
אולגה-רחל,F,5
עלזה,F,5
פנה,F,5
פן,M,5
פמי,F,5
פלקס,M,5
עלמנאט,F,5
עלמיא,F,5
עלמת,F,5
עלמקן,F,5
עמידרור,M,5
עמירה,M,5
אולכסנדרה,F,5
אולך,M,5
עמיר,F,5
פלסטין,M,5
פלמירה,F,5
פליק,M,5
פליצ'יה,F,5
פליפה,F,5
עמיתה,F,5
עמישר,M,5
עמרי-משה,M,5
ענאק,F,5
ענבריה,F,5
תירי,M,5
תיקווה,F,5
אוויה,F,5
אוהליה,F,5
אוחניה,F,5
אהונם,M,5
אהוד-יהודה,M,5
אהרנה,F,5
אהרן-רון,M,5
אהני,M,5
אובו,M,5
אוגוסטין,M,5
אוגול,F,5
אוג'יני,F,5
אובסיי,M,5
אודו,M,5
אוד,F,5
אוגניו,M,5
אוהדי,M,5
אוהד-יהודה,M,5
אודם,M,5
ערובא,F,5
עשהאל,F,5
ערן-אהרון,M,5
ענבלי,F,5
ענבל-רחל,F,5
פלין,F,5
פלייר,F,5
פלורנץ,F,5
עניתה,F,5
עסאלה,F,5
עפאן,M,5
פלורן,M,5
אדסיה,F,5
אדנקוש,F,5
אדנק,F,5
אהבתיה,F,5
אדורדו,M,5
אדוניהו,M,5
אדום,F,5
אדוינה,F,5
תמורי,M,5
תמהיד,F,5
אדייטו,F,5
אדייאן,F,5
אדיניה,M,5
אדלאו,M,5
אדמא,F,5
פלוריט,F,5
עצמאות,F,5
עפרא,F,5
עקביא,M,5
עראד,M,5
אגנצ'ה,F,5
אגניו,F,5
אגניהוש,F,5
פלגה,F,5
עשורה,F,5
פאגר,M,5
פאאקה,F,5
פאוול,M,5
אדגה,M,5
אדגארדו,M,5
אדבבאי,M,5
אדאמו,M,5
אדאורדו,M,5
אדוויג',F,5
אדואן,M,5
אדורה,F,5
אברהם-רמי,M,5
אברהם-צבי,M,5
אבתיאל,F,5
אבררוו,M,5
אברמינו,M,5
אג'יאד,F,5
אג'ה,F,5
אבתסאל,F,5
תנוך,M,5
תנהיד,F,5
תמרין,F,5
אגואד,M,5
אגדס,F,5
אגאי,M,5
אג'יד,M,5
אגנאדין,F,5
פדיא,F,5
פהדי,F,5
פלבי,F,5
פלאית,F,5
פל,M,5
פכרת,F,5
פאטין,F,5
פאיידה,F,5
פאש,M,5
פכר,M,5
אברהם-אלברט,M,5
אברהיט,F,5
אבראראו,M,5
אברמי,M,5
אברו,M,5
אברהת,F,5
פיולית,F,5
אאוגן,M,5
אאלאא,F,5
תריד,F,5
אבור,F,5
אבולי,M,5
אבי-רן,M,5
אביטלי,F,5
אביטוב,M,5
אביטה,F,5
פטיגה,F,5
פטחיה,F,5
פיניקס,M,5
פיני-פנחס,M,5
פינו,M,5
פטנו,F,5
תריק,F,5
אבביהו,F,5
אבבי,F,5
אבאל,M,5
אבדאללה,M,5
אבגוסטה,F,5
אבגה,F,5
אבגדור,M,5
אבוהאיי,M,5
אבואלגסים,M,5
אבדול,M,5
אבטץ',F,5
פינאר,F,5
פילקס,M,5
פיטיגו,M,5
פיטאם,F,5
