name,sex,sector,total
מוחמד,M,Muslim,129792
דוד,M,Jewish,97218
יוסף,M,Jewish,81906
משה,M,Jewish,78676
אברהם,M,Jewish,70846
יעקב,M,Jewish,65203
דניאל,M,Jewish,61351
שרה,F,Jewish,60712
אסתר,F,Jewish,59404
יצחק,M,Jewish,59198
רחל,F,Jewish,59083
יעל,F,Jewish,53269
נועה,F,Jewish,52967
מיכאל,M,Jewish,52531
מיכל,F,Jewish,50148
אחמד,M,Muslim,49326
אורי,M,Jewish,47687
תמר,F,Jewish,46807
חנה,F,Jewish,46597
מרים,F,Jewish,46001
חיים,M,Jewish,45212
מאיה,F,Jewish,44003
נועם,M,Jewish,42506
רבקה,F,Jewish,42314
ישראל,M,Jewish,41899
שירה,F,Jewish,40836
שלמה,M,Jewish,40824
יהודה,M,Jewish,40061
איתי,M,Jewish,40054
שמואל,M,Jewish,37625
אריאל,M,Jewish,37350
שמעון,M,Jewish,36481
מאיר,M,Jewish,33969
אליהו,M,Jewish,33301
עדי,F,Jewish,32381
מרדכי,M,Jewish,31755
יהונתן,M,Jewish,31381
יונתן,M,Jewish,30957
רפאל,M,Jewish,30570
אהרון,M,Jewish,30183
חיה,F,Jewish,29901
גיא,M,Jewish,29758
איתן,M,Jewish,29501
רות,F,Jewish,28751
רועי,M,Jewish,28673
לאה,F,Jewish,27989
אלכסנדר,M,Jewish,27893
יאיר,M,Jewish,27382
עידו,M,Jewish,27041
טליה,F,Jewish,26934
אלון,M,Jewish,26628
הילה,F,Jewish,26527
אלה,F,Jewish,26407
איילה,F,Jewish,26130
עמית,M,Jewish,26066
אביגיל,F,Jewish,25907
שי,M,Jewish,25878
עומר,M,Jewish,25686
עבד,M,Muslim,24695
מחמוד,M,Muslim,24558
ליאור,M,Jewish,24519
בנימין,M,Jewish,24284
יובל,M,Jewish,23087
אייל,M,Jewish,23016
רוני,F,Jewish,22928
אפרת,F,Jewish,22726
יוסף,M,Muslim,22690
יהודית,F,Jewish,22659
נתנאל,M,Jewish,22325
אסף,M,Jewish,21705
בן,M,Jewish,21560
איתמר,M,Jewish,21534
מעיין,F,Jewish,21338
עלי,M,Muslim,21238
שושנה,F,Jewish,21100
הודיה,F,Jewish,21079
אור,M,Jewish,20649
תומר,M,Jewish,20503
עידן,M,Jewish,20159
נעמי,F,Jewish,19844
שני,F,Jewish,19795
עומר,M,Muslim,19671
מלכה,F,Jewish,19600
מנחם,M,Jewish,19576
אבראהים,M,Muslim,19527
דבורה,F,Jewish,19014
טל,M,Jewish,18996
קרן,F,Jewish,18405
עדן,F,Jewish,18005
טל,F,Jewish,17945
יובל,F,Jewish,17507
ענת,F,Jewish,17403
יואב,M,Jewish,17141
צבי,M,Jewish,17051
רון,M,Jewish,17020
נדב,M,Jewish,16702
שלום,M,Jewish,16701
הדר,F,Jewish,16675
מרים,F,Muslim,16662
ניר,M,Jewish,16490
שיר,F,Jewish,16400
פאטמה,F,Muslim,16346
תהילה,F,Jewish,16208
מתן,M,Jewish,16125
שחר,M,Jewish,16075
אריה,M,Jewish,16069
אילן,M,Jewish,15948
נעמה,F,Jewish,15681
נתן,M,Jewish,15633
דנה,F,Jewish,15600
אנה,F,Jewish,15542
אדל,F,Jewish,15443
ליה,F,Jewish,15417
אילנה,F,Jewish,15347
נויה,F,Jewish,15250
לביא,M,Jewish,15234
הדס,F,Jewish,15176
צפורה,F,Jewish,15068
אליה,M,Jewish,15017
אורן,M,Jewish,14834
מאור,M,Jewish,14745
אמיר,M,Jewish,14702
דן,M,Jewish,14638
אדם,M,Muslim,14630
עומרי,M,Jewish,14506
אלעד,M,Jewish,14497
אורית,F,Jewish,14414
גבריאל,M,Jewish,14351
אורלי,F,Jewish,14158
הראל,M,Jewish,14120
יניב,M,Jewish,14007
אופיר,M,Jewish,13958
נטע,F,Jewish,13916
אדם,M,Jewish,13769
שרון,F,Jewish,13704
נגה,F,Jewish,13684
אמיר,M,Muslim,13678
אלי,M,Jewish,13638
חן,F,Jewish,13450
מירב,F,Jewish,13326
ח'אלד,M,Muslim,13307
דניאל,F,Jewish,13235
אביב,M,Jewish,13209
רונית,F,Jewish,13142
ליאת,F,Jewish,13141
אירינה,F,Jewish,13075
רומי,F,Jewish,13030
גל,M,Jewish,12968
נועם,F,Jewish,12863
ישי,M,Jewish,12773
עמית,F,Jewish,12674
יפה,F,Jewish,12654
רותם,F,Jewish,12634
גיל,M,Jewish,12325
עופר,M,Jewish,12320
הדסה,F,Jewish,12285
נהוראי,M,Jewish,12236
אגם,F,Jewish,12217
ניסים,M,Jewish,12134
ילנה,F,Jewish,12020
נטלי,F,Jewish,11791
יהושע,M,Jewish,11693
אור,F,Jewish,11621
מוריה,F,Jewish,11611
שולמית,F,Jewish,11600
אבי,M,Jewish,11552
נחמה,F,Jewish,11495
אריאל,F,Jewish,11443
ראובן,M,Jewish,11425
שחר,F,Jewish,11405
ברכה,F,Jewish,11351
אשר,M,Jewish,11307
פנחס,M,Jewish,11294
מיטל,F,Jewish,11286
מזל,F,Jewish,11250
דינה,F,Jewish,11191
דור,M,Jewish,11112
ארי,M,Jewish,11101
אליעזר,M,Jewish,11039
ליאור,F,Jewish,10964
רונן,M,Jewish,10886
איריס,F,Jewish,10874
אביטל,F,Jewish,10668
מרינה,F,Jewish,10661
גלית,F,Jewish,10661
ליאן,F,Jewish,10639
ערן,M,Jewish,10639
ספיר,F,Jewish,10611
מורן,F,Jewish,10586
שקד,F,Jewish,10567
עילאי,M,Jewish,10487
סיון,F,Jewish,10467
ארז,M,Jewish,10434
עלמה,F,Jewish,10422
רעות,F,Jewish,10404
דורון,M,Jewish,10399
חוה,F,Jewish,10315
בוריס,M,Jewish,10255
מלאק,F,Muslim,10217
ירון,M,Jewish,10206
אוריה,F,Jewish,10183
לימור,F,Jewish,10147
ברוך,M,Jewish,10055
פנינה,F,Jewish,10018
אלישבע,F,Jewish,9993
גלעד,M,Jewish,9989
דליה,F,Jewish,9860
אפרים,M,Jewish,9769
ליאם,M,Jewish,9764
תהל,F,Jewish,9763
איה,F,Muslim,9761
רן,M,Jewish,9756
ליאל,F,Jewish,9742
ליבי,F,Jewish,9732
מאי,F,Jewish,9626
שרית,F,Jewish,9554
גאיה,F,Jewish,9541
טלי,F,Jewish,9521
אמה,F,Jewish,9503
נור,F,Muslim,9489
בתיה,F,Jewish,9457
דניאלה,F,Jewish,9360
חסן,M,Muslim,9303
גל,F,Jewish,9252
חגית,F,Jewish,9245
מור,F,Jewish,9238
אוריאל,M,Jewish,9226
ענבל,F,Jewish,9212
איגור,M,Jewish,9050
הלל,F,Jewish,9049
עליזה,F,Jewish,8939
מיקה,F,Jewish,8833
ורד,F,Jewish,8799
אופק,M,Jewish,8741
אמל,F,Muslim,8723
זיו,M,Jewish,8645
יגאל,M,Jewish,8635
שירן,F,Jewish,8632
מוסטפא,M,Muslim,8533
עבדאללה,M,Muslim,8526
לירון,F,Jewish,8521
יסמין,F,Muslim,8487
יואל,M,Jewish,8423
שלי,F,Jewish,8420
אימאן,F,Muslim,8417
יהלי,F,Jewish,8400
אורטל,F,Jewish,8394
בר,F,Jewish,8376
אורי,F,Jewish,8350
ניתאי,M,Jewish,8335
בר,M,Jewish,8333
דביר,M,Jewish,8323
ולדימיר,M,Jewish,8192
אולגה,F,Jewish,8155
סבטלנה,F,Jewish,8152
טובה,F,Jewish,8127
ירדן,F,Jewish,8094
לינוי,F,Jewish,8068
שי,F,Jewish,8050
זהבה,F,Jewish,8014
רויטל,F,Jewish,8003
נורית,F,Jewish,8001
דרור,M,Jewish,7966
אבישג,F,Jewish,7952
עדי,M,Jewish,7950
טטיאנה,F,Jewish,7948
בת שבע,F,Jewish,7932
דמיטרי,M,Jewish,7895
אביתר,M,Jewish,7891
הלל,M,Jewish,7784
גילה,F,Jewish,7768
ענבר,F,Jewish,7767
רינה,F,Jewish,7699
אופיר,F,Jewish,7697
נטליה,F,Jewish,7671
זוהר,F,Jewish,7662
סולימאן,M,Muslim,7657
טוהר,F,Jewish,7645
איילת,F,Jewish,7640
אלחנן,M,Jewish,7636
יחיאל,M,Jewish,7611
אוהד,M,Jewish,7607
נופר,F,Jewish,7591
עופרי,F,Jewish,7537
יבגני,M,Jewish,7508
ציון,M,Jewish,7452
סופיה,F,Jewish,7417
נוי,F,Jewish,7408
אלעזר,M,Jewish,7386
מרק,M,Jewish,7383
דפנה,F,Jewish,7377
אביה,F,Jewish,7357
שגיא,M,Jewish,7329
דורית,F,Jewish,7319
ויקטוריה,F,Jewish,7301
יחזקאל,M,Jewish,7301
שרון,M,Jewish,7248
אוראל,M,Jewish,7238
רוני,M,Jewish,7225
לאוניד,M,Jewish,7198
נחמן,M,Jewish,7155
שאול,M,Jewish,7142
יוליה,F,Jewish,7133
אדיר,M,Jewish,7115
סאלח,M,Muslim,7108
ליטל,F,Jewish,7089
ירין,M,Jewish,7078
ינון,M,Jewish,7066
זאב,M,Jewish,7027
אליה,F,Jewish,6929
לילך,F,Jewish,6867
חוסין,M,Muslim,6845
שיראל,F,Jewish,6811
כפיר,M,Jewish,6781
ינאי,M,Jewish,6780
אמילי,F,Jewish,6771
יורם,M,Jewish,6757
תמיר,M,Jewish,6742
ליאן,F,Muslim,6735
עומר,F,Jewish,6731
אבישי,M,Jewish,6709
אלירן,M,Jewish,6655
נפתלי,M,Jewish,6645
אביאל,M,Jewish,6643
אביבה,F,Jewish,6628
יוסי,M,Jewish,6620
אורנה,F,Jewish,6569
בועז,M,Jewish,6546
שמחה,F,Jewish,6509
עודד,M,Jewish,6502
גפן,F,Jewish,6497
יותם,M,Jewish,6484
גילי,F,Jewish,6422
ברק,M,Jewish,6405
תום,M,Jewish,6401
סימה,F,Jewish,6317
מוסא,M,Muslim,6301
יפעת,F,Jewish,6293
ניב,M,Jewish,6291
רותם,M,Jewish,6287
חלא,F,Muslim,6279
דב,M,Jewish,6260
עינת,F,Jewish,6214
עוז,M,Jewish,6174
גלי,F,Jewish,6106
סיגל,F,Jewish,6102
רז,M,Jewish,6082
לירן,M,Jewish,6067
ג'נא,F,Muslim,6038
אימרי,M,Jewish,6029
ליאורה,F,Jewish,6014
נריה,M,Jewish,6006
שי-לי,F,Jewish,5938
יורי,M,Jewish,5927
אמנה,F,Muslim,5915
יוכבד,F,Jewish,5901
עלאא,M,Muslim,5860
שירלי,F,Jewish,5854
מריה,F,Jewish,5832
שלומית,F,Jewish,5827
אורה,F,Jewish,5776
חן,M,Jewish,5770
לין,F,Muslim,5745
היבא,F,Muslim,5744
חנאן,F,Muslim,5735
זוהר,M,Jewish,5727
אושר,M,Jewish,5714
סעיד,M,Muslim,5692
יהלי,M,Jewish,5651
רום,M,Jewish,5640
סמדר,F,Jewish,5635
אהוד,M,Jewish,5563
שירי,F,Jewish,5554
אלמוג,M,Jewish,5552
רינת,F,Jewish,5537
נאוה,F,Jewish,5536
אלאא,F,Muslim,5529
ניצן,F,Jewish,5529
בניה,M,Jewish,5522
אסיל,F,Muslim,5486
בת אל,F,Jewish,5454
עמנואל,M,Jewish,5415
איליה,M,Jewish,5388
חמזה,M,Muslim,5386
שילת,F,Jewish,5380
אירית,F,Jewish,5370
ידידיה,M,Jewish,5368
אינה,F,Jewish,5366
ליהי,F,Jewish,5355
אבנר,M,Jewish,5346
מונא,F,Muslim,5342
סרגיי,M,Jewish,5329
נוה,M,Jewish,5328
אלינור,F,Jewish,5327
שלומי,M,Jewish,5325
אתי,F,Jewish,5320
אמיתי,M,Jewish,5317
ויקטור,M,Jewish,5288
יזן,M,Muslim,5218
לוי,M,Jewish,5209
חגי,M,Jewish,5202
עמוס,M,Jewish,5192
אילנית,F,Jewish,5192
שהד,F,Muslim,5183
דיאנה,F,Jewish,5152
אביב,F,Jewish,5151
מג'ד,M,Muslim,5141
רים,F,Muslim,5139
ג'מאל,M,Muslim,5137
בלה,F,Jewish,5136
אסנת,F,Jewish,5135
נבו,M,Jewish,5126
ח'ליל,M,Muslim,5103
יערה,F,Jewish,5103
יסמין,F,Jewish,5078
אביעד,M,Jewish,5075
כרם,M,Muslim,5064
נאור,M,Jewish,5058
רומן,M,Jewish,5049
שילה,M,Jewish,5028
שמחה,M,Jewish,5006
שאם,F,Muslim,4994
סארה,F,Muslim,4992
גלינה,F,Jewish,4937
רמי,M,Jewish,4930
אלונה,F,Jewish,4922
עביר,F,Muslim,4909
צביה,F,Jewish,4896
עדן,F,Muslim,4896
אסמא,F,Muslim,4893
ירדן,M,Jewish,4889
אוריה,M,Jewish,4884
אביחי,M,Jewish,4865
תמרה,F,Jewish,4855
סתיו,F,Jewish,4843
עזרא,M,Jewish,4837
שקד,M,Jewish,4836
ניקול,F,Jewish,4829
אודליה,F,Jewish,4826
פיגא,F,Jewish,4810
לירון,M,Jewish,4791
אליאב,M,Jewish,4789
בלאל,M,Muslim,4756
סיגלית,F,Jewish,4755
רוי,M,Jewish,4737
יפית,F,Jewish,4732
וליד,M,Muslim,4720
עינב,F,Jewish,4711
יחיא,M,Muslim,4707
אמנון,M,Jewish,4704
אהובה,F,Jewish,4702
אולג,M,Jewish,4685
מעיין,M,Jewish,4655
בארי,M,Jewish,4655
יהב,M,Jewish,4651
דני,M,Jewish,4620
שלו,M,Jewish,4593
מקסים,M,Jewish,4582
מישל,F,Jewish,4572
רחמים,M,Jewish,4565
לריסה,F,Jewish,4563
זינב,F,Muslim,4530
סהר,M,Jewish,4519
לי,F,Jewish,4488
אדוארד,M,Jewish,4487
אילת,F,Jewish,4465
אריק,M,Jewish,4462
אורין,F,Jewish,4458
אלכסנדרה,F,Jewish,4450
אלברט,M,Jewish,4434
אריאלה,F,Jewish,4411
אדוה,F,Jewish,4402
אלין,F,Jewish,4394
עילי,M,Jewish,4383
עדן,M,Jewish,4382
חנין,F,Muslim,4375
שפרה,F,Jewish,4362
ראמי,M,Muslim,4359
סאמי,M,Muslim,4357
עימאד,M,Muslim,4335
קארין,F,Jewish,4322
גליה,F,Jewish,4315
ליעד,M,Jewish,4314
גדעון,M,Jewish,4251
אימאן,M,Muslim,4242
מרגלית,F,Jewish,4221
מנאל,F,Muslim,4219
עדנה,F,Jewish,4208
שון,M,Jewish,4172
אלמה,F,Jewish,4163
שרה,F,Muslim,4155
אסראא,F,Muslim,4151
מירי,F,Jewish,4142
עאישה,F,Muslim,4110
פאדי,M,Muslim,4103
נינה,F,Jewish,4086
לילה,F,Muslim,4074
אלינה,F,Jewish,4056
תאיר,F,Jewish,4046
רחלי,F,Jewish,4042
הדיל,F,Muslim,4018
ליאב,M,Jewish,4014
ביאן,F,Muslim,3981
ארבל,F,Jewish,3981
קורל,F,Jewish,3973
לירז,F,Jewish,3973
כרים,M,Muslim,3972
מנשה,M,Jewish,3952
נחום,M,Jewish,3947
כרמל,F,Jewish,3944
עודאי,M,Muslim,3941
הודא,F,Muslim,3939
אמירה,F,Muslim,3936
נור,M,Muslim,3919
מלאכי,M,Jewish,3905
וופא,F,Muslim,3886
עדינה,F,Jewish,3884
הילי,F,Jewish,3884
אווה,F,Jewish,3880
טארק,M,Muslim,3880
גריגורי,M,Jewish,3869
אנס,M,Muslim,3867
אושרי,M,Jewish,3859
רהף,F,Muslim,3854
איליי,M,Jewish,3852
כמאל,M,Muslim,3841
יקיר,M,Jewish,3828
שאדי,M,Muslim,3823
שוהם,F,Jewish,3813
גד,M,Jewish,3813
סנא,F,Muslim,3812
גיטל,F,Jewish,3791
רואי,M,Jewish,3768
סמירה,F,Muslim,3732
שליו,M,Jewish,3731
אודל,F,Jewish,3711
מוראד,M,Muslim,3701
באסם,M,Muslim,3692
נילי,F,Jewish,3660
יבגניה,F,Jewish,3641
אלין,F,Muslim,3625
מריה,F,Muslim,3625
ג'וד,M,Muslim,3616
לידור,M,Jewish,3606
דריה,F,Jewish,3606
רונה,F,Jewish,3586
יוחאי,M,Jewish,3582
יסכה,F,Jewish,3572
חוסאם,M,Muslim,3569
מרווה,F,Muslim,3568
אמין,M,Muslim,3544
בת,F,Jewish,3538
ליאל,M,Jewish,3529
אלרואי,M,Jewish,3525
דועאא,F,Muslim,3504
זיו,F,Jewish,3499
נסרין,F,Muslim,3492
עמיחי,M,Jewish,3467
איאד,M,Muslim,3463
אוסאמה,M,Muslim,3459
זיאד,M,Muslim,3457
נמרוד,M,Jewish,3455
אוריאן,F,Jewish,3452
מירה,F,Jewish,3437
רותי,F,Jewish,3436
חנן,M,Jewish,3431
ראם,M,Jewish,3418
ספא,F,Muslim,3404
אנאל,F,Jewish,3404
באסל,M,Muslim,3394
רוית,F,Jewish,3378
סמיר,M,Muslim,3374
אליאור,M,Jewish,3369
שירין,F,Muslim,3368
עקיבא,M,Jewish,3361
שניאור,M,Jewish,3360
כרמלה,F,Jewish,3359
נאסר,M,Muslim,3357
זיוה,F,Jewish,3355
סמר,M,Muslim,3350
איאת,F,Muslim,3325
איה,F,Jewish,3324
זינה,F,Muslim,3322
ניצן,M,Jewish,3317
הללי,F,Jewish,3307
אלכסיי,M,Jewish,3298
ליהיא,F,Jewish,3295
רנא,F,Muslim,3291
מרגריטה,F,Jewish,3285
תאלא,F,Muslim,3284
שובל,F,Jewish,3282
ביסאן,F,Muslim,3275
עדנאן,M,Muslim,3269
איסמאיל,M,Muslim,3262
עאדל,M,Muslim,3250
דימא,F,Muslim,3236
וסים,M,Muslim,3231
צופיה,F,Jewish,3194
לב,M,Jewish,3189
אילון,M,Jewish,3188
רוזה,F,Jewish,3182
לינא,F,Muslim,3175
וסאם,M,Muslim,3173
כרמית,F,Jewish,3163
אשרף,M,Muslim,3159
פלג,M,Jewish,3158
ליאם,F,Jewish,3150
שרונה,F,Jewish,3149
מיכאלה,F,Jewish,3142
יגל,M,Jewish,3141
זיין,M,Muslim,3123
יולי,F,Jewish,3112
ג'ורי,F,Muslim,3104
עמאר,M,Muslim,3101
ארקדי,M,Jewish,3100
עובדיה,M,Jewish,3071
אחלאם,F,Muslim,3070
רננה,F,Jewish,3069
רוברט,M,Jewish,3035
לודמילה,F,Jewish,3030
לילי,F,Jewish,3021
נדין,F,Muslim,3016
קוסאי,M,Muslim,3010
פארס,M,Muslim,3006
מהדי,M,Muslim,3005
אושרת,F,Jewish,3001
פבל,M,Jewish,2997
הגר,F,Jewish,2991
נדא,F,Muslim,2989
נאדיה,F,Muslim,2976
דין,M,Jewish,2975
אלמוג,F,Jewish,2962
חדוה,F,Jewish,2958
מור,M,Jewish,2947
סאלם,M,Muslim,2933
ליאו,M,Jewish,2932
סלים,M,Muslim,2923
נורה,F,Muslim,2921
מלי,F,Jewish,2915
עאמר,M,Muslim,2913
אמאני,F,Muslim,2905
מוהנד,M,Muslim,2903
אמונה,F,Jewish,2902
קרין,F,Jewish,2902
שמשון,M,Jewish,2900
סלאח,M,Muslim,2900
מלאק,M,Muslim,2897
ריאן,M,Muslim,2893
סגא,F,Muslim,2878
אליס,F,Jewish,2876
רימא,F,Muslim,2861
בני,M,Jewish,2859
פולינה,F,Jewish,2853
עמרם,M,Jewish,2844
גולן,M,Jewish,2835
סמר,F,Muslim,2825
סמאח,F,Muslim,2824
צחי,M,Jewish,2822
מראם,F,Muslim,2819
מהא,F,Muslim,2809
פרידה,F,Jewish,2803
אלימלך,M,Jewish,2801
יפתח,M,Jewish,2797
אליאס,M,Christian-Arab,2795
מנאר,F,Muslim,2786
מרי,F,Jewish,2785
עליה,F,Muslim,2783
רואן,F,Muslim,2778
רוחמה,F,Jewish,2775
בראאה,F,Muslim,2770
מוטי,M,Jewish,2770
איהאם,M,Muslim,2768
אוסנת,F,Jewish,2763
יקטרינה,F,Jewish,2762
אדהם,M,Muslim,2761
יוחנן,M,Jewish,2760
תאמר,M,Muslim,2760
סער,M,Jewish,2757
אוראל,F,Jewish,2757
הרצל,M,Jewish,2748
מועתז,M,Muslim,2747
קאסם,M,Muslim,2740
תסנים,F,Muslim,2739
שימאא,F,Muslim,2736
סמיון,M,Jewish,2732
ראיד,M,Muslim,2727
עמליה,F,Jewish,2720
איהאב,M,Muslim,2720
סוזן,F,Jewish,2717
רנין,F,Muslim,2717
עירית,F,Jewish,2701
רגד,F,Muslim,2697
יאנה,F,Jewish,2695
הנא,F,Muslim,2695
סברין,F,Muslim,2686
מיאל,F,Jewish,2679
ריתאל,F,Muslim,2675
לורן,F,Jewish,2672
עיסא,M,Muslim,2668
גזל,F,Muslim,2666
אנטולי,M,Jewish,2663
גאולה,F,Jewish,2659
רם,M,Jewish,2653
ריף,M,Jewish,2649
פואד,M,Muslim,2648
ודים,M,Jewish,2643
יהל,F,Jewish,2642
אודיה,F,Jewish,2617
סילביה,F,Jewish,2611
עידית,F,Jewish,2610
ליודמילה,F,Jewish,2609
מיאר,F,Muslim,2601
רשא,F,Muslim,2594
יאסין,M,Muslim,2589
גנאדי,M,Jewish,2586
סועאד,F,Muslim,2570
מאהר,M,Muslim,2561
סיהאם,F,Muslim,2560
אלישע,M,Jewish,2555
אן,F,Jewish,2552
פיראס,M,Muslim,2550
האני,M,Muslim,2550
פרח,F,Muslim,2548
ויטלי,M,Jewish,2546
אלי,F,Jewish,2544
חנוך,M,Jewish,2541
לואי,M,Muslim,2536
רזאן,F,Muslim,2534
ג'ואד,M,Muslim,2533
כוכבה,F,Jewish,2531
סנד,M,Muslim,2519
עמנואל,F,Jewish,2513
ריטה,F,Jewish,2509
שרי,F,Jewish,2504
בלומה,F,Jewish,2503
ארבל,M,Jewish,2497
יוסרא,F,Muslim,2486
תאופיק,M,Muslim,2480
יוגב,M,Jewish,2479
לני,F,Jewish,2470
אלדד,M,Jewish,2469
דולב,M,Jewish,2462
ירין,F,Jewish,2456
תקוה,F,Jewish,2449
לירוי,M,Jewish,2445
מרואן,M,Muslim,2441
יאן,M,Jewish,2440
זייד,M,Muslim,2438
אמינה,F,Muslim,2437
סתיו,M,Jewish,2434
תמי,F,Jewish,2426
יאסר,M,Muslim,2426
יונה,F,Jewish,2425
אליאן,F,Jewish,2423
סימון,M,Jewish,2420
קובי,M,Jewish,2420
ורדה,F,Jewish,2419
ולרי,M,Jewish,2417
יונה,M,Jewish,2414
סחר,F,Muslim,2414
ניסן,M,Jewish,2412
טום,M,Jewish,2402
אמג'ד,M,Muslim,2396
מייס,F,Muslim,2392
הדר,M,Jewish,2390
ליליה,F,Jewish,2377
שניר,M,Jewish,2355
ג'יהאד,M,Muslim,2348
אופק,F,Jewish,2344
למא,F,Muslim,2343
אינס,F,Muslim,2335
רואה,F,Muslim,2332
ליב,F,Jewish,2329
סגלית,F,Jewish,2325
לין,F,Jewish,2323
יאמן,M,Muslim,2316
יארא,F,Muslim,2311
ראניה,F,Muslim,2311
קורן,M,Jewish,2295
אלן,M,Jewish,2290
עדיאל,M,Jewish,2287
דלאל,F,Muslim,2286
רעיה,F,Jewish,2282
אליזבט,F,Jewish,2277
נביל,M,Muslim,2276
רימאס,F,Muslim,2269
גבריאלה,F,Jewish,2265
עפרה,F,Jewish,2264
מוריס,M,Jewish,2263
רז,F,Jewish,2261
רני,M,Jewish,2260
גולדה,F,Jewish,2255
אנדריי,M,Jewish,2253
שיינא,F,Jewish,2252
ג'מיל,M,Muslim,2250
הישאם,M,Muslim,2249
שירז,F,Jewish,2245
דורין,F,Jewish,2242
רפי,M,Jewish,2240
אמיליה,F,Jewish,2237
יונס,M,Muslim,2236
נטע,M,Jewish,2234
סיף,M,Muslim,2234
ליבא,F,Jewish,2233
עמראן,M,Muslim,2232
מישל,M,Jewish,2231
אחיה,M,Jewish,2230
אלנה,F,Jewish,2228
בשאר,M,Muslim,2225
נואל,F,Muslim,2225
רהאם,F,Muslim,2223
מאי,F,Muslim,2215
ואיל,M,Muslim,2214
ציונה,F,Jewish,2211
ברוריה,F,Jewish,2206
אנסטסיה,F,Jewish,2204
צילה,F,Jewish,2204
גרשון,M,Jewish,2203
עופרה,F,Jewish,2201
אסלאם,F,Muslim,2188
לנא,F,Muslim,2188
נאיה,F,Jewish,2186
סילין,F,Muslim,2184
אושרית,F,Jewish,2182
רני,F,Jewish,2176
רון,F,Jewish,2176
ישעיהו,M,Jewish,2172
עטרה,F,Jewish,2171
ירדנה,F,Jewish,2171
חי,M,Jewish,2163
מירא,F,Muslim,2161
בצלאל,M,Jewish,2153
שוהם,M,Jewish,2149
ליזה,F,Jewish,2149
יריב,M,Jewish,2144
יעלה,F,Jewish,2141
עולא,F,Muslim,2141
לבנה,F,Jewish,2135
אבתיסאם,F,Muslim,2131
סלמא,F,Muslim,2131
אחינועם,F,Jewish,2128
חדיגה,F,Muslim,2126
נרמין,F,Muslim,2117
ריי,M,Jewish,2110
משי,F,Jewish,2105
הינדא,F,Jewish,2104
סואר,F,Muslim,2103
סטניסלב,M,Jewish,2101
מילה,F,Jewish,2100
דוניא,F,Muslim,2099
ורד,M,Muslim,2098
אביבית,F,Jewish,2094
ויאצ'סלב,M,Jewish,2089
ראיסה,F,Jewish,2083
נסים,M,Muslim,2081
יהל,M,Jewish,2080
למאר,F,Muslim,2076
פידא,F,Muslim,2075
ולדיסלב,M,Jewish,2075
חנניה,M,Jewish,2067
אלכס,M,Jewish,2066
היאם,F,Muslim,2065
ריאד,M,Muslim,2062
אנוור,F,Muslim,2056
עוזי,M,Jewish,2056
גיל,F,Jewish,2055
סולימאן,M,Druze,2054
עיסאם,M,Muslim,2053
רנה,F,Jewish,2049
חני,F,Jewish,2045
צליל,F,Jewish,2044
אבינועם,M,Jewish,2042
נידאל,M,Muslim,2040
אושר,F,Jewish,2040
אדר,M,Jewish,2039
אדר,F,Jewish,2037
קלרה,F,Jewish,2029
דניס,M,Jewish,2020
היית'ם,M,Muslim,2012
סונדוס,F,Muslim,2010
ים,M,Jewish,2010
אבירם,M,Jewish,2009
מאג'ד,M,Muslim,2007
סול,F,Jewish,2005
קייס,M,Muslim,2004
סירין,F,Muslim,2004
ניצה,F,Jewish,2003
יפים,M,Jewish,2002
דקלה,F,Jewish,1998
ניב,F,Jewish,1993
מילא,F,Muslim,1992
דינא,F,Muslim,1984
מוניר,M,Muslim,1980
איוב,M,Muslim,1979
עופרי,M,Jewish,1970
נירית,F,Jewish,1969
סוהא,F,Muslim,1969
סוניה,F,Jewish,1968
בהאא,M,Muslim,1966
ליובוב,F,Jewish,1957
נאדר,M,Muslim,1951
מיראל,F,Muslim,1947
דלית,F,Jewish,1934
מיתר,F,Jewish,1930
אכרם,M,Muslim,1926
עמי,M,Jewish,1923
צור,M,Jewish,1911
יוני,M,Jewish,1911
הלן,F,Jewish,1911
נח,M,Jewish,1908
לינדה,F,Jewish,1906
טוביה,M,Jewish,1906
לידיה,F,Jewish,1904
תאלין,F,Muslim,1899
גידאא,F,Muslim,1896
ארתור,M,Jewish,1894
לאון,M,Jewish,1892
נלי,F,Jewish,1891
שגית,F,Jewish,1889
ימית,F,Jewish,1889
פליקס,M,Jewish,1888
עוביידה,M,Muslim,1886
דיקלה,F,Jewish,1883
ענהאל,F,Jewish,1876
סוזאן,F,Muslim,1875
סמא,F,Muslim,1861
ששון,M,Jewish,1849
מאור,F,Jewish,1838
ערין,F,Muslim,1836
לירי,F,Jewish,1833
פאינה,F,Jewish,1824
עומרי,M,Muslim,1823
רביע,M,Muslim,1822
אבשלום,M,Jewish,1820
אריג',F,Muslim,1818
רגינה,F,Jewish,1814
רולא,F,Muslim,1809
יהב,F,Jewish,1804
עאידה,F,Muslim,1801
עברי,M,Jewish,1796
עז,M,Muslim,1795
ריקי,F,Jewish,1789
עאטף,M,Muslim,1787
יוסף,M,Christian-Arab,1786
סנדרה,F,Jewish,1785
עמיר,M,Jewish,1779
תולין,F,Muslim,1771
שמס,F,Muslim,1760
הילל,M,Jewish,1755
קונסטנטין,M,Jewish,1745
מירית,F,Jewish,1743
סלאם,F,Muslim,1741
זכריא,M,Muslim,1739
רחמה,F,Muslim,1739
סהר,F,Jewish,1736
עפאף,F,Muslim,1735
פני,F,Jewish,1722
רפיף,F,Muslim,1696
ורה,F,Jewish,1694
מג'די,M,Muslim,1674
ים,F,Jewish,1673
ארנון,M,Jewish,1671
סלומון,M,Jewish,1670
דנית,F,Jewish,1664
קמר,F,Muslim,1660
פתחיה,F,Muslim,1655
אמרי,M,Jewish,1651
ליאון,M,Jewish,1650
ישעיה,M,Jewish,1646
שחף,M,Jewish,1646
אנוור,M,Muslim,1645
נעמה,F,Muslim,1642
גפן,M,Jewish,1642
איציק,M,Jewish,1638
סילא,F,Muslim,1638
אליענה,F,Jewish,1630
מאירה,F,Jewish,1628
גדי,M,Jewish,1626
אלהאם,F,Muslim,1624
סמי,M,Jewish,1624
מואמן,M,Muslim,1615
מריאנה,F,Jewish,1614
עתי,M,Jewish,1613
רובה,F,Muslim,1612
דותן,M,Jewish,1610
יששכר,M,Jewish,1609
סאמיה,F,Muslim,1606
שגב,M,Jewish,1605
סופי,F,Jewish,1604
נאיף,M,Muslim,1604
אמיר,M,Druze,1603
דקל,M,Jewish,1599
ולריה,F,Jewish,1598
נחמיה,M,Jewish,1597
תמאם,F,Muslim,1597
שריף,M,Muslim,1596
שחף,F,Jewish,1592
ליליאן,F,Jewish,1589
יונית,F,Jewish,1588
תפארת,F,Jewish,1587
אנדרי,M,Jewish,1583
עות'מאן,M,Muslim,1573
דיאנה,F,Muslim,1571
לני,M,Jewish,1568
דגנית,F,Jewish,1567
איימי,F,Jewish,1564
אליסה,F,Jewish,1561
קים,F,Jewish,1560
אסלאם,M,Muslim,1559
האדי,M,Muslim,1556
גדיר,F,Muslim,1551
לוטם,F,Jewish,1548
ליאה,F,Jewish,1547
ורוניקה,F,Jewish,1543
כנרת,F,Jewish,1540
פאיז,M,Muslim,1538
אלדר,M,Jewish,1538
אלמא,F,Muslim,1537
שיינדל,F,Jewish,1534
שבתאי,M,Jewish,1531
לובנה,F,Muslim,1530
נוהא,F,Muslim,1530
דאוד,M,Muslim,1528
ג'ורג',M,Christian-Arab,1528
מינה,F,Jewish,1524
מייסון,F,Muslim,1523
סימונה,F,Jewish,1519
דאניה,F,Muslim,1517
רימה,F,Jewish,1515
איטה,F,Jewish,1513
בכר,M,Muslim,1512
זואי,F,Jewish,1510
אמי,F,Jewish,1509
פיליפ,M,Jewish,1503
ריאן,F,Muslim,1503
רייזל,F,Jewish,1498
האלה,F,Muslim,1496
סימי,F,Jewish,1488
ג'מילה,F,Muslim,1486
אילין,F,Muslim,1484
חמד,M,Muslim,1483
קורין,F,Jewish,1483
ראמא,F,Muslim,1483
לינור,F,Jewish,1482
נימר,M,Muslim,1480
מרח,F,Muslim,1472
מורן,M,Jewish,1470
נירה,F,Jewish,1467
כרמל,M,Jewish,1463
גמילה,F,Muslim,1461
ליית,M,Muslim,1461
ג'אד,M,Muslim,1458
ליבנת,F,Jewish,1457
מתתיהו,M,Jewish,1457
אידה,F,Jewish,1456
ענאן,M,Muslim,1455
אראל,M,Jewish,1454
בושרא,F,Muslim,1454
אמיל,M,Jewish,1452
סטלה,F,Jewish,1450
פתחי,M,Muslim,1448
שגיב,M,Jewish,1447
בילא,F,Jewish,1447
תגריד,F,Muslim,1437
סלאמה,M,Muslim,1437
גורי,F,Muslim,1436
קטי,F,Jewish,1430
קרינה,F,Jewish,1428
הניה,F,Jewish,1424
מיכה,M,Jewish,1421
זהבית,F,Jewish,1419
אסיה,F,Jewish,1415
יוסף,M,Druze,1412
זינאידה,F,Jewish,1411
גור,M,Jewish,1411
מתנאל,M,Jewish,1409
יקותיאל,M,Jewish,1406
פאדי,M,Christian-Arab,1406
שורוק,F,Muslim,1403
יעקוב,M,Muslim,1403
מתניה,M,Jewish,1401
ריף,F,Jewish,1399
מנוחה,F,Jewish,1398
אדם,M,Druze,1395
חננאל,M,Jewish,1393
עדה,F,Jewish,1393
טומי,M,Jewish,1391
היא,F,Muslim,1384
בטי,F,Jewish,1378
מועתסם,M,Muslim,1376
אלקנה,M,Jewish,1375
דארין,F,Muslim,1374
שמרית,F,Jewish,1374
אביגדור,M,Jewish,1374
ולנטינה,F,Jewish,1364
סטיבן,M,Jewish,1361
בת חן,F,Jewish,1360
אוקסנה,F,Jewish,1358
הלנה,F,Jewish,1357
שדא,F,Muslim,1356
בניהו,M,Jewish,1350
חאתם,M,Muslim,1349
מאסה,F,Muslim,1348
מרסל,F,Jewish,1338
טאהא,M,Muslim,1336
הנאדי,F,Muslim,1335
יזיד,M,Muslim,1335
גבע,M,Jewish,1332
שולה,F,Jewish,1331
סאלי,F,Muslim,1331
פאיזה,F,Muslim,1326
ליז,F,Jewish,1324
אנטון,M,Jewish,1324
ודיע,M,Muslim,1322
לירן,F,Jewish,1322
רוואן,F,Muslim,1321
אורון,M,Jewish,1320
פזית,F,Jewish,1320
גוד,M,Muslim,1313
נעים,M,Muslim,1311
דור,F,Jewish,1311
מילי,F,Jewish,1308
ותין,F,Muslim,1307
ניזאר,M,Muslim,1304
סובחי,M,Muslim,1300
חופית,F,Jewish,1299
אורנית,F,Jewish,1299
ג'לאל,M,Muslim,1298
תיים,M,Muslim,1293
זויה,F,Jewish,1289
יוטא,F,Jewish,1289
רזיאל,M,Jewish,1287
תייסיר,M,Muslim,1286
ניקולאי,M,Jewish,1286
אליאס,M,Muslim,1284
דנה,F,Muslim,1283
ז'אנה,F,Jewish,1282
אליעד,M,Jewish,1279
מסק,F,Muslim,1274
טוהר,M,Jewish,1274
עזריאל,M,Jewish,1270
חלימה,F,Muslim,1267
פערל,F,Jewish,1262
סימה,F,Muslim,1261
אמיר,M,Christian-Arab,1260
מייקל,M,Jewish,1258
סוג'וד,F,Muslim,1257
תום,F,Jewish,1254
לייה,F,Jewish,1253
תרצה,F,Jewish,1253
זכריה,M,Jewish,1250
למיס,F,Muslim,1248
רביד,M,Jewish,1242
מילנה,F,Jewish,1239
ניבין,F,Muslim,1233
חלי,F,Jewish,1229
פריד,M,Muslim,1229
דוחא,F,Muslim,1227
נאיא,F,Muslim,1225
מקס,M,Jewish,1222
לאורה,F,Jewish,1219
סבאח,F,Muslim,1218
אווס,M,Muslim,1216
ויקי,F,Jewish,1216
סמואל,M,Jewish,1210
ניל,M,Jewish,1204
רסמיה,F,Muslim,1203
ג'ני,F,Jewish,1202
שאדיה,F,Muslim,1200
דליה,F,Muslim,1199
ג'סיקה,F,Jewish,1197
אודי,M,Jewish,1194
סומיה,F,Muslim,1194
סיראג',M,Muslim,1192
חיאת,F,Muslim,1190
אסתי,F,Jewish,1188
גיורא,M,Jewish,1186
אסעד,M,Muslim,1186
האשם,M,Muslim,1186
דורון,F,Jewish,1185
שרגא,M,Jewish,1184
רמזי,M,Muslim,1183
גבי,M,Jewish,1182
ראידה,F,Muslim,1178
שייה,F,Jewish,1178
אביהו,M,Jewish,1177
אופירה,F,Jewish,1177
סדין,F,Muslim,1172
בסמה,F,Muslim,1172
ליאנה,F,Jewish,1166
דיאא,M,Muslim,1165
סוהיר,F,Muslim,1163
אורן,F,Jewish,1163
סולטאן,M,Muslim,1161
פז,F,Jewish,1159
אפיק,M,Jewish,1158
ליעד,F,Jewish,1158
ישראלה,F,Jewish,1158
ח'דר,M,Muslim,1157
אלישיב,M,Jewish,1155
אנט,F,Jewish,1155
סמאהר,F,Muslim,1154
בדר,M,Muslim,1152
רענן,M,Jewish,1152
איב,F,Jewish,1142
פריאל,F,Jewish,1141
סובחיה,F,Muslim,1140
מוניקה,F,Jewish,1140
עדיה,F,Jewish,1138
דורה,F,Jewish,1137
אריאה,F,Jewish,1135
נגם,F,Muslim,1133
מועאד',M,Muslim,1131
יקין,F,Muslim,1129
אלכס,F,Jewish,1128
ברי,M,Jewish,1128
חנא,M,Christian-Arab,1127
תהלה,F,Jewish,1125
אסמהאן,F,Muslim,1123
אופל,F,Jewish,1123
ויויאן,F,Jewish,1118
עיד,M,Muslim,1116
מריה,F,Christian-Arab,1116
תהאני,F,Muslim,1115
רעי,M,Jewish,1114
עירן,M,Jewish,1114
סולומון,M,Jewish,1112
ולאא,F,Muslim,1111
פאתן,F,Muslim,1111
זוהיר,M,Muslim,1107
סלמה,F,Muslim,1105
פאתנה,F,Muslim,1101
בראאה,M,Muslim,1101
סלוא,F,Muslim,1101
תבל,F,Jewish,1098
ארטיום,M,Jewish,1096
אושרה,F,Jewish,1096
זהרה,F,Muslim,1091
צח,M,Jewish,1088
מאמון,M,Muslim,1088
איזבלה,F,Jewish,1087
אליזבטה,F,Jewish,1083
ריתאג',F,Muslim,1083
אורין,M,Jewish,1082
לינה,F,Jewish,1080
טניה,F,Jewish,1080
מואייד,M,Muslim,1079
הנד,F,Muslim,1071
רוסלן,M,Jewish,1068
סוהייב,M,Muslim,1066
ברטה,F,Jewish,1065
מאזן,M,Muslim,1061
מעוז,M,Jewish,1057
יניר,M,Jewish,1054
סטפני,F,Jewish,1052
ענבר,M,Jewish,1046
ראפת,M,Muslim,1046
לובוב,F,Jewish,1046
סבא,F,Muslim,1046
רוקיה,F,Muslim,1045
סאוסן,F,Muslim,1043
ארד,M,Jewish,1040
הוד,M,Jewish,1038
עזיזה,F,Muslim,1036
נדז'דה,F,Jewish,1034
סוזי,F,Jewish,1033
לארא,F,Muslim,1027
מרטין,M,Jewish,1027
סיני,M,Jewish,1027
נגאח,F,Muslim,1027
יליזבטה,F,Jewish,1027
רביד,F,Jewish,1026
כאמלה,F,Muslim,1024
חביבה,F,Jewish,1023
אבלין,F,Jewish,1020
אינסה,F,Jewish,1014
דורי,M,Jewish,1012
שימרית,F,Jewish,1010
ציפי,F,Jewish,1009
גוני,F,Jewish,1008
פריאל,F,Muslim,1008
סאלח,M,Druze,1008
אבירן,M,Jewish,1008
פהד,M,Muslim,1005
מוריאל,F,Jewish,1005
רנדה,F,Muslim,1004
חמאדה,F,Muslim,1003
אליסף,M,Jewish,1002
פסיה,F,Jewish,1000
עווד,M,Muslim,999
אילול,F,Muslim,995
קרני,F,Jewish,993
הנרי,M,Jewish,989
חתאם,F,Muslim,985
בלהה,F,Jewish,984
מרום,M,Jewish,983
אילי,M,Jewish,981
איתיאל,M,Jewish,981
לורה,F,Jewish,979
ברברה,F,Jewish,978
בתאל,F,Jewish,978
רנים,F,Muslim,974
שיר,M,Jewish,972
נאי,F,Muslim,972
אפק,M,Jewish,970
נאיפה,F,Muslim,970
נבילה,F,Muslim,966
עמרו,M,Muslim,966
באסמה,F,Muslim,964
גאורגי,M,Jewish,962
מונד'ר,M,Muslim,960
אילונה,F,Jewish,958
עמירם,M,Jewish,954
רואיה,F,Muslim,953
מירון,M,Jewish,952
עדית,F,Jewish,951
נג'אח,F,Muslim,951
גסאן,M,Muslim,949
טופז,F,Jewish,946
עודה,M,Muslim,946
גנדי,M,Jewish,945
פאני,F,Jewish,945
ליעם,M,Jewish,944
ריבה,F,Jewish,943
מאיה,F,Muslim,943
ימאן,M,Muslim,939
נדיה,F,Jewish,937
אדי,M,Jewish,936
ג'רמי,M,Jewish,934
נעימה,F,Muslim,933
הלאל,M,Muslim,931
לארין,F,Muslim,930
סאהר,M,Muslim,929
ליסה,F,Jewish,929
שיה,F,Jewish,928
גילי,M,Jewish,925
חור,F,Muslim,921
לור,F,Muslim,920
אפנאן,F,Muslim,919
סבחה,F,Muslim,914
אניטה,F,Jewish,914
אמל,F,Christian-Arab,911
מייסם,F,Muslim,908
אלרועי,M,Jewish,906
צדוק,M,Jewish,906
זקלין,F,Jewish,905
ניקיטה,M,Jewish,904
שרבל,M,Christian-Arab,901
אסי,M,Jewish,898
פרלה,F,Jewish,897
גיטה,F,Jewish,895
לידור,F,Jewish,895
קיריל,M,Jewish,894
סבינה,F,Jewish,894
אליאס,M,Jewish,893
סמיח,M,Muslim,892
ג'ניפר,F,Jewish,892
לטיפה,F,Muslim,892
תימאא,F,Muslim,891
צוריאל,M,Jewish,890
תחריר,F,Muslim,890
אלנתן,M,Jewish,889
בשיר,M,Muslim,887
אירנה,F,Jewish,887
ליליאן,F,Muslim,886
עאטף,F,Muslim,885
לי,M,Jewish,880
קאי,M,Jewish,877
תלין,F,Muslim,876
נרימאן,F,Muslim,876
סטפן,M,Jewish,876
חושן,F,Jewish,875
גינא,F,Muslim,874
זלמן,M,Jewish,874
חוסני,M,Muslim,874
נוריאל,M,Jewish,873
עידן,F,Jewish,872
עדי,M,Muslim,871
ועד,F,Muslim,870
מהראן,M,Muslim,870
סמיחה,F,Muslim,868
גילת,F,Jewish,868
פטריסיה,F,Jewish,867
כאיד,M,Muslim,867
פאוזי,M,Muslim,865
ראזי,M,Muslim,865
לונה,F,Jewish,864
גאזי,M,Muslim,863
רשיד,M,Muslim,862
אנעאם,F,Muslim,861
פאר,M,Jewish,861
ח'דיג'ה,F,Muslim,861
אילאף,F,Muslim,859
כרמי,M,Jewish,856
חאזם,M,Muslim,856
ראמי,M,Christian-Arab,854
סוהאד,F,Muslim,854
חביב,M,Jewish,854
חרות,F,Jewish,852
דיאב,M,Muslim,852
פרומה,F,Jewish,851
שאדי,M,Christian-Arab,846
עוזיאל,M,Jewish,846
פלג,F,Jewish,843
סלסביל,F,Muslim,841
אליאל,M,Jewish,836
סוזנה,F,Jewish,834
זוהרה,F,Jewish,832
בראל,M,Jewish,831
ודאד,F,Muslim,831
אלומה,F,Jewish,829
פייסל,M,Muslim,827
תומר,F,Jewish,825
שאדי,M,Druze,824
פלורה,F,Jewish,823
ג'אבר,M,Muslim,823
זיידאן,M,Muslim,822
סמיה,F,Muslim,821
ורדית,F,Jewish,821
דילן,M,Jewish,821
נדים,M,Muslim,821
נסיה,F,Jewish,820
אייל,M,Druze,819
פטריק,M,Jewish,819
אני,F,Jewish,819
ליא,F,Muslim,818
ג'ולי,F,Jewish,817
תאליה,F,Muslim,815
הייא,F,Muslim,815
הלני,F,Jewish,814
כמאל,M,Druze,813
בינה,F,Jewish,813
אבראהים,M,Christian-Arab,812
קטרין,F,Jewish,811
סעד,M,Muslim,811
איזבל,F,Jewish,809
טלאל,M,Muslim,809
נאיל,M,Muslim,808
פריידא,F,Jewish,808
אביה,M,Jewish,808
אלאונורה,F,Jewish,807
מרטין,F,Jewish,807
און,M,Jewish,806
ג'יריס,M,Christian-Arab,806
פאדיה,F,Muslim,802
ארייה,F,Jewish,798
מירל,F,Jewish,798
אסאלה,F,Muslim,797
אדית,F,Jewish,796
מנסור,M,Muslim,796
מייה,F,Jewish,793
אחלאס,F,Muslim,792
פז,M,Jewish,791
ג'וליה,F,Jewish,791
מני,M,Jewish,789
כרמל,F,Muslim,789
נהלה,F,Muslim,788
סאן,M,Jewish,785
חדרה,F,Muslim,784
דני,F,Jewish,784
שנהב,F,Jewish,783
תאיר,M,Muslim,782
רביב,M,Jewish,779
פיוטר,M,Jewish,776
קסניה,F,Jewish,776
חולוד,F,Muslim,775
אומימה,F,Muslim,775
מוניק,F,Jewish,774
נדאא,F,Muslim,773
צורי,M,Jewish,772
ביילסאן,F,Muslim,772
תאליא,F,Muslim,772
מג'ד,M,Christian-Arab,769
יאר,M,Jewish,769
סארי,M,Muslim,768
מרים,F,Christian-Arab,767
ליאלי,F,Muslim,766
דרור,F,Jewish,765
תחיה,F,Jewish,761
אורפז,F,Jewish,761
עטיה,M,Muslim,759
אגם,M,Jewish,758
חנית,F,Jewish,758
פרח,F,Jewish,757
כנאן,M,Muslim,757
מאורי,M,Jewish,755
קינאן,M,Muslim,754
יומנא,F,Muslim,753
פטר,M,Jewish,753
ג'נאת,F,Muslim,751
חיתאם,F,Muslim,751
קרול,F,Jewish,750
גדליה,M,Jewish,750
אלברטו,M,Jewish,749
סדיל,F,Muslim,749
רחאב,F,Muslim,747
גיטי,F,Jewish,747
קרולין,F,Jewish,745
ירחמיאל,M,Jewish,744
אוולין,F,Jewish,743
סוהילה,F,Muslim,742
כליל,F,Jewish,742
נעומי,F,Jewish,742
רסיל,F,Muslim,742
רקפת,F,Jewish,741
איידל,F,Jewish,741
לורין,F,Muslim,741
שרוק,F,Muslim,740
לנה,F,Jewish,740
אמלי,F,Jewish,738
איוון,M,Jewish,737
אלן,F,Jewish,735
סמיר,M,Christian-Arab,734
בשארה,M,Christian-Arab,732
טויבא,F,Jewish,729
רוז,F,Muslim,728
פסח,M,Jewish,728
סאבר,M,Muslim,727
מינא,F,Muslim,727
שובל,M,Jewish,726
ורדה,F,Muslim,726
סברינה,F,Jewish,724
סופיאן,M,Muslim,723
מימון,M,Jewish,723
תיא,F,Muslim,721
איילת השחר,F,Jewish,721
אוריאן,M,Jewish,720
אמירה,F,Jewish,719
הלה,F,Jewish,719
ענאן,M,Druze,717
רוזי,F,Jewish,716
אדריאן,M,Jewish,714
אלאור,M,Jewish,713
יועד,M,Jewish,712
לינדה,F,Muslim,712
מונירה,F,Muslim,712
מנור,F,Jewish,711
גרי,M,Jewish,709
מיקי,M,Jewish,707
אליאנה,F,Jewish,706
ולרי,F,Jewish,704
אוסיד,M,Muslim,704
מנדל,M,Jewish,703
ארין,F,Jewish,703
ריאן,M,Druze,702
קלאודיה,F,Jewish,702
אסיף,M,Jewish,702
אנז'לה,F,Jewish,700
ג'ואן,F,Muslim,699
סידרא,F,Muslim,698
עיישה,F,Muslim,697
אריקה,F,Jewish,697
מיאדה,F,Muslim,696
קשת,F,Jewish,695
מיסא,F,Muslim,694
סברי,M,Muslim,692
אדיב,M,Muslim,692
לורי,F,Jewish,691
ורוד,F,Muslim,689
דר,F,Jewish,689
עטרת,F,Jewish,688
עארף,M,Muslim,688
אמל,F,Druze,687
סאמח,M,Muslim,684
ראיה,F,Muslim,684
חביב,M,Muslim,684
עלי,M,Druze,684
אבראר,F,Muslim,683
מופיד,M,Muslim,682
נביל,M,Christian-Arab,682
חבצלת,F,Jewish,681
נאילה,F,Muslim,681
עיסא,M,Christian-Arab,679
נור,F,Druze,679
איאן,F,Muslim,679
רתיל,F,Muslim,679
קיאן,F,Muslim,678
דניאל,M,Druze,678
שילה,F,Jewish,677
ליאל,F,Muslim,677
ניל,F,Muslim,676
וולאא,F,Muslim,674
חאמד,M,Muslim,674
איסק,M,Jewish,674
טאלב,M,Muslim,673
מוסעב,M,Muslim,673
קארן,F,Jewish,672
לילה,F,Jewish,672
רגב,M,Jewish,671
מכלוף,M,Jewish,671
אייר,F,Jewish,670
מיכאיל,M,Jewish,669
עמיאל,M,Jewish,669
פאולה,F,Jewish,669
ירמיהו,M,Jewish,669
יוספה,F,Jewish,668
אנג'לה,F,Jewish,668
איאס,M,Muslim,667
היילי,F,Jewish,665
ראנה,F,Muslim,664
חזי,M,Jewish,664
אנתסאר,F,Muslim,663
רום,F,Jewish,663
רוסול,F,Muslim,662
מרוות,F,Muslim,662
סיבא,F,Muslim,660
מאגדה,F,Muslim,660
מוחמד,M,Druze,660
מישאל,M,Jewish,659
להב,M,Jewish,659
צפריר,M,Jewish,658
דרורה,F,Jewish,658
נוראן,F,Muslim,652
ברנרד,M,Jewish,651
נוי,M,Jewish,648
קסם,F,Jewish,647
כרם,F,Jewish,646
פאוזיה,F,Muslim,644
רוז,F,Jewish,643
רוזאן,F,Muslim,642
תגל,F,Jewish,641
איילה,F,Muslim,639
נאדרה,F,Muslim,638
תם,M,Jewish,638
אסיה,F,Muslim,638
תבור,M,Jewish,637
ישכר,M,Jewish,637
ריתאג,F,Muslim,634
גזאלה,F,Muslim,634
מגי,F,Jewish,634
הענא,F,Jewish,633
יסמין,F,Druze,633
יערית,F,Jewish,633
ג'יהאן,F,Muslim,633
מלאק,F,Druze,633
דניס,F,Jewish,632
סמר,M,Christian-Arab,632
טאהר,M,Muslim,630
מיילי,F,Jewish,630
שנטל,F,Jewish,628
עידה,F,Muslim,628
איסחאק,M,Muslim,626
נחשון,M,Jewish,626
פאדי,M,Druze,626
פארוק,M,Muslim,623
עזמי,M,Muslim,623
זכי,M,Muslim,621
כרמי,F,Jewish,621
איתם,M,Jewish,621
מינדל,F,Jewish,621
רינה,F,Muslim,620
מילכה,F,Jewish,620
פייגי,F,Jewish,619
משולם,M,Jewish,619
לוגין,F,Muslim,619
ליפז,F,Jewish,618
קטיה,F,Jewish,618
זאהר,M,Muslim,618
חסיה,F,Jewish,617
פרץ,M,Jewish,617
היפא,F,Muslim,617
וסים,M,Christian-Arab,616
נתלי,F,Jewish,616
עתליה,F,Jewish,615
אוליביה,F,Jewish,613
עלאא,M,Druze,613
אסיא,F,Muslim,613
יום,M,Jewish,612
אילא,F,Muslim,612
דיויד,M,Jewish,612
מועין,M,Muslim,612
ראני,M,Muslim,612
רים,F,Christian-Arab,611
אמור,F,Jewish,611
אינגה,F,Jewish,607
מרסלו,M,Jewish,606
מיסאא,F,Muslim,605
זמירה,F,Jewish,605
טהר,F,Jewish,605
מריו,M,Jewish,604
חמדה,F,Jewish,603
והיב,M,Muslim,603
פאול,M,Jewish,603
סאמי,M,Christian-Arab,602
שמריהו,M,Jewish,602
אזהאר,F,Muslim,602
רביע,M,Druze,601
נאג'י,M,Muslim,600
נאיה,F,Muslim,599
חמוטל,F,Jewish,599
מיאן,F,Muslim,599
עבדאל,M,Muslim,599
אלירז,M,Jewish,598
מועאד,M,Muslim,598
ראשד,M,Muslim,596
פאר,F,Jewish,596
רדא,M,Muslim,596
אביאור,M,Jewish,596
סלאם,M,Muslim,595
עזיז,M,Muslim,595
ז'קלין,F,Jewish,595
ג'זל,F,Muslim,595
סעיד,M,Druze,594
שאכר,M,Muslim,593
אלינוי,F,Jewish,592
אפי,M,Jewish,592
מייק,M,Jewish,592
כפאיה,F,Muslim,592
מנור,M,Jewish,592
איבון,F,Jewish,592
עבלה,F,Muslim,591
סלים,M,Christian-Arab,591
סוהיל,M,Muslim,589
מריאנה,F,Muslim,589
מונא,F,Christian-Arab,588
רוזליה,F,Jewish,588
טימור,M,Jewish,587
רשאד,M,Muslim,587
ליליאנה,F,Jewish,587
יזהר,M,Jewish,586
ארין,F,Muslim,586
ראויה,F,Muslim,586
נסרה,F,Muslim,584
פול,M,Jewish,584
לואיס,M,Jewish,584
סילבי,F,Jewish,583
ח'תאם,F,Muslim,582
גאלב,M,Muslim,582
רשל,F,Jewish,582
עאהד,M,Muslim,580
מונתהא,F,Muslim,576
נרי,M,Jewish,576
שחאדה,M,Muslim,575
בתול,F,Muslim,575
נוח,M,Muslim,575
ג'נט,F,Jewish,575
עומרי,M,Druze,575
סימא,F,Jewish,575
ענאל,F,Jewish,575
קטרינה,F,Jewish,574
עפיף,M,Muslim,574
שיינה,F,Jewish,573
אשרת,F,Jewish,572
ג'יהאד,F,Muslim,570
מאשה,F,Jewish,570
צביקה,M,Jewish,569
טובי,F,Jewish,569
תכלת,F,Jewish,568
נהאיה,F,Muslim,567
אח'לאס,F,Muslim,567
שביט,F,Jewish,566
ג'ומעה,M,Muslim,565
סאיד,M,Muslim,565
שלהבת,F,Jewish,563
נאדיא,F,Muslim,562
קלמן,M,Jewish,562
רודינה,F,Muslim,561
חלוד,F,Muslim,561
צירל,F,Jewish,558
ויאם,M,Muslim,556
ג'נה,F,Muslim,555
סימון,F,Jewish,555
שטערנא,F,Jewish,555
תים,M,Muslim,554
בארי,F,Jewish,554
פירוז,F,Muslim,553
וסאם,M,Christian-Arab,552
מתי,M,Jewish,551
רקאן,M,Muslim,550
צופית,F,Jewish,550
ליר,F,Jewish,550
איאן,M,Muslim,547
ג'קלין,F,Jewish,547
שמעיה,M,Jewish,546
גיא,F,Jewish,546
סלין,F,Jewish,545
באסם,M,Christian-Arab,545
לואיזה,F,Jewish,544
פרדי,M,Jewish,543
פרוספר,M,Jewish,543
מארי,F,Christian-Arab,542
מיתר,M,Jewish,541
לאו,M,Jewish,540
ראשית,F,Jewish,539
ג'פרי,M,Jewish,539
שילי,F,Jewish,539
פראדל,F,Jewish,538
רונאל,M,Jewish,536
רפיק,M,Muslim,534
לונא,F,Muslim,534
ראמי,M,Druze,533
מליסה,F,Jewish,533
סעדה,F,Muslim,533
נריה,F,Jewish,532
אנדראה,F,Jewish,531
אנטוני,M,Jewish,530
מסעוד,M,Jewish,530
עבדל,M,Muslim,529
אדהם,M,Druze,528
איה,F,Druze,527
אלמה,F,Muslim,527
אמין,M,Druze,526
ארנה,F,Jewish,526
דגן,M,Jewish,526
לוסי,F,Jewish,524
לורין,F,Jewish,524
אלעאי,M,Jewish,524
פבלו,M,Jewish,523
שושי,F,Jewish,523
מאורי,F,Jewish,523
פרל,F,Jewish,523
שרלי,M,Jewish,521
קריסטינה,F,Jewish,521
ג'וזף,M,Christian-Arab,520
אלטע,F,Jewish,520
גבריאל,F,Jewish,519
שרה,F,Druze,519
נורהאן,F,Muslim,519
אנשראח,F,Muslim,518
קירה,F,Jewish,518
איחסאן,M,Muslim,518
דולב,F,Jewish,517
לין,F,Druze,516
ח'מיס,M,Muslim,516
מושקא,F,Jewish,515
יעלי,F,Jewish,514
עביר,F,Christian-Arab,514
גוני,M,Jewish,514
בותינה,F,Muslim,513
ג'בר,M,Muslim,512
ג'וד,M,Druze,512
רנא,F,Christian-Arab,512
קרולינה,F,Jewish,512
מיטב,F,Jewish,510
ניבה,F,Jewish,510
וסאם,M,Druze,508
אדריאנה,F,Jewish,508
נגב,M,Jewish,507
מורי,M,Jewish,507
אבידן,M,Jewish,507
מיי,F,Jewish,506
דבי,F,Jewish,506
תמים,M,Muslim,506
האני,M,Christian-Arab,506
עאסם,M,Muslim,505
לינא,F,Christian-Arab,504
עביר,F,Druze,504
חסאן,M,Muslim,502
זיסל,F,Jewish,502
עטא,M,Muslim,501
קלוד,M,Jewish,499
נידא,F,Muslim,499
אלחי,M,Jewish,499
עובד,M,Jewish,498
שני,M,Jewish,498
אלתר,M,Jewish,498
ניבאל,F,Muslim,498
אסיל,M,Muslim,497
מרטה,F,Jewish,497
ג'ומאנה,F,Muslim,497
חסנה,F,Muslim,496
ונסה,F,Jewish,496
יפה,F,Muslim,496
סלאמה,F,Muslim,495
מליחה,F,Muslim,494
אירן,F,Jewish,494
פואז,M,Muslim,493
ליאן,F,Druze,493
פדוא,F,Muslim,493
רגדה,F,Muslim,493
מג'ד,M,Druze,492
נליה,F,Jewish,492
לוטפי,M,Muslim,492
עזאלדין,M,Muslim,492
רבאב,F,Muslim,491
פארס,M,Druze,491
חוריה,F,Muslim,491
מימי,F,Jewish,490
בריאן,M,Jewish,490
דוריה,F,Jewish,490
קמילה,F,Jewish,490
ג'עפר,M,Muslim,489
דוריס,F,Jewish,489
דיב,M,Muslim,489
מאיה,F,Christian-Arab,487
פרנק,M,Jewish,486
הלא,F,Muslim,486
מבשר,M,Jewish,486
ולא,F,Muslim,485
רדואן,M,Muslim,485
אניס,M,Muslim,484
פואד,M,Christian-Arab,484
איב,M,Jewish,484
סיראג',F,Muslim,484
רביע,M,Christian-Arab,484
לוטפיה,F,Muslim,483
ענר,M,Jewish,483
ג'ינא,F,Muslim,483
נתנאלה,F,Jewish,483
אדוארדו,M,Jewish,483
קרלוס,M,Jewish,482
ניר,F,Jewish,482
סטיב,M,Jewish,482
חניתה,F,Jewish,481
פהמי,M,Muslim,481
חוסין,M,Druze,481
טוני,F,Jewish,481
ולנטין,M,Jewish,481
גיהאן,F,Muslim,479
סיון,M,Jewish,479
לוג'ין,F,Muslim,478
שאדן,F,Muslim,477
עזאם,M,Muslim,477
עהד,F,Muslim,477
גרמן,M,Jewish,477
פדל,M,Muslim,476
ננסי,F,Jewish,476
סעדיה,M,Jewish,476
סיליא,F,Muslim,476
ראועה,F,Muslim,476
ניקולס,M,Jewish,475
כלנית,F,Jewish,475
ח'ליל,M,Christian-Arab,475
הנא,F,Druze,475
ג'וד,F,Muslim,474
רולא,F,Christian-Arab,473
ז'נה,F,Jewish,473
עימאד,M,Christian-Arab,473
חסן,M,Druze,473
אימאן,M,Druze,473
כפאח,F,Muslim,473
נבא,F,Muslim,473
אמירה,F,Druze,471
רואד,M,Muslim,471
נטלה,F,Jewish,470
ארטור,M,Jewish,469
נדין,F,Jewish,469
אימאן,F,Druze,469
נבאא,F,Muslim,469
אלבינה,F,Jewish,469
ג'ורג',M,Jewish,468
מאג'דה,F,Muslim,467
מטר,F,Jewish,467
נורה,F,Jewish,467
פואד,M,Druze,467
ניקה,F,Jewish,467
מרקו,M,Jewish,465
דודו,M,Jewish,465
לובה,F,Jewish,464
ודחה,F,Muslim,463
מטילדה,F,Jewish,463
רובי,F,Jewish,463
ננה,F,Jewish,463
גנט,F,Jewish,462
לוטם,M,Jewish,462
ח'ולוד,F,Muslim,461
ליאן,F,Christian-Arab,461
סג'וד,F,Muslim,460
הזאר,F,Muslim,460
באסל,M,Christian-Arab,460
שירין,F,Christian-Arab,460
חנאן,F,Christian-Arab,460
סול,M,Jewish,460
מלאני,F,Jewish,459
אמל,M,Druze,459
פהימה,F,Muslim,458
טלאור,F,Jewish,458
זכיה,F,Muslim,456
עיליי,M,Jewish,456
טמיר,M,Jewish,456
כרם,M,Jewish,455
אירה,F,Jewish,455
לידר,F,Jewish,455
רימא,F,Christian-Arab,455
אלין,F,Druze,454
פרחיה,F,Jewish,454
גדליהו,M,Jewish,454
רנטה,F,Jewish,453
חלא,F,Druze,453
נאורס,F,Muslim,452
ג'ק,M,Jewish,452
דאנה,F,Muslim,452
סוסן,F,Muslim,451
בילה,F,Jewish,451
חוסאם,M,Druze,451
ג'נאן,F,Muslim,451
ירוחם,M,Jewish,451
כאותר,F,Muslim,450
נואף,M,Muslim,449
דקל,F,Jewish,448
ז'אן,M,Jewish,448
תמיר,M,Druze,448
וג'די,M,Muslim,447
פורטונה,F,Jewish,446
בל,F,Jewish,445
נאהד,F,Muslim,445
לילה,F,Christian-Arab,445
זאיד,M,Muslim,445
הראל,F,Jewish,445
רמדאן,M,Muslim,444
נסרין,F,Druze,444
סמר,M,Druze,444
ספיר,M,Jewish,443
ג'מאל,M,Druze,443
ראמה,F,Muslim,442
נאנסי,F,Muslim,442
יונת,F,Jewish,442
קנאן,M,Muslim,441
יאקות,F,Muslim,441
שם,M,Jewish,440
אביר,M,Jewish,439
ערבה,F,Jewish,439
ריזק,M,Muslim,438
מרט,M,Jewish,437
שראל,M,Jewish,437
ג'ואד,M,Druze,436
וליד,M,Druze,436
ביאטריס,F,Jewish,436
ממדוח,M,Muslim,435
איליאא,F,Muslim,435
טוני,M,Christian-Arab,435
אליק,M,Jewish,434
סאמי,M,Druze,434
רנין,F,Christian-Arab,434
ויאם,F,Muslim,434
שירז,F,Muslim,433
באנה,F,Muslim,433
אנהאר,F,Muslim,433
ליבה,F,Jewish,433
ג'ואנה,F,Jewish,433
עדיאל,F,Jewish,433
רינאד,F,Muslim,433
הארון,M,Muslim,433
סנא,F,Christian-Arab,431
שאהר,M,Muslim,431
ח'אלדיה,F,Muslim,430
ערפאת,M,Muslim,430
גומאנה,F,Muslim,430
אסא,M,Jewish,429
ריצ'רד,M,Jewish,429
ארמנד,M,Jewish,429
סלימה,F,Muslim,428
הניה,F,Muslim,427
גניה,F,Jewish,427
ג'ולאן,F,Muslim,426
איאן,M,Druze,426
סלים,M,Druze,426
אליקים,M,Jewish,425
איהאב,M,Christian-Arab,425
אשירה,F,Jewish,424
יולי,M,Jewish,424
וועד,F,Muslim,423
אכראם,F,Muslim,423
מארון,M,Christian-Arab,423
ראזי,M,Druze,423
סאידה,F,Muslim,422
גנאת,F,Muslim,421
רמאח,F,Muslim,421
עטל,F,Jewish,421
שיהאב,M,Muslim,421
אזדהאר,F,Muslim,420
וורוד,F,Muslim,420
אראלה,F,Jewish,419
לירז,M,Jewish,419
רווית,F,Jewish,418
אריאם,F,Muslim,417
כרימה,F,Muslim,417
בלסם,F,Muslim,416
זהור,F,Muslim,416
ג'ונתן,M,Jewish,416
וג'יה,M,Muslim,415
זינה,F,Jewish,415
קלי,F,Jewish,415
מאס,F,Muslim,415
שריהאן,F,Muslim,414
ספואן,M,Muslim,414
ארן,M,Jewish,414
זבולון,M,Jewish,414
ליזי,F,Jewish,414
דעאא,F,Muslim,413
ג'ודי,F,Jewish,413
אילעי,M,Jewish,413
מונא,F,Druze,412
ח'יר,M,Muslim,412
אעתדאל,F,Muslim,412
מונתסר,M,Muslim,411
יזן,M,Druze,411
עאיד,M,Muslim,411
איח'לאס,F,Muslim,411
ראודה,F,Muslim,410
ג'וד,M,Christian-Arab,410
מירנא,F,Muslim,410
ראבעה,F,Muslim,410
סגוד,F,Muslim,409
אננה,F,Jewish,409
אליוט,M,Jewish,409
קמה,F,Jewish,409
עילם,M,Jewish,409
אולפת,F,Muslim,408
עואטף,F,Muslim,408
נג'ם,F,Muslim,408
חמאדה,M,Muslim,408
אל,M,Jewish,408
אטי,F,Jewish,408
בת ציון,F,Jewish,408
ראני,M,Druze,407
אמיל,M,Christian-Arab,407
עבאס,M,Muslim,406
אמליה,F,Jewish,406
תמה,F,Jewish,406
גראם,F,Muslim,406
עבדאלרחמן,M,Muslim,406
אליסיה,F,Jewish,406
זאהי,M,Muslim,406
רוברטו,M,Jewish,406
ג'מיל,M,Christian-Arab,406
עלאא,M,Christian-Arab,406
לוטן,M,Jewish,405
פרומט,F,Jewish,405
נזיה,M,Muslim,405
סאלי,F,Jewish,405
מורין,F,Jewish,404
אנגאם,F,Muslim,404
גונן,M,Jewish,404
רביטל,F,Jewish,404
מרקוס,M,Jewish,403
מרואן,M,Christian-Arab,403
חנאן,F,Druze,403
נדיה,F,Muslim,403
רסמייה,F,Muslim,402
אנטון,M,Christian-Arab,402
פרדוס,F,Muslim,402
דיאנה,F,Christian-Arab,402
ארוא,F,Muslim,401
אילי,F,Jewish,401
ינאל,M,Muslim,400
רעיסה,F,Jewish,400
ראמז,M,Muslim,400
מייסר,F,Muslim,400
האדי,M,Druze,400
פרידה,F,Muslim,399
קדם,M,Jewish,399
מאיה,F,Druze,398
מרסל,M,Jewish,398
כריסטינה,F,Jewish,398
אדיאן,F,Muslim,398
בסמלה,F,Muslim,398
רנד,F,Muslim,397
רים,F,Druze,397
אטל,F,Jewish,396
רלי,F,Jewish,396
יעקוב,M,Christian-Arab,396
רונלד,M,Jewish,395
נינט,F,Jewish,395
יארא,F,Druze,394
מנאל,F,Druze,394
קלודין,F,Jewish,394
ג'ון,M,Jewish,394
עאוני,M,Muslim,393
רמה,F,Jewish,392
עיינה,F,Jewish,392
תלמה,F,Jewish,392
אלקה,F,Jewish,392
נורי,M,Jewish,391
לורנס,F,Jewish,390
מרעי,M,Muslim,390
לזר,M,Jewish,390
מינה,F,Muslim,390
דברה,F,Jewish,390
מדלן,F,Jewish,389
תאמר,M,Druze,389
בשמת,F,Jewish,389
אנדרו,M,Jewish,388
אדמונד,M,Jewish,388
גיתית,F,Jewish,388
לישי,M,Jewish,388
שלו,F,Jewish,388
עשהאל,M,Jewish,387
שולי,F,Jewish,387
רימא,F,Druze,387
רובין,F,Jewish,387
חביב,M,Christian-Arab,386
סדן,F,Muslim,386
ארינה,F,Jewish,385
חוסניה,F,Muslim,385
שביט,M,Jewish,385
ריקה,F,Jewish,385
נסרין,F,Christian-Arab,384
מדלין,F,Muslim,384
ליאב,F,Jewish,384
פרידא,F,Jewish,384
רובי,M,Jewish,384
נטלי,F,Christian-Arab,383
חורחה,M,Jewish,383
נשאת,M,Muslim,383
קדם,F,Jewish,383
מנאל,F,Christian-Arab,383
שהירה,F,Muslim,382
ראיף,M,Muslim,381
נהאד,F,Muslim,381
עיסאם,M,Christian-Arab,381
שירין,F,Jewish,380
ח'יתאם,F,Muslim,380
יער,M,Jewish,380
סוזאן,F,Christian-Arab,380
ויליאם,M,Jewish,379
עימאד,M,Druze,378
נג'וא,F,Muslim,378
אנז'ליקה,F,Jewish,378
מתן,F,Jewish,378
דוראל,M,Jewish,378
ליבי,M,Jewish,378
חמדאן,M,Muslim,378
דודי,M,Jewish,378
נהיל,F,Muslim,377
בן-ציון,M,Jewish,377
ראניה,F,Christian-Arab,377
עמיקם,M,Jewish,377
הרי,M,Jewish,377
אריאנה,F,Jewish,377
אנאבל,F,Jewish,377
שריי,F,Jewish,376
דיאלא,F,Muslim,376
אסיף,F,Jewish,375
מידן,M,Jewish,374
ריחאב,F,Muslim,374
סרג',M,Jewish,373
טינה,F,Jewish,373
ראול,M,Jewish,372
לרין,F,Muslim,372
צמח,M,Jewish,372
גוד,F,Muslim,372
הני,F,Jewish,371
נתיב,M,Jewish,371
אדלה,F,Jewish,371
אליזה,F,Jewish,371
נאדר,M,Christian-Arab,371
איילין,F,Jewish,370
פרג',M,Muslim,370
ניל,M,Druze,370
שפיק,M,Muslim,370
גנאן,F,Muslim,369
סאלחה,F,Muslim,369
וסים,M,Druze,369
רובין,M,Jewish,369
שירן,M,Jewish,369
סנדי,F,Jewish,369
מג'ד,F,Muslim,368
פיטר,M,Jewish,368
גולדי,F,Jewish,368
טיבה,F,Muslim,367
סמירה,F,Christian-Arab,367
סבטלאנה,F,Jewish,367
ניהאיה,F,Muslim,367
ריקרדו,M,Jewish,367
לורן,M,Jewish,367
מאי,M,Jewish,366
אלטר,M,Jewish,366
מישיל,M,Christian-Arab,365
סמירה,F,Druze,364
גואהר,F,Muslim,364
נג'מה,F,Muslim,364
ויאולטה,F,Jewish,363
יאנינה,F,Jewish,363
פארס,M,Christian-Arab,362
אסיל,F,Druze,362
מילאן,F,Jewish,362
גלי,M,Jewish,362
חפציבה,F,Jewish,361
האג'ר,F,Muslim,361
חולה,F,Muslim,361
עזריה,M,Jewish,361
דיאן,F,Jewish,360
זלדה,F,Jewish,360
ג'וני,M,Christian-Arab,360
זמיר,M,Jewish,360
ריין,F,Jewish,360
עפיפה,F,Muslim,360
פח'רי,M,Muslim,359
סרגי,M,Jewish,359
מולו,F,Jewish,359
ליה,F,Muslim,359
ח'אולה,F,Muslim,359
ריי,F,Jewish,359
סמר,F,Christian-Arab,359
ורוניק,F,Jewish,359
סאהר,F,Muslim,358
סמייה,F,Muslim,358
אודט,F,Jewish,358
כארם,M,Muslim,358
ופיקה,F,Muslim,358
ימימה,F,Jewish,358
רחלה,F,Jewish,358
נוואל,F,Muslim,357
באסל,M,Druze,357
היבא,F,Druze,357
נונה,F,Jewish,357
אליסון,F,Jewish,357
אייסר,M,Muslim,357
עופר,F,Jewish,356
אניסה,F,Muslim,356
אלזה,F,Jewish,356
סלין,F,Muslim,355
שירית,F,Jewish,355
ואדים,M,Jewish,354
סנא,F,Druze,354
אלין,F,Christian-Arab,354
מוניר,M,Christian-Arab,353
נור,F,Jewish,353
הילית,F,Jewish,353
ליגל,F,Jewish,353
פריאל,M,Jewish,353
מריאנה,F,Christian-Arab,353
רחיק,F,Muslim,353
ג'וליאן,M,Christian-Arab,353
שוקי,M,Jewish,353
רוידה,F,Muslim,352
נאום,M,Jewish,352
נאהדה,F,Muslim,352
הודא,F,Druze,352
נזמיה,F,Muslim,351
אוליבר,M,Jewish,351
אלמז,F,Jewish,351
וופא,F,Christian-Arab,351
ג'וליה,F,Muslim,351
אניל,M,Druze,351
נרקיס,F,Jewish,350
נג'יב,M,Muslim,350
מוניה,F,Muslim,350
דרורית,F,Jewish,350
אראם,F,Muslim,349
איבתסאם,F,Muslim,349
ארז,M,Druze,348
עדן,F,Druze,348
גוסטבו,M,Jewish,348
מלקה,F,Muslim,348
ללי,F,Jewish,347
אמירה,F,Christian-Arab,347
רווה,M,Jewish,346
גרגורי,M,Jewish,346
ואיל,M,Druze,346
אסד,M,Muslim,346
המאם,M,Muslim,346
יוליאנה,F,Jewish,345
תבל,M,Jewish,345
מינדי,F,Jewish,345
אניה,F,Jewish,345
תמארא,F,Muslim,345
נהורה,F,Jewish,345
רוסטיסלב,M,Jewish,345
נלה,F,Jewish,344
נטלי,F,Muslim,344
ג'ורדן,M,Jewish,344
ג'קי,M,Jewish,344
מישל,M,Christian-Arab,343
צוף,F,Jewish,343
סופיה,F,Muslim,343
מוחסן,M,Muslim,343
סלי,F,Jewish,343
רפעת,M,Muslim,343
פרי,F,Jewish,343
סיימון,M,Jewish,343
שאנל,F,Jewish,342
דולי,F,Jewish,341
אוסקר,M,Jewish,341
ספיה,F,Muslim,341
ניזאר,M,Christian-Arab,340
יארא,F,Christian-Arab,340
חזקיהו,M,Jewish,340
תמרי,F,Jewish,340
קדר,F,Muslim,340
נרג'ס,F,Muslim,340
נג'ואן,M,Muslim,340
ג'אנה,F,Muslim,340
נדין,F,Christian-Arab,339
נג'את,F,Muslim,339
רפאלה,F,Jewish,339
סיהאם,F,Druze,338
מוניר,M,Druze,338
סאג'דה,F,Muslim,338
דניא,F,Muslim,338
רייזי,F,Jewish,337
גאנם,M,Muslim,337
נור,F,Christian-Arab,337
רוני,M,Christian-Arab,337
אושרי,F,Jewish,337
לסלי,F,Jewish,336
נגוא,F,Muslim,336
ארנולד,M,Jewish,336
רימאן,F,Muslim,336
שרל,M,Jewish,335
אדיסו,M,Jewish,335
סאג'ד,M,Muslim,335
וופא,F,Druze,335
גסאן,M,Christian-Arab,335
בכור,M,Jewish,335
הינד,F,Muslim,334
בהאא,M,Druze,334
גואן,F,Muslim,334
יקירה,F,Jewish,334
תיים,M,Druze,334
עיטאף,F,Muslim,334
עזר,M,Jewish,334
איילון,M,Jewish,334
אלישי,M,Jewish,334
סקר,M,Muslim,334
אתאר,F,Muslim,333
אנדרה,M,Jewish,333
גורג,M,Jewish,333
מהא,F,Christian-Arab,332
אייר,M,Jewish,332
פמלה,F,Jewish,332
נדין,F,Druze,332
ברקת,F,Jewish,332
פיראס,M,Christian-Arab,331
עורווה,M,Muslim,331
ראסם,M,Muslim,331
ליעוז,M,Jewish,330
קווין,M,Jewish,330
אלבירה,F,Jewish,330
מאהר,M,Christian-Arab,330
שבע,F,Jewish,330
זמזם,F,Muslim,329
תומס,M,Jewish,329
משיח,M,Jewish,329
אלחנדרו,M,Jewish,329
מהא,F,Druze,329
ראפע,M,Muslim,329
ארנסט,M,Jewish,329
אינתסאר,F,Muslim,329
עמיר,M,Druze,328
עפיפה,F,Druze,328
חמדי,M,Muslim,328
זינאת,F,Muslim,328
אנסאף,F,Muslim,327
אימאן,F,Christian-Arab,327
היית'ם,M,Druze,327
תולאי,F,Muslim,327
אמר,F,Muslim,326
קוראל,F,Jewish,326
ליזט,F,Jewish,326
ברוניסלבה,F,Jewish,326
מירא,F,Christian-Arab,326
רידא,M,Muslim,326
איהאב,M,Druze,326
חביבה,F,Muslim,325
יחיא,M,Jewish,325
מלכיאל,M,Jewish,325
וורקנש,F,Jewish,325
זהרה,F,Jewish,325
אלפרד,M,Jewish,325
נסים,M,Christian-Arab,325
רנה,M,Jewish,325
לין,F,Christian-Arab,324
אלרום,M,Jewish,324
גנית,F,Jewish,324
נהאד,M,Muslim,324
סמא,F,Christian-Arab,324
מרתה,F,Jewish,323
אידית,F,Jewish,323
אמנדה,F,Jewish,323
אירמה,F,Jewish,323
נופית,F,Jewish,323
מרום,F,Jewish,323
מוופק,M,Muslim,322
רומי,M,Jewish,322
מרה,F,Jewish,322
אמבט,F,Jewish,320
מטר,M,Jewish,319
ראוף,M,Muslim,319
זק,M,Jewish,319
תובל,M,Jewish,319
יעיש,M,Jewish,319
הילאי,M,Jewish,318
לאונרדו,M,Jewish,318
נרי,F,Jewish,318
בקי,F,Jewish,318
אליאור,F,Jewish,317
וחיד,M,Muslim,317
שבתי,M,Jewish,317
אודרי,F,Jewish,317
שלוה,F,Jewish,317
מריאן,F,Jewish,317
פיני,M,Jewish,316
סארי,M,Christian-Arab,316
וורקו,M,Jewish,316
עלקא,F,Jewish,316
סמיר,M,Druze,316
מלני,F,Jewish,315
טוני,M,Jewish,315
מויסר,F,Muslim,315
צוף,M,Jewish,315
לישי,F,Jewish,314
דר,M,Jewish,314
אנג'ליקה,F,Jewish,314
אחמד,M,Druze,314
אלירז,F,Jewish,314
לביבה,F,Muslim,314
אינס,F,Jewish,314
תאופיק,M,Christian-Arab,314
סנדרין,F,Jewish,314
ירין,F,Muslim,314
מננה,F,Jewish,312
רמזי,M,Christian-Arab,312
אוריאנה,F,Jewish,312
חוסה,M,Jewish,312
אליחי,M,Jewish,311
סילין,F,Christian-Arab,311
לנא,F,Christian-Arab,311
ג'וי,F,Jewish,311
מזי,F,Jewish,311
חאפז,M,Muslim,311
ציון,F,Jewish,311
פיראס,M,Druze,310
מתיו,M,Jewish,309
גלוריה,F,Jewish,309
וסאל,F,Muslim,309
עינב,M,Jewish,309
תמיר,M,Muslim,309
סלומה,F,Jewish,309
לי-אור,F,Jewish,309
מוחיי,M,Muslim,308
אראל,F,Jewish,308
פלא,M,Jewish,308
מרלן,F,Jewish,308
שינדל,F,Jewish,308
גמליאל,M,Jewish,307
סשה,M,Jewish,307
ג'ואהר,F,Muslim,307
רסלאן,M,Muslim,307
ז'ק,M,Jewish,307
בריינדל,F,Jewish,307
רודי,M,Jewish,307
גלב,M,Jewish,306
זכר,M,Jewish,306
שריה,M,Jewish,306
חלמי,M,Muslim,306
דיאלה,F,Muslim,306
קלאודיו,M,Jewish,305
אוסאמה,M,Christian-Arab,305
אנדי,M,Jewish,305
אולסיה,F,Jewish,305
לואי,M,Druze,305
עלי,M,Jewish,305
דונה,F,Jewish,304
מכאל,M,Jewish,304
רימון,M,Christian-Arab,304
לינא,F,Druze,304
שהנאז,F,Muslim,304
הבטם,F,Jewish,304
שוכרי,M,Muslim,304
ריזל,F,Jewish,303
מרסלה,F,Jewish,302
נבאל,F,Muslim,302
מירן,F,Jewish,302
אילהאם,F,Muslim,302
ארמונד,M,Jewish,301
צאלה,F,Jewish,301
יסמין,F,Christian-Arab,301
נסמה,F,Muslim,301
נטשה,F,Jewish,301
באסם,M,Druze,301
סאם,M,Muslim,300
בהיה,F,Muslim,300
ג'ואל,F,Jewish,300
סוהיל,M,Christian-Arab,300
סבסטיאן,M,Jewish,300
דיאנה,F,Druze,300
וסילי,M,Jewish,300
ארקאן,M,Muslim,300
רעד,M,Muslim,299
לשם,F,Jewish,299
עזאת,M,Muslim,299
אדם,M,Christian-Arab,299
נתי,M,Jewish,299
קיילה,F,Jewish,299
ברונו,M,Jewish,299
לביאה,F,Jewish,298
מוסא,M,Christian-Arab,297
תמארה,F,Muslim,297
אלמירה,F,Jewish,297
נרדין,F,Muslim,296
סולי,F,Jewish,296
מורג'אן,F,Muslim,296
פלסטין,F,Muslim,296
אילעאי,M,Jewish,296
ערין,F,Druze,296
ריחאן,F,Muslim,296
לורנס,M,Jewish,296
פלורנס,F,Jewish,295
כמאל,M,Christian-Arab,295
רואד,M,Druze,295
פרחה,F,Jewish,295
איליא,M,Christian-Arab,295
נורסין,F,Muslim,295
ליאוניד,M,Jewish,294
מארי,F,Jewish,294
דניז,F,Jewish,293
חוסאם,M,Christian-Arab,293
בוטרוס,M,Christian-Arab,293
לונא,F,Christian-Arab,293
דוריאן,M,Jewish,292
דון,M,Jewish,292
נג'יב,M,Druze,292
לולה,F,Jewish,292
נצחיה,F,Jewish,292
חלא,F,Christian-Arab,292
בריג'יט,F,Jewish,292
ליילה,F,Jewish,292
מייס,F,Druze,291
אנבל,F,Jewish,291
סובחייה,F,Muslim,291
קולט,F,Jewish,291
רוזט,F,Jewish,291
ג'דיר,F,Muslim,290
ברית,F,Jewish,290
לואיז,F,Jewish,290
ניפין,F,Muslim,290
ח'יריה,F,Muslim,290
מועאז',M,Muslim,290
רייצ'ל,F,Jewish,290
ראדי,M,Muslim,290
בולוס,M,Christian-Arab,289
אילי,M,Christian-Arab,289
נדא,F,Druze,289
מיסאן,F,Muslim,289
דיאגו,M,Jewish,289
ניק,M,Jewish,289
שיפא,F,Muslim,289
היבא,F,Christian-Arab,289
אופרי,F,Jewish,289
רימון,F,Jewish,288
מרי,F,Christian-Arab,288
שבות,F,Jewish,288
אנגלינה,F,Jewish,288
יסמינה,F,Muslim,287
קתרין,F,Jewish,287
אבבה,M,Jewish,287
נאדיה,F,Christian-Arab,287
ורד,M,Christian-Arab,287
פייר,M,Christian-Arab,286
לוג'יין,F,Muslim,286
לואי,M,Christian-Arab,286
חמיד,M,Muslim,286
כדורי,M,Jewish,286
אשרף,M,Druze,286
עטיל,F,Jewish,286
מדחת,M,Muslim,286
טארק,M,Druze,285
חאולה,F,Muslim,285
פורת,M,Jewish,285
נגאת,F,Muslim,285
צהלה,F,Jewish,285
שפא,F,Muslim,285
זהראא,F,Muslim,285
רבחי,M,Muslim,285
האגר,F,Muslim,284
אבבה,F,Jewish,284
אבא,M,Jewish,284
אלכסי,M,Jewish,283
פריד,M,Christian-Arab,282
אמאן,F,Muslim,282
בדריה,F,Muslim,282
מריאן,F,Muslim,282
ג'ושוע,M,Jewish,282
טמסגן,M,Jewish,281
שוש,F,Jewish,281
מילא,F,Druze,281
עאאשה,F,Muslim,281
גון,M,Jewish,281
איטא,F,Jewish,281
עאידה,F,Christian-Arab,280
סילין,F,Druze,280
מרגרט,F,Jewish,280
שריפה,F,Muslim,280
פניה,F,Jewish,279
האני,M,Druze,279
סארי,M,Druze,279
מילה,F,Muslim,278
תקוא,F,Muslim,278
ימאמה,F,Muslim,278
סינטיה,F,Jewish,278
דמיאן,M,Jewish,278
וופאא,F,Muslim,278
סעיד,M,Christian-Arab,278
ירין,F,Druze,278
אנסאם,F,Muslim,277
אווקה,M,Jewish,277
דורי,F,Jewish,277
יהלום,F,Jewish,277
דין,M,Muslim,277
מימונה,F,Muslim,276
נירוז,F,Muslim,276
כיאן,F,Muslim,276
ג'ודי,F,Muslim,276
נעמאן,M,Muslim,276
אומניה,F,Muslim,275
וליד,M,Christian-Arab,275
מילאד,M,Christian-Arab,275
סאמיה,F,Christian-Arab,275
רג'א,F,Muslim,275
שליו,F,Jewish,274
איהאם,M,Druze,274
סוסנה,F,Jewish,274
ענב,F,Jewish,274
ג'ייסון,M,Jewish,273
אמבר,F,Jewish,273
סוניה,F,Muslim,273
גאליה,F,Muslim,273
עורסאן,M,Muslim,273
תמימה,F,Jewish,273
יולנדה,F,Jewish,273
תאמר,M,Christian-Arab,273
עדלה,F,Muslim,273
ויליאם,M,Christian-Arab,273
מרלין,F,Jewish,273
מייסא,F,Muslim,273
ג'אן,M,Jewish,272
סמר,F,Druze,272
ניסאן,F,Muslim,272
נור,M,Christian-Arab,272
גרסיאלה,F,Jewish,272
ויקטור,M,Christian-Arab,271
שאלתיאל,M,Jewish,271
רואן,F,Christian-Arab,271
רנא,F,Druze,271
תרתיל,F,Muslim,271
אוסאמה,M,Druze,271
שמאי,M,Jewish,270
הארי,M,Jewish,270
איזק,M,Jewish,270
הדאיה,F,Muslim,269
פרי,M,Jewish,269
הילדה,F,Jewish,269
ג'ברין,M,Muslim,269
דניאל,M,Christian-Arab,269
ליאם,M,Druze,269
ג'אן,M,Christian-Arab,268
נאיף,M,Druze,268
דיצה,F,Jewish,268
נטעלי,F,Jewish,268
מריאל,F,Jewish,268
ביאן,M,Druze,268
סועאד,F,Christian-Arab,268
וג'דאן,F,Muslim,268
סוזאן,F,Jewish,268
יוהן,M,Jewish,267
בלקיס,F,Muslim,267
ג'ולאן,M,Muslim,267
איליא,F,Muslim,267
זיאד,M,Druze,267
עמיעד,M,Jewish,267
קורן,F,Jewish,267
נואל,F,Christian-Arab,266
נתניאל,M,Jewish,266
סאגדה,F,Muslim,266
ויסאל,F,Muslim,266
כמיל,M,Christian-Arab,266
סלביה,F,Jewish,265
דניה,F,Jewish,265
פיבי,F,Jewish,265
מנואל,M,Jewish,265
ערין,F,Christian-Arab,265
ח'דרה,F,Muslim,265
נג'לא,F,Muslim,265
אשלי,F,Jewish,265
סולימאן,M,Christian-Arab,265
נידאא,F,Muslim,265
פרדריק,M,Jewish,264
ברנדה,F,Jewish,264
אדרת,F,Jewish,264
אסינאת,F,Muslim,264
ריצרד,M,Jewish,263
הוד,F,Jewish,263
תולין,F,Druze,263
ענאן,M,Christian-Arab,263
מיראל,F,Christian-Arab,262
לאנה,F,Muslim,262
סיהאם,F,Christian-Arab,262
שנית,F,Jewish,262
אליצור,M,Jewish,261
הבטמו,M,Jewish,261
פיטר,M,Christian-Arab,261
רנית,F,Jewish,261
שאהין,M,Muslim,261
גואל,M,Jewish,261
ליית,M,Druze,260
אסעד,M,Druze,260
מרילין,F,Jewish,260
הלית,F,Jewish,260
נזמי,M,Muslim,260
אימאן,M,Christian-Arab,260
ריו,M,Jewish,259
ג'וליאן,M,Jewish,259
תבור,F,Jewish,259
ג'בריל,M,Muslim,259
לידה,F,Jewish,258
ברהנו,M,Jewish,258
לירם,M,Jewish,258
חאכמה,F,Muslim,258
אלרוי,M,Jewish,258
לימאר,F,Muslim,257
סואר,F,Druze,257
רנין,F,Druze,257
טלב,M,Muslim,257
ראני,M,Christian-Arab,257
שינא,F,Jewish,257
יהורם,M,Jewish,256
יגור,M,Jewish,256
מאהר,M,Druze,256
סיסאי,M,Jewish,256
נגה,M,Jewish,256
נביל,M,Druze,255
סחר,F,Druze,255
סיוואר,F,Muslim,255
מוריאל,M,Jewish,255
טדי,M,Jewish,255
דניל,M,Jewish,254
טירן,M,Jewish,254
סנד,M,Druze,253
פלורי,F,Jewish,253
ראיד,M,Druze,253
שהרזאד,F,Muslim,253
ידין,M,Jewish,253
סבין,F,Jewish,253
גוליא,F,Muslim,253
לוריא,M,Jewish,253
ג'ון,M,Christian-Arab,252
למיא,F,Muslim,252
מלקמו,M,Jewish,252
נוף,F,Muslim,252
שיינדי,F,Jewish,252
אשל,M,Jewish,252
גייל,F,Jewish,251
אמתיאז,F,Muslim,251
מריאן,F,Christian-Arab,251
רחמה,F,Jewish,251
תם,F,Jewish,251
טליה,F,Muslim,251
רנן,M,Jewish,251
ידידה,F,Jewish,250
ניקול,F,Christian-Arab,250
עאדל,M,Druze,250
ורד,F,Muslim,250
אליז,F,Jewish,250
עז,M,Jewish,250
מיכל,M,Jewish,250
מלודי,F,Jewish,250
רנאד,F,Muslim,250
אלרן,M,Jewish,249
ראיד,M,Christian-Arab,249
עפאף,F,Druze,249
מטביי,M,Jewish,249
גבי,F,Jewish,248
ג'וליא,F,Muslim,248
מתי,F,Jewish,248
סרגיו,M,Jewish,248
מיראל,F,Jewish,248
סאפי,M,Druze,248
ברי,F,Jewish,247
כיפאח,F,Muslim,247
ג'מיל,M,Druze,247
פלאח,M,Muslim,247
נוראלדין,M,Muslim,247
תאי,M,Jewish,247
פאידה,F,Muslim,247
לטיסיה,F,Jewish,247
האלה,F,Christian-Arab,247
אהבה,F,Jewish,247
רסמי,M,Muslim,247
כריסטיאן,M,Christian-Arab,247
סילה,F,Muslim,246
עליה,F,Jewish,246
עטי,F,Jewish,246
מרפת,F,Muslim,246
דומיניק,F,Jewish,246
מונה,F,Jewish,246
ויאם,M,Druze,246
רואן,F,Druze,245
נור,M,Jewish,245
סינדי,F,Jewish,245
נרמין,F,Christian-Arab,245
וסאם,F,Muslim,245
היאם,F,Druze,245
מורסי,M,Muslim,245
אדריס,M,Muslim,245
מיקי,F,Jewish,245
דימא,F,Christian-Arab,245
ודיע,M,Christian-Arab,244
סוהייר,F,Muslim,244
רג'א,M,Muslim,244
לאל,M,Jewish,244
סיני,F,Jewish,244
נג'וד,F,Muslim,244
רויה,F,Jewish,243
סינא,F,Muslim,243
זריפה,F,Muslim,243
ראם,M,Druze,243
ביאן,M,Muslim,243
איאד,M,Druze,243
חובב,M,Jewish,242
לילה,F,Druze,242
נור,M,Druze,242
יוסרי,M,Muslim,242
גידאא,F,Christian-Arab,242
מאטיל,F,Jewish,242
ז'נט,F,Jewish,242
טיגיסט,F,Jewish,242
סשה,F,Jewish,241
מיראל,F,Druze,241
סאוסן,F,Christian-Arab,241
אביטל,M,Jewish,241
אלוירה,F,Jewish,241
קלייר,F,Jewish,241
נוהר,F,Jewish,240
ליר,M,Jewish,240
יפת,M,Jewish,240
סווסן,F,Muslim,240
אמרה,M,Jewish,240
מטי,F,Jewish,240
דינא,F,Christian-Arab,239
לנא,F,Druze,239
מסרט,F,Jewish,239
שחק,M,Jewish,239
נצח,M,Jewish,239
נינל,F,Jewish,239
נוה,F,Jewish,239
נואל,F,Druze,239
רוזלין,F,Jewish,238
סאלי,M,Jewish,238
מיאל,M,Jewish,238
ארקאן,F,Muslim,238
ג'מאל,M,Christian-Arab,238
פביאן,M,Jewish,238
רושדי,M,Muslim,238
תוקא,F,Muslim,237
לארא,F,Christian-Arab,237
בנאן,F,Muslim,237
אביגל,F,Jewish,237
תומאס,M,Jewish,237
ליאנה,F,Muslim,237
גקלין,F,Jewish,236
חודיפה,M,Muslim,236
עאמר,M,Christian-Arab,236
מחמוד,M,Druze,236
הדיל,F,Druze,236
עאיישה,F,Muslim,235
אינעאם,F,Muslim,235
בנג'מין,M,Jewish,235
ליליאן,F,Christian-Arab,235
שריל,F,Jewish,235
ביילה,F,Jewish,235
סיף,M,Druze,235
ג'האן,F,Muslim,235
אנתיסאר,F,Muslim,235
טאי,M,Jewish,235
קיילא,F,Jewish,234
לידן,M,Jewish,234
יענטא,F,Jewish,234
אלי,M,Christian-Arab,234
פרננדו,M,Jewish,234
סימון,M,Christian-Arab,234
נאפז,M,Muslim,234
תאלא,F,Druze,234
דן,M,Druze,233
תמרה,F,Muslim,233
נאיפה,F,Druze,233
זאהי,M,Christian-Arab,233
פרנסין,F,Jewish,233
מידד,M,Jewish,233
בוסנה,F,Jewish,233
מירבת,F,Muslim,233
גרציה,F,Jewish,232
ריא,F,Muslim,232
שימי,M,Jewish,232
אנוואר,F,Muslim,232
ראדיה,F,Muslim,232
סלוה,F,Muslim,232
עומרי,F,Jewish,232
איבט,F,Jewish,232
לבונה,F,Jewish,232
סארה,F,Druze,232
נעים,M,Jewish,231
רם,M,Druze,231
עאדל,M,Christian-Arab,231
רביחה,F,Muslim,231
זהיה,F,Muslim,231
צפנת,F,Jewish,231
מלאק,F,Christian-Arab,231
מרסדס,F,Jewish,230
ג'ילאן,F,Muslim,230
פרחאן,M,Muslim,230
שנאל,F,Jewish,230
סאלי,F,Druze,230
מיאר,F,Druze,230
רבאח,M,Muslim,230
מיסר,F,Muslim,229
אתל,F,Jewish,229
פרחה,F,Muslim,229
סוהא,F,Christian-Arab,229
סעוד,M,Muslim,229
אנוור,M,Druze,229
ג'אדה,F,Muslim,229
לולו,F,Muslim,229
שפאא,F,Muslim,229
סוהייל,M,Christian-Arab,229
שלוה,M,Jewish,229
הינדל,F,Jewish,229
לרה,F,Jewish,228
וגדאן,F,Muslim,228
ראונק,F,Muslim,228
מרק,M,Christian-Arab,228
קרלה,F,Jewish,228
פרנסיס,M,Christian-Arab,228
טארק,M,Christian-Arab,228
טובי,M,Jewish,228
נהאל,F,Muslim,228
יוליאן,M,Jewish,227
רשא,F,Christian-Arab,227
עולא,F,Druze,227
כינאן,M,Muslim,227
ג'ואן,F,Jewish,227
אריאן,F,Jewish,227
לור,F,Christian-Arab,227
עבדול,M,Muslim,227
דפני,F,Jewish,226
עירא,M,Jewish,226
פולה,F,Jewish,226
ז'אק,M,Jewish,226
טומס,M,Jewish,226
אסעד,M,Christian-Arab,226
רזאן,F,Druze,226
בדיע,M,Muslim,226
מירפת,F,Muslim,225
תאלא,F,Christian-Arab,225
ריימונד,M,Jewish,225
סלמון,M,Jewish,225
ארסן,M,Jewish,225
עיטם,M,Jewish,225
אילאיל,F,Jewish,224
מופידה,F,Muslim,224
מרואן,M,Druze,224
ואיל,M,Christian-Arab,224
נטאלי,F,Jewish,224
פנינית,F,Jewish,224
ראם,M,Muslim,224
אנדרס,M,Jewish,224
למלם,F,Jewish,224
שחרי,F,Jewish,223
מוסלם,M,Muslim,223
טלאור,M,Jewish,223
קים,M,Jewish,223
ראיין,M,Jewish,223
ארלט,F,Jewish,223
ראיק,M,Muslim,223
מבשרת,F,Jewish,222
מסעודה,F,Jewish,222
סאהר,M,Christian-Arab,222
ריין,M,Jewish,222
עזרי,M,Jewish,222
רימונד,F,Jewish,222
מנדי,M,Jewish,222
סירין,F,Druze,221
אידל,F,Jewish,221
מואנס,M,Muslim,221
עלאא,F,Muslim,221
ניעמה,F,Muslim,221
נעימה,F,Jewish,221
דליה,F,Druze,221
ספא,F,Druze,221
לייב,M,Jewish,221
ענתי,F,Jewish,220
סורין,M,Jewish,220
לובנה,F,Christian-Arab,220
מילאן,M,Jewish,220
נעים,M,Christian-Arab,220
עדי,M,Druze,219
אלגרה,F,Jewish,219
תדהר,M,Jewish,219
רוז,F,Druze,219
בריגיט,F,Jewish,219
תיאו,M,Jewish,219
פאולינה,F,Jewish,219
גאל,F,Jewish,219
סוואר,F,Muslim,219
מייקל,M,Christian-Arab,219
עריפה,F,Muslim,218
עולא,F,Christian-Arab,218
אפק,F,Jewish,218
סחר,F,Christian-Arab,218
סידרה,F,Muslim,218
פאטמה,F,Druze,218
פאתנה,F,Christian-Arab,218
שמוליק,M,Jewish,217
רווידה,F,Muslim,217
אחיקם,M,Jewish,217
אולה,F,Jewish,217
אתי,M,Jewish,217
מדיחה,F,Muslim,217
סלע,M,Jewish,217
אדלינה,F,Jewish,216
אתרי,F,Jewish,216
שיר אל,F,Jewish,216
אדיב,M,Jewish,216
טאטיאנה,F,Jewish,216
רובן,M,Jewish,216
עיסאם,M,Druze,216
סאלי,F,Christian-Arab,216
דימא,F,Druze,216
בילי,F,Jewish,216
קמיל,F,Jewish,216
אפיק,F,Jewish,215
חוולה,F,Muslim,215
מוני,M,Jewish,215
מוראד,M,Christian-Arab,215
מטיאס,M,Jewish,215
נאדיה,F,Druze,215
אתיר,F,Muslim,214
זנט,F,Jewish,214
אזל,F,Muslim,214
גטנט,M,Jewish,214
איסר,M,Jewish,214
נג'יה,F,Muslim,214
מראם,F,Druze,213
שפיקה,F,Muslim,213
שיאל,M,Jewish,213
תאופיק,M,Druze,213
אייזיק,M,Jewish,213
אשד,M,Jewish,213
מדלין,F,Jewish,213
יואן,M,Jewish,213
דאוד,M,Christian-Arab,213
פאיז,M,Druze,212
וטפה,F,Muslim,212
דיה,F,Jewish,212
ארוה,F,Muslim,212
קארינה,F,Jewish,212
ויויאנה,F,Jewish,212
קינדה,F,Muslim,212
תיאה,F,Jewish,212
ופיק,M,Muslim,212
חושן,M,Jewish,212
ח'לוד,F,Muslim,212
האיל,M,Druze,212
איידי,F,Jewish,212
ריחאנה,F,Muslim,212
שקמה,F,Jewish,211
שילו,M,Jewish,211
אלישמע,M,Jewish,211
מגדולין,F,Muslim,211
פדיה,F,Muslim,211
אבתהאל,F,Muslim,211
ג'יימס,M,Jewish,211
נטע-לי,F,Jewish,211
מלסה,M,Jewish,210
דאהר,M,Muslim,210
דנה,F,Druze,210
אדנה,M,Jewish,209
לאונרד,M,Jewish,209
וטן,F,Muslim,209
איאן,M,Jewish,209
אמוץ,M,Jewish,209
קרנית,F,Jewish,209
פיאד,M,Muslim,209
היאלי,F,Jewish,209
ספייה,F,Muslim,209
עמיד,M,Muslim,209
רוסל,F,Muslim,209
ברנרדו,M,Jewish,209
חמד,M,Druze,209
גשאו,M,Jewish,209
היאם,F,Christian-Arab,209
לטם,F,Jewish,209
ניסרין,F,Muslim,208
יאסמינה,F,Muslim,208
גארי,M,Jewish,208
אנטה,F,Jewish,208
סרפימה,F,Jewish,208
ססיל,F,Jewish,208
מילא,F,Christian-Arab,207
שונית,F,Jewish,207
צ'רלס,M,Jewish,207
ריאד,M,Christian-Arab,207
גוליה,F,Jewish,207
אדגר,M,Jewish,207
ראניה,F,Druze,207
עילית,F,Jewish,206
ג'ולייט,F,Jewish,206
ראומה,F,Jewish,206
סרחיו,M,Jewish,206
ליבר,F,Jewish,206
ינינה,F,Jewish,206
אלמיטו,F,Jewish,206
מילאד,M,Muslim,206
עפאף,F,Christian-Arab,205
מילאן,F,Muslim,205
ריאהם,F,Muslim,205
גלילה,F,Jewish,205
לוטן,F,Jewish,205
איליי,F,Jewish,205
נאי,F,Druze,205
תימור,F,Jewish,205
פהים,M,Muslim,205
תמר,F,Muslim,205
זלטה,F,Jewish,205
אדוארד,M,Christian-Arab,205
רפאל,F,Jewish,205
טלעת,M,Muslim,204
ת'אבת,M,Muslim,204
עיאד,M,Muslim,204
מנאר,F,Druze,204
אינגריד,F,Jewish,204
ניקולא,M,Christian-Arab,204
אלמאזה,F,Muslim,204
ניבין,F,Christian-Arab,204
סביחה,F,Muslim,204
ביאנה,F,Jewish,204
ראתב,M,Muslim,204
סאן,F,Jewish,203
הרמן,M,Jewish,203
קלואי,F,Jewish,203
ידיד,M,Jewish,203
ג'סי,M,Jewish,203
נאסר,M,Christian-Arab,203
סם,M,Jewish,203
נזיה,M,Druze,203
יערי,M,Jewish,203
סולטנה,F,Jewish,203
נגמה,F,Muslim,202
עירד,M,Jewish,202
שנה,F,Jewish,202
סנדס,F,Muslim,202
תניה,F,Jewish,202
ויטה,F,Jewish,202
ימין,M,Jewish,202
טלילה,F,Jewish,202
זוהיר,F,Muslim,201
גפרי,M,Jewish,201
סעדיה,F,Muslim,201
דלילה,F,Jewish,201
רעכל,F,Jewish,201
ערוב,F,Muslim,201
לילאס,F,Muslim,201
עליאא,F,Muslim,201
נורה,F,Druze,201
שונטל,F,Jewish,201
פריידה,F,Jewish,201
מורל,F,Jewish,200
מסגנאו,M,Jewish,200
פייר,M,Jewish,200
ששי,M,Jewish,200
גידי,M,Jewish,200
סאלחה,F,Druze,200
סביל,F,Muslim,200
נאנסי,F,Christian-Arab,199
נאסר,M,Druze,199
קינן,M,Jewish,199
יוכי,F,Jewish,199
נדיר,M,Jewish,199
ג'ואד,M,Christian-Arab,198
ח'אלד,M,Druze,198
אנטונינה,F,Jewish,198
ג'ודית,F,Jewish,198
רפקה,F,Muslim,197
עדי,M,Christian-Arab,197
פאתן,F,Druze,197
סימן,M,Jewish,197
כוכבית,F,Jewish,197
נוהא,F,Christian-Arab,197
אמל,M,Muslim,197
רג'אא,F,Muslim,197
זהייה,F,Muslim,197
אדיר,M,Druze,197
אורג'ואן,F,Muslim,196
מאסא,F,Muslim,196
רוז,F,Christian-Arab,196
איחסאן,M,Druze,196
זוהרה,F,Muslim,196
שיילי,F,Jewish,196
רינה,F,Christian-Arab,196
כאלד,M,Muslim,196
נעאמה,F,Muslim,195
ראגדה,F,Muslim,195
ריאן,M,Jewish,195
הדרה,F,Jewish,195
אלמנש,F,Jewish,195
רימונה,F,Jewish,195
סועאד,F,Druze,195
אייל,M,Muslim,195
נוית,F,Jewish,195
ויויאן,F,Christian-Arab,195
דברת,F,Jewish,195
ג'וליאן,M,Druze,195
אלירם,M,Jewish,195
אלגריה,F,Jewish,195
ניווין,F,Muslim,195
רולנד,M,Jewish,195
מאג'ד,M,Druze,194
אנני,F,Jewish,194
מולה,M,Jewish,194
סייד,M,Muslim,194
סוהיר,F,Christian-Arab,194
לירן,M,Druze,194
מוריס,M,Christian-Arab,194
סמנטה,F,Jewish,194
סידני,M,Jewish,194
נג'ואן,F,Muslim,193
רחמין,M,Jewish,193
ג'ינאן,F,Muslim,193
רנדה,F,Christian-Arab,193
זכייה,F,Muslim,193
נואר,F,Muslim,193
איילה,F,Druze,193
זיאד,M,Christian-Arab,193
יחיעם,M,Jewish,193
סלעית,F,Jewish,193
אנדריאה,F,Jewish,192
מונירה,F,Druze,192
מיגל,M,Jewish,192
ג'ריס,M,Christian-Arab,192
יהודא,M,Jewish,192
דינא,F,Druze,192
נרגס,F,Muslim,192
ענוה,F,Jewish,191
יאקין,F,Muslim,191
קאסם,M,Druze,191
מעאלי,F,Muslim,191
אדואר,M,Christian-Arab,191
פירה,F,Jewish,191
קלבדיה,F,Jewish,191
מרין,F,Jewish,190
שירין,F,Druze,190
ליין,F,Muslim,190
רמון,M,Jewish,190
ארג'ואן,F,Muslim,190
שרלוט,F,Jewish,190
מוזס,M,Jewish,190
לוקה,M,Jewish,190
אחלאם,F,Druze,190
אספיר,F,Jewish,190
נינו,F,Jewish,190
נעים,M,Druze,190
ויולט,F,Jewish,190
משהור,M,Muslim,190
רעכיל,F,Jewish,190
רוני,M,Druze,190
ניראל,M,Jewish,190
אמאני,F,Druze,190
ניהאל,F,Muslim,190
דין,F,Jewish,190
תיא,F,Christian-Arab,189
לוסיה,F,Jewish,189
חמודי,M,Muslim,189
מרוה,F,Jewish,189
סביח,M,Muslim,189
ג'ורי,F,Druze,189
זינובי,M,Jewish,189
סלווה,F,Muslim,188
נוח,M,Jewish,188
סמנתה,F,Jewish,188
חנין,F,Christian-Arab,188
תימור,M,Druze,188
קמי,F,Jewish,188
נחלה,F,Jewish,188
סמיר,M,Jewish,188
קילא,F,Jewish,188
אלית,F,Jewish,188
אלמו,M,Jewish,188
סעידה,F,Muslim,188
רואידה,F,Muslim,188
שר,M,Jewish,187
סעדי,M,Muslim,187
טדלה,F,Jewish,187
שארה,F,Muslim,187
רוזנה,F,Jewish,187
ניזאר,M,Druze,187
אקראם,F,Muslim,187
רויזא,F,Jewish,187
כרמן,F,Jewish,187
קיילי,F,Jewish,187
יראת,F,Jewish,187
עאמר,M,Druze,187
מוניב,M,Muslim,187
בתשבע,F,Jewish,187
ניהאד,F,Muslim,186
מורד,M,Jewish,186
תוג'אן,F,Muslim,186
שיאל,F,Jewish,186
סרג'יו,M,Jewish,186
אלארי,M,Jewish,186
מרצדס,F,Jewish,186
ליב,M,Jewish,186
לארא,F,Druze,186
אינס,F,Christian-Arab,186
תג'ריד,F,Muslim,186
למאר,F,Christian-Arab,185
פריד,M,Druze,185
כתריאל,M,Jewish,185
פאדיה,F,Christian-Arab,185
ריטה,F,Christian-Arab,185
מלכי,F,Jewish,185
גמעה,M,Muslim,185
אוולינה,F,Jewish,185
מילן,F,Jewish,185
דוניא,F,Druze,185
היידי,F,Jewish,185
טגסט,F,Jewish,185
בדיעה,F,Muslim,184
תמימה,F,Druze,184
אבלינה,F,Jewish,184
דייויד,M,Jewish,184
כרים,M,Christian-Arab,184
עדין,M,Jewish,184
קאמלה,F,Muslim,184
טרז,F,Jewish,184
איאד,M,Christian-Arab,184
שאם,F,Druze,184
אמג'ד,M,Druze,184
ליבת,F,Jewish,184
אשואק,F,Muslim,184
תיא,F,Druze,184
חסידה,F,Jewish,184
סווטלנה,F,Jewish,184
נבילה,F,Christian-Arab,184
מאי,F,Christian-Arab,183
צורית,F,Jewish,183
סאני,F,Jewish,183
מייסאא,F,Muslim,183
נבות,M,Jewish,183
בנציון,M,Jewish,183
שלומציון,F,Jewish,183
מרגו,F,Jewish,183
וורקה,F,Jewish,183
אלהאם,F,Druze,183
סילינא,F,Muslim,183
נצר,M,Jewish,183
מצליח,M,Jewish,183
עמיד,M,Druze,183
דוניא,F,Christian-Arab,183
נאדר,M,Druze,182
עליאן,M,Muslim,182
טרי,F,Jewish,182
נורין,F,Muslim,182
פיודור,M,Jewish,182
אליונה,F,Jewish,182
פעסיל,F,Jewish,182
מנא,F,Muslim,182
רישרד,M,Jewish,182
אלענוד,F,Muslim,182
כלתום,F,Muslim,182
אמציה,M,Jewish,181
עפיף,M,Druze,181
סלמן,M,Jewish,181
זיוית,F,Jewish,181
וותין,F,Muslim,181
ענאד,M,Muslim,181
חזקיה,M,Jewish,181
סקוט,M,Jewish,181
בלוריה,F,Jewish,181
עזיזה,F,Jewish,181
מירא,F,Druze,180
רתיבה,F,Muslim,180
נדה,F,Muslim,180
עבדאללה,M,Christian-Arab,180
ערד,M,Jewish,180
מירנא,F,Christian-Arab,180
אראם,M,Muslim,180
חווה,F,Jewish,180
מסעדה,F,Muslim,180
אליאן,F,Muslim,180
אילנה,F,Muslim,180
גאלדא,F,Jewish,180
פנטנש,F,Jewish,179
סמירה,F,Jewish,179
פולט,F,Jewish,179
רפיק,M,Jewish,179
מג'דולין,F,Muslim,179
קריסטין,F,Christian-Arab,179
אורלית,F,Jewish,179
אילאן,F,Muslim,179
ניהאד,M,Muslim,179
ג'ינה,F,Jewish,179
ג'יין,F,Jewish,179
לובנה,F,Druze,179
ביאנקה,F,Jewish,179
מולי,F,Jewish,179
פאדל,M,Muslim,179
ג'אד,M,Druze,179
אברי,M,Jewish,179
סילבנה,F,Jewish,178
אומרי,M,Jewish,178
עמינדב,M,Jewish,178
שאוקי,M,Muslim,178
מרבת,F,Muslim,178
אולין,F,Jewish,178
וג'די,M,Druze,178
ירום,M,Jewish,177
דייזי,F,Jewish,177
עטאללה,M,Muslim,177
אורליה,F,Jewish,177
גאסם,M,Muslim,177
רגא,F,Muslim,177
נאורה,F,Jewish,177
סלבה,M,Jewish,177
ספי,M,Jewish,177
סיליה,F,Muslim,177
סנאבל,F,Muslim,177
זקי,M,Jewish,177
למאר,F,Druze,177
לורין,F,Druze,177
יפעה,F,Jewish,177
עומראן,M,Muslim,177
מרלין,F,Christian-Arab,177
למא,F,Druze,177
זאנה,F,Muslim,177
סולטאן,M,Druze,176
לוגיין,F,Muslim,176
זרח,M,Jewish,176
שוק,F,Muslim,176
גינאן,F,Muslim,176
גתית,F,Jewish,176
יונס,M,Jewish,176
גולי,F,Jewish,176
רפיק,M,Druze,175
אספה,M,Jewish,175
חכם,M,Muslim,175
רגאא,F,Muslim,175
סהיר,F,Muslim,175
נאיל,M,Druze,175
תימור,M,Jewish,175
זליג,M,Jewish,175
בשיר,M,Christian-Arab,175
מואפק,M,Muslim,175
אפריל,F,Jewish,175
דסה,M,Jewish,175
צפניה,M,Jewish,174
היפאא,F,Muslim,174
זינאלדין,M,Muslim,174
אליס,F,Christian-Arab,174
מרווה,F,Druze,174
מירטה,F,Jewish,174
ינאל,M,Druze,174
מרלין,F,Muslim,174
תקוה,F,Muslim,174
בדור,F,Muslim,173
גני,F,Jewish,173
רשידה,F,Muslim,173
ניסון,M,Jewish,173
היגר,F,Muslim,173
מג'די,M,Druze,173
פייגל,F,Jewish,173
חמזה,M,Druze,173
נהרה,F,Jewish,173
אור אל,M,Jewish,172
אקטרינה,F,Jewish,172
הנייה,F,Muslim,172
גידאא,F,Druze,172
ג'וזף,M,Jewish,172
נוייה,F,Jewish,172
חואן,M,Jewish,171
מסעוד,M,Muslim,171
רומינה,F,Jewish,171
אשרף,M,Christian-Arab,171
חמודה,M,Muslim,171
הנא,F,Christian-Arab,171
בורהאן,M,Muslim,171
סגולה,F,Jewish,171
טוב,M,Jewish,171
ליקה,F,Jewish,171
וולף,M,Jewish,171
אדיב,M,Druze,171
ג'ואנה,F,Muslim,171
מויסיי,M,Jewish,171
רייאן,M,Muslim,171
מולוקן,M,Jewish,171
אן,F,Druze,171
אנריקה,M,Jewish,171
כרם,M,Druze,170
שרלי,F,Jewish,170
ג'וני,M,Jewish,170
פריידי,F,Jewish,170
נימר,M,Christian-Arab,170
טדסה,M,Jewish,170
לאנה,F,Jewish,170
שאדיה,F,Christian-Arab,170
קארין,F,Muslim,170
אנגלה,F,Jewish,170
ילין,F,Jewish,170
צליל,M,Jewish,170
רדא,F,Muslim,170
אריג',F,Christian-Arab,170
עומר,M,Druze,170
ניבי,F,Jewish,170
אינס,F,Druze,169
זוהייר,M,Muslim,169
ואתין,F,Muslim,169
ולדה,F,Jewish,169
ססיליה,F,Jewish,169
חנן,F,Muslim,169
עזמי,M,Christian-Arab,169
מריוס,M,Jewish,169
מואיז,M,Jewish,169
מירנה,F,Muslim,169
אדיסה,F,Jewish,169
רימון,M,Jewish,168
גניפר,F,Jewish,168
האיל,M,Muslim,168
באטריס,F,Jewish,168
גהאן,F,Muslim,168
ג'רייס,M,Christian-Arab,168
אסתברק,F,Muslim,168
כוכב,F,Jewish,168
אסטל,F,Jewish,168
עאוני,M,Christian-Arab,168
עינה,F,Jewish,168
אמיל,M,Muslim,167
נג'יב,M,Christian-Arab,167
הדיה,F,Muslim,167
שירת,F,Jewish,167
ראגב,M,Muslim,167
גי,M,Jewish,167
תהליל,F,Muslim,167
ג'נה,F,Jewish,167
רשא,F,Druze,167
עבדאללה,M,Druze,167
פיגה,F,Jewish,167
פדה,F,Muslim,167
עצמון,M,Jewish,167
לוקאס,M,Christian-Arab,166
עתמאן,M,Muslim,166
טיירי,M,Jewish,166
פנטהון,M,Jewish,166
סער,F,Jewish,166
פסי,F,Jewish,166
שאולי,M,Jewish,166
שי-אל,M,Jewish,166
אדיבה,F,Muslim,166
היא-לי,F,Jewish,166
לורנה,F,Jewish,166
סאני,M,Jewish,166
עצאם,M,Muslim,165
פוזיה,F,Muslim,165
אניס,M,Christian-Arab,165
איטל,F,Jewish,165
יארין,F,Muslim,165
סאפי,M,Muslim,165
ערגה,F,Jewish,165
סמאח,F,Druze,165
גלילה,F,Muslim,165
שטרנא,F,Jewish,165
ג'מילה,F,Druze,165
ויולטה,F,Jewish,165
סיאל,F,Jewish,165
פדות,F,Jewish,165
דלפין,F,Jewish,165
דומיניק,M,Jewish,165
נדים,M,Druze,164
רקיה,F,Muslim,164
מופיד,M,Druze,164
ראיה,F,Druze,164
יוהנה,F,Jewish,164
דין,M,Druze,164
סוף,M,Jewish,164
מנה,F,Muslim,164
פאתן,F,Christian-Arab,164
אאידה,F,Jewish,164
ג'ומאנה,F,Christian-Arab,164
למא,F,Christian-Arab,164
טליע,M,Druze,163
זאן,M,Jewish,163
אימרי,F,Jewish,163
לארה,F,Jewish,163
יארוסלב,M,Jewish,163
ליונל,M,Jewish,163
סגר,M,Muslim,163
וויליאם,M,Jewish,163
ג'סאן,M,Muslim,163
ענאן,F,Muslim,163
ראופה,F,Muslim,163
מזיה,F,Jewish,163
מוראל,F,Jewish,163
פאטן,F,Muslim,162
נאזם,M,Muslim,162
ליפא,M,Jewish,162
בוגדן,M,Jewish,162
סוהייל,M,Muslim,162
חניפה,F,Muslim,162
אראם,M,Druze,162
ינה,F,Jewish,162
גודי,F,Muslim,162
שלם,M,Jewish,162
גמר,F,Muslim,162
עלאי,M,Jewish,162
סלאח,M,Druze,162
דיאא,F,Muslim,162
סימה,F,Druze,162
אריאן,M,Jewish,162
ג'ואל,M,Jewish,161
מירלה,F,Jewish,161
אמילי,F,Christian-Arab,161
נביהה,F,Muslim,161
רונן,M,Druze,161
זוהיר,M,Christian-Arab,161
חטאב,M,Muslim,161
ריבי,F,Jewish,161
איינאו,M,Jewish,161
נפוז,F,Muslim,161
אחיעד,M,Jewish,161
ודאד,F,Druze,161
באר,F,Jewish,161
פנטה,F,Jewish,161
רמזיה,F,Muslim,161
מיכאל,F,Jewish,161
לוסין,F,Muslim,160
נירן,M,Jewish,160
תאיר,M,Jewish,160
יהוידע,M,Jewish,160
אברה,M,Jewish,160
סעאד,F,Muslim,160
לינדה,F,Christian-Arab,160
ריאן,M,Christian-Arab,160
רוניה,F,Jewish,160
יוסוף,M,Muslim,160
שעבאן,M,Muslim,160
שהד,F,Druze,160
לב,F,Jewish,160
פביאן,F,Jewish,159
שרינה,F,Jewish,159
רוזיטה,F,Jewish,159
מרשה,F,Jewish,159
איחלאס,F,Muslim,159
למיה,F,Muslim,159
פרג,M,Muslim,159
רובה,F,Christian-Arab,159
דימה,M,Jewish,159
שושן,F,Jewish,159
גילית,F,Jewish,159
מריסה,F,Jewish,158
אל,M,Muslim,158
אלודי,F,Jewish,158
שובי,F,Jewish,158
ישורון,M,Jewish,158
גאזיה,F,Muslim,158
נאדרה,F,Christian-Arab,158
מניה,F,Jewish,158
אליס,F,Muslim,158
אנס,F,Muslim,158
נסים,M,Druze,158
סילויה,F,Jewish,158
ירוסלב,M,Jewish,158
מייסון,F,Druze,158
עוני,M,Muslim,158
אלאא,F,Druze,157
נוהאד,F,Muslim,157
מערוף,M,Muslim,157
שיינדיל,F,Jewish,157
ג'נא,F,Druze,157
מריאן,M,Jewish,157
נורה,F,Christian-Arab,157
סאג'י,M,Muslim,157
אסואן,F,Muslim,157
ליית',M,Muslim,157
רקל,F,Jewish,157
עאטף,M,Druze,157
כנה,F,Jewish,157
וגיהה,F,Muslim,157
רגד,F,Druze,157
כינרת,F,Jewish,157
בדר,F,Muslim,156
סוהא,F,Druze,156
רדמילה,F,Jewish,156
מהה,F,Muslim,156
רוזאן,F,Christian-Arab,156
יגיל,M,Jewish,156
מיריל,F,Christian-Arab,156
נהר,M,Jewish,156
סוהילה,F,Christian-Arab,156
דונא,F,Muslim,156
גיית,M,Muslim,156
סליה,F,Jewish,156
דריו,M,Jewish,156
ארגמן,F,Jewish,155
צוריה,F,Jewish,155
נוהה,F,Muslim,155
טים,M,Jewish,155
גב,M,Jewish,155
הילני,F,Jewish,155
טרזה,F,Jewish,155
שריף,M,Druze,155
נסלי,F,Jewish,155
מיכאל,M,Christian-Arab,155
שדא,F,Druze,155
הייגר,F,Muslim,155
אילין,F,Christian-Arab,155
רידאן,M,Druze,154
מחאסן,F,Muslim,154
לימאי,F,Jewish,154
וקטוריה,F,Jewish,154
מייאר,F,Muslim,154
אנדרו,M,Christian-Arab,154
לורין,F,Christian-Arab,154
שוג,F,Muslim,154
רע,M,Jewish,154
מיקאלה,F,Jewish,154
ארי,F,Jewish,153
סוהר,F,Muslim,153
צפאא,F,Muslim,153
אגנס,F,Jewish,153
תמר,F,Druze,153
יער,F,Jewish,153
אדיב,M,Christian-Arab,153
לירי,M,Jewish,153
רוזה,F,Muslim,153
הישאם,M,Druze,153
פארח,F,Muslim,153
איחסאן,F,Muslim,153
ורד,M,Druze,153
אילן,F,Jewish,152
נורמן,M,Jewish,152
עשירה,F,Jewish,152
אופרי,M,Jewish,152
רוקסנה,F,Jewish,152
פוראת,M,Muslim,152
סאמיה,F,Druze,152
סיניה,F,Jewish,152
זינה,F,Druze,152
רינה,F,Druze,152
נס,M,Jewish,152
ג'ניה,F,Jewish,152
תאודור,M,Jewish,151
מושית,F,Jewish,151
אלהאם,F,Christian-Arab,151
וונדי,F,Jewish,151
צירה,F,Jewish,151
פאיק,M,Muslim,151
תניא,F,Jewish,151
פולי,F,Jewish,151
צפרירה,F,Jewish,151
איזי,M,Jewish,151
סאדק,M,Muslim,151
קלריס,F,Jewish,151
טיראן,M,Jewish,150
גסאן,M,Druze,150
רושל,M,Jewish,150
ישעי,M,Jewish,150
יטל,F,Jewish,150
חורייה,F,Muslim,150
דיבה,F,Muslim,150
אללה,F,Jewish,150
ריאד,M,Druze,149
פורסאן,M,Muslim,149
לורד,F,Christian-Arab,149
זיין,F,Muslim,149
סולאף,F,Muslim,149
סאם,M,Jewish,149
בוני,F,Jewish,149
מלקו,M,Jewish,149
איירוס,F,Jewish,149
זאק,M,Jewish,149
רהב,M,Jewish,149
רהאם,F,Christian-Arab,149
דלע,F,Muslim,149
ריטאל,F,Muslim,149
טאיסיה,F,Jewish,149
לולו,F,Jewish,148
דנאל,M,Jewish,148
נסרי,M,Muslim,148
ויצ'סלב,M,Jewish,148
נהלא,F,Muslim,148
סילבן,M,Jewish,148
פטריציה,F,Jewish,148
אסטלה,F,Jewish,148
אשגאן,F,Muslim,148
לורנט,M,Jewish,148
שאשא,F,Jewish,148
רהף,F,Druze,148
קינן,M,Muslim,148
יואלה,F,Jewish,148
ג'אסר,M,Muslim,148
ברוניה,F,Jewish,147
יאמן,M,Druze,147
רכאן,M,Muslim,147
שהרבאן,F,Druze,147
תוליב,F,Muslim,147
גומא,M,Jewish,147
מג'יד,M,Muslim,147
רוברטה,F,Jewish,147
סאהר,M,Druze,147
רובה,F,Druze,147
חנין,F,Druze,147
רנדא,F,Muslim,147
ודאד,F,Christian-Arab,147
קאי,F,Jewish,147
עמנואלה,F,Jewish,147
גלדיס,F,Jewish,147
שמסה,F,Muslim,147
מירוות,F,Muslim,147
איוב,M,Jewish,147
אבתיסאם,F,Druze,147
שון,F,Jewish,147
אלדן,M,Jewish,146
שיילה,F,Jewish,146
אליאורה,F,Jewish,146
צמרת,F,Jewish,146
מהדי,M,Druze,146
חדווה,F,Jewish,146
גזל,F,Druze,146
מוראד,M,Druze,146
נורי,F,Jewish,146
לאל,F,Jewish,146
נזירה,F,Muslim,146
אל,F,Jewish,146
עקאב,M,Muslim,146
מאוריסיו,M,Jewish,146
ראדה,F,Muslim,146
נוף,F,Jewish,145
ויצמן,M,Jewish,145
רהאם,F,Druze,145
מורג,F,Jewish,145
זיינה,F,Muslim,145
עמירה,F,Jewish,145
גמלאת,F,Muslim,145
איידן,M,Jewish,145
סאמח,M,Druze,145
רתאל,F,Muslim,145
דועאא,F,Druze,145
קימברלי,F,Jewish,145
זאין,M,Muslim,144
מוניה,F,Druze,144
סבריה,F,Muslim,144
מתין,M,Muslim,144
סביון,F,Jewish,144
ימאן,F,Muslim,144
אלמא,F,Druze,144
מומי,M,Jewish,144
אלסה,F,Jewish,144
גלבוע,M,Jewish,144
אלווירה,F,Jewish,144
עמיר,M,Muslim,144
תמאר,F,Muslim,144
צפא,F,Muslim,144
מנטגבוש,F,Jewish,144
כפא,F,Muslim,144
יהונדב,M,Jewish,144
קורינה,F,Jewish,143
סמעאן,M,Christian-Arab,143
מנאר,F,Christian-Arab,143
אומיה,F,Muslim,143
סאמייה,F,Muslim,143
נילי,F,Muslim,143
אמין,M,Christian-Arab,143
סברין,F,Druze,143
חאתם,M,Druze,143
והיבה,F,Muslim,143
טום,F,Jewish,143
הגר,F,Muslim,143
איזיק,M,Jewish,143
גרטה,F,Jewish,143
סילא,F,Druze,143
ג'יזל,F,Jewish,143
סלים,M,Jewish,143
מילאן,M,Druze,143
וידה,F,Jewish,143
סמיח,M,Druze,143
אופאל,F,Jewish,143
רתאג',F,Muslim,143
צילי,F,Jewish,143
מריון,F,Jewish,142
חוליו,M,Jewish,142
ציביה,F,Jewish,142
תחסין,M,Muslim,142
ריטל,F,Muslim,142
ברוס,M,Jewish,142
אליאונורה,F,Jewish,142
גולאן,F,Muslim,142
חפצי,F,Jewish,142
פליאה,F,Jewish,142
רשף,M,Jewish,142
זורב,M,Jewish,142
איסל,F,Muslim,142
זכרי,M,Jewish,142
נהא,F,Muslim,142
מגלי,F,Jewish,142
מג'יד,M,Druze,142
עטר,F,Jewish,142
איזולדה,F,Jewish,142
לור,F,Druze,142
מולוגטה,M,Jewish,141
פיריאל,F,Muslim,141
מריק,M,Jewish,141
בטינה,F,Jewish,141
שיראל,M,Jewish,141
אסמרה,M,Jewish,141
אידן,M,Jewish,141
אכרם,M,Druze,141
ארסני,M,Jewish,141
קטר,F,Muslim,141
ראיקה,F,Muslim,141
סוהיילה,F,Muslim,141
האלה,F,Druze,141
חאנין,F,Muslim,141
גזאל,F,Muslim,141
חאלד,M,Muslim,141
שובה,F,Jewish,141
אמור,M,Jewish,141
ספא,M,Druze,141
איירין,F,Jewish,141
תיימור,M,Druze,141
נתי,F,Jewish,141
רבא,F,Muslim,140
סירין,F,Christian-Arab,140
סלוא,F,Christian-Arab,140
הרן,M,Jewish,140
גטו,M,Jewish,140
אזהר,F,Muslim,140
טובית,F,Jewish,140
דרויש,M,Muslim,140
ארווה,F,Muslim,140
אלכסנדרו,M,Jewish,140
רוג'ר,M,Jewish,140
ראאדה,F,Muslim,140
עקיבה,M,Jewish,140
ביתיה,F,Jewish,140
גית,M,Muslim,140
אדהם,M,Christian-Arab,140
פעריל,F,Jewish,140
סטנלי,M,Jewish,140
אלירון,M,Jewish,140
סוהייר,F,Christian-Arab,140
ג'ולין,F,Christian-Arab,140
יוחנא,M,Christian-Arab,140
נאילה,F,Christian-Arab,140
ירוס,F,Jewish,140
ריתא,F,Christian-Arab,139
עלמנש,F,Jewish,139
הישאם,M,Christian-Arab,139
ראויה,F,Christian-Arab,139
מליה,F,Jewish,139
ג'ויס,F,Jewish,139
שמס,M,Muslim,139
עפיף,M,Christian-Arab,139
יתרב,F,Muslim,139
שפיק,M,Druze,139
דרינה,F,Jewish,139
צבאח,F,Muslim,139
נמיר,F,Muslim,139
אחלאם,F,Christian-Arab,139
זוהיר,M,Druze,139
נרדין,F,Christian-Arab,139
ליביה,F,Jewish,139
נטלי,F,Druze,139
וטן,M,Muslim,139
אילור,F,Jewish,139
דלאל,F,Druze,139
הדיל,F,Christian-Arab,139
קרולין,F,Christian-Arab,139
עליה,F,Druze,138
נאדיא,F,Christian-Arab,138
באדרה,F,Muslim,138
מייס,F,Christian-Arab,138
איילא,F,Muslim,138
ברוק,M,Jewish,138
אלמאזה,F,Druze,138
עבלא,F,Muslim,138
בשאיר,F,Muslim,138
קרין,F,Muslim,138
פאלח,M,Muslim,138
הוד,M,Muslim,138
ראקאן,M,Muslim,138
זאור,M,Jewish,138
נגלא,F,Muslim,138
רינאל,F,Muslim,137
גק,M,Jewish,137
וודאד,F,Muslim,137
גינה,F,Jewish,137
טמילה,F,Jewish,137
מליא,F,Jewish,137
תומי,M,Jewish,137
נסיב,M,Druze,137
עהד,M,Muslim,137
לי-שי,F,Jewish,137
ארגואן,F,Muslim,137
מלאק,M,Druze,137
קייט,F,Jewish,137
אמאנה,F,Muslim,137
חגאי,M,Jewish,137
רוזלין,F,Muslim,137
מראם,F,Christian-Arab,137
זהרא,F,Muslim,137
שי-אל,F,Jewish,137
מתיאס,M,Jewish,137
ג'ולי,F,Christian-Arab,137
תור,M,Jewish,137
יאנה,F,Muslim,137
שעיה,M,Jewish,136
בדראן,M,Muslim,136
ג'וואד,M,Muslim,136
נתאלי,F,Christian-Arab,136
פועה,F,Jewish,136
נגוה,F,Muslim,136
שמיר,M,Jewish,136
סרג,M,Jewish,136
ארז,F,Muslim,136
גיזלה,F,Jewish,136
מישה,M,Jewish,136
לילית,F,Jewish,136
זהרה,F,Druze,136
ראמז,M,Christian-Arab,136
ברכאת,M,Muslim,136
רודיקה,F,Jewish,136
גאית,M,Muslim,136
נעמאת,F,Muslim,135
תמנע,F,Jewish,135
סבי,M,Jewish,135
נגיה,F,Muslim,135
קרואן,F,Muslim,135
מובארכ,M,Muslim,135
שנהב,M,Jewish,135
עדן,M,Druze,135
סאנדי,F,Muslim,135
לור,F,Jewish,135
גרייס,F,Christian-Arab,135
קמר,F,Druze,135
פריבה,F,Jewish,135
אכלאס,F,Muslim,135
אנטואן,M,Christian-Arab,135
ג'יהאד,M,Druze,135
טילא,F,Jewish,135
הרולד,M,Jewish,135
בריינא,F,Jewish,135
רייזא,F,Jewish,135
יה-לי,F,Jewish,135
הווארד,M,Jewish,135
חייאת,F,Muslim,134
יוראי,M,Jewish,134
אבן,M,Jewish,134
גסטון,M,Jewish,134
היית'ם,M,Christian-Arab,134
מיליא,F,Muslim,134
קרין,F,Druze,134
קרלוס,M,Christian-Arab,134
אסאלה,F,Druze,134
ללה,F,Jewish,134
אנתצאר,F,Muslim,134
תאים,M,Muslim,134
שיר-אל,F,Jewish,134
עאידה,F,Druze,134
דייגו,M,Jewish,133
קטלין,F,Jewish,133
ג'וסלין,F,Jewish,133
לאור,M,Jewish,133
סולי,M,Jewish,133
סרחאן,M,Muslim,133
גוני,M,Christian-Arab,133
הוידה,F,Muslim,133
גינה,F,Muslim,133
רודולף,M,Jewish,133
אוסלין,F,Muslim,133
ריימונד,F,Jewish,133
אדריאן,F,Jewish,133
שי-לי,M,Jewish,133
וילי,M,Jewish,133
נורמה,F,Jewish,133
שריתה,F,Jewish,132
אהוביה,M,Jewish,132
כארם,F,Muslim,132
מוהנא,M,Druze,132
נהאי,F,Muslim,132
נגווה,F,Muslim,132
בהייה,F,Muslim,132
נואל,F,Jewish,132
מנצור,M,Muslim,132
ג'ומאן,F,Muslim,132
ג'ואנה,F,Christian-Arab,132
נדים,M,Christian-Arab,132
טגיסט,F,Jewish,132
ליאל,F,Druze,132
אריה,F,Jewish,132
זהירה,F,Muslim,132
העניא,F,Jewish,132
פהד,M,Christian-Arab,132
וספיה,F,Muslim,132
גטהון,M,Jewish,131
תגריד,F,Christian-Arab,131
ארז,M,Muslim,131
לי-ים,F,Jewish,131
יוני,F,Jewish,131
מלכות,F,Jewish,131
מרסיה,F,Jewish,131
ירמיה,M,Jewish,131
ניג'מה,F,Muslim,131
פדריקו,M,Jewish,131
ריינה,F,Jewish,131
נג'לה,F,Muslim,131
ג'ון,F,Jewish,131
רבקה,F,Muslim,131
ג'אד,M,Christian-Arab,131
פטום,F,Muslim,131
דניאל,M,Muslim,131
סקר,M,Druze,131
אריג',F,Druze,131
פקדו,M,Jewish,131
ג'ורג'ית,F,Christian-Arab,131
הינדי,F,Jewish,131
קארין,F,Christian-Arab,130
מרכוס,M,Jewish,130
תראא,F,Muslim,130
מרווה,F,Christian-Arab,130
בלטה,M,Jewish,130
לוזאן,F,Druze,130
סמא,F,Druze,130
סוף,F,Jewish,130
קסם,M,Jewish,130
גמיעה,F,Muslim,130
ראג'ח,M,Muslim,130
הדי,F,Jewish,130
נעמתי,F,Muslim,130
כליל,M,Jewish,130
סולאפה,F,Muslim,130
נבילה,F,Druze,130
אנוור,F,Druze,130
אילהאם,F,Christian-Arab,130
קנט,M,Jewish,130
הלינה,F,Jewish,130
ניצנה,F,Jewish,130
ראיפה,F,Muslim,129
לוקאס,M,Jewish,129
בשאר,M,Christian-Arab,129
אייל,F,Jewish,129
נוהא,F,Druze,129
גאסר,M,Muslim,129
אביעזר,M,Jewish,129
ג'סיקה,F,Christian-Arab,129
שלמי,M,Jewish,129
ג'מאלאת,F,Muslim,129
צאברין,F,Muslim,129
מולו,M,Jewish,129
אירוס,F,Jewish,129
סלוא,F,Druze,128
סעיד,M,Jewish,128
רוחי,M,Muslim,128
חסן,F,Muslim,128
סימיון,M,Jewish,128
ולאא,F,Druze,128
סילביו,M,Jewish,128
וורדה,F,Muslim,128
מדי,F,Jewish,128
תימאא,F,Druze,128
מתנה,F,Jewish,128
הנרי,M,Christian-Arab,128
הקטור,M,Jewish,128
נתאלי,F,Muslim,128
אובאי,M,Muslim,127
תמר,M,Jewish,127
מיא,F,Jewish,127
איזידור,M,Jewish,127
רפיקה,F,Muslim,127
שושן,M,Jewish,127
נביה,M,Druze,127
נגלה,F,Muslim,127
כרים,M,Druze,127
כאוכב,F,Muslim,127
מולונש,F,Jewish,127
מראח,F,Muslim,127
רמין,M,Jewish,126
אודאל,F,Jewish,126
שיקמה,F,Jewish,126
סאם,M,Christian-Arab,126
אחווה,F,Jewish,126
מאהרה,F,Muslim,126
פאיז,M,Christian-Arab,126
חפיזה,F,Muslim,126
ליאונל,M,Jewish,126
זוהייר,M,Christian-Arab,126
רון,M,Druze,126
סלווא,F,Muslim,126
מקדס,F,Jewish,126
פסקל,F,Jewish,126
ארנסטו,M,Jewish,125
טקלה,M,Jewish,125
מתיתיהו,M,Jewish,125
דידיה,M,Jewish,125
יונדב,M,Jewish,125
זינא,F,Muslim,125
אילין,F,Druze,125
כמיל,M,Druze,125
עאטף,M,Christian-Arab,125
אדמון,M,Jewish,125
מלאא,F,Muslim,125
ג'והנה,F,Jewish,125
מנדי,F,Jewish,125
ויויאן,F,Muslim,125
תרזה,F,Jewish,125
צרלס,M,Jewish,125
רן,M,Druze,125
נוב,M,Jewish,125
ליאנא,F,Muslim,125
הענדל,F,Jewish,125
סיהם,F,Muslim,125
חמדאללה,M,Muslim,125
פרד,M,Jewish,125
אבי,F,Jewish,125
אדים,M,Muslim,125
פח'ריה,F,Muslim,125
סרינה,F,Jewish,125
סוזאן,F,Druze,125
אומה,F,Jewish,125
אוראן,M,Jewish,125
אינסאף,F,Muslim,124
סורייה,F,Muslim,124
מסודי,F,Jewish,124
עטקא,F,Jewish,124
ג'אק,M,Jewish,124
אלטא,F,Jewish,124
דוראל,F,Jewish,124
ניל,M,Muslim,124
סמואיל,M,Jewish,124
לארי,M,Jewish,124
רוברט,M,Christian-Arab,124
ג'וליה,F,Christian-Arab,124
אדה,F,Jewish,124
חייה,F,Jewish,124
דליה,F,Christian-Arab,124
סולנג',F,Jewish,124
ויקי,M,Jewish,124
גזל,F,Christian-Arab,124
ליליאן,F,Druze,124
אנפאל,F,Muslim,124
סניאל,F,Muslim,124
זכאי,M,Jewish,124
קלר,F,Jewish,124
ענת,F,Druze,124
אליאנה,F,Muslim,124
איבן,M,Jewish,124
הנדל,F,Jewish,124
ג'ורג'ט,F,Jewish,123
ג'ייקוב,M,Jewish,123
הרצליה,F,Jewish,123
תאג',F,Muslim,123
חביאר,M,Jewish,123
נאדה,F,Muslim,123
שוטה,M,Jewish,123
קרול,M,Jewish,123
ניקו,M,Jewish,123
קוין,M,Jewish,123
רודה,F,Muslim,123
שכיב,M,Druze,123
מיסלון,F,Muslim,123
זוהדי,M,Muslim,122
מכרם,M,Muslim,122
אנדריה,F,Jewish,122
דבש,F,Jewish,122
סארא,F,Muslim,122
דאווד,M,Muslim,122
דובער,M,Jewish,122
סאוסן,F,Druze,122
חנה,F,Christian-Arab,122
מרח,F,Druze,122
כריסתין,F,Christian-Arab,122
אכרם,M,Christian-Arab,122
פראח,F,Muslim,122
ראוי,M,Christian-Arab,122
עיזאת,M,Muslim,122
להב,F,Jewish,122
אדנה,F,Jewish,122
ערובה,F,Muslim,122
הילרי,F,Jewish,122
אנעאם,F,Druze,122
זייד,M,Druze,122
אלכסה,F,Jewish,122
טומי,F,Jewish,122
גבריאל,M,Christian-Arab,121
מלבינה,F,Jewish,121
ליא,F,Druze,121
כאוסר,F,Muslim,121
יתיר,M,Jewish,121
גדיאל,M,Jewish,121
יולנד,F,Jewish,121
גורגט,F,Jewish,121
סמיה,F,Druze,121
מרל,F,Jewish,121
מורגאן,F,Muslim,121
מתילדה,F,Jewish,121
אביחיל,M,Jewish,121
אמילי,F,Muslim,121
לירית,F,Jewish,121
הוגו,M,Jewish,120
גררד,M,Jewish,120
עדלי,M,Muslim,120
הילה,F,Druze,120
איעתדאל,F,Muslim,120
לוליטה,F,Jewish,120
נורברט,M,Jewish,120
ארכאן,M,Muslim,120
קרין,F,Christian-Arab,120
מינאס,F,Muslim,120
כמיל,M,Muslim,120
שרח,F,Jewish,120
מואדה,F,Muslim,120
מרגנית,F,Jewish,120
עליסה,F,Jewish,120
רולא,F,Druze,120
אמג'ד,M,Christian-Arab,120
עבדאלרחמאן,M,Muslim,119
שפיק,M,Christian-Arab,119
אנה,F,Christian-Arab,119
סביל,F,Druze,119
טדלה,M,Jewish,119
ריעות,F,Jewish,119
ראיק,M,Christian-Arab,119
אודם,F,Jewish,119
ראוי,M,Muslim,119
נופה,F,Muslim,119
אנג'ל,F,Jewish,119
טויבע,F,Jewish,119
נואל,M,Jewish,119
דוריאן,F,Jewish,119
נרמין,F,Druze,119
איתנה,F,Jewish,119
אשגרה,M,Jewish,119
מריאנו,M,Jewish,119
סאלם,M,Christian-Arab,119
ליליא,F,Muslim,119
שריאל,M,Jewish,119
סופה,F,Jewish,119
יקי,M,Jewish,119
גיזל,F,Jewish,119
לינס,F,Jewish,119
פרח,M,Christian-Arab,119
סתוית,F,Jewish,119
שהאד,F,Muslim,119
ראנייה,F,Muslim,118
מיאסה,F,Druze,118
בשאר,M,Druze,118
כותר,F,Muslim,118
זן,M,Muslim,118
נגוד,F,Muslim,118
לחן,F,Jewish,118
פעשא,F,Jewish,118
ירמי,M,Jewish,118
מאדי,M,Muslim,118
ג'ית,M,Muslim,118
איוב,M,Druze,118
עזיה,F,Muslim,118
קארין,F,Druze,118
סטייסי,F,Jewish,118
גילאן,F,Muslim,118
מנוה,F,Muslim,118
מיאס,M,Muslim,118
שיפאא,F,Muslim,118
אדריאן,M,Christian-Arab,118
עפו,M,Muslim,118
רמית,F,Jewish,118
מירנה,F,Christian-Arab,118
נפיסה,F,Muslim,118
ספי,F,Jewish,117
רוסלנה,F,Jewish,117
אסיל,M,Druze,117
ציפא,F,Jewish,117
דיינה,F,Jewish,117
לשם,M,Jewish,117
ועד,F,Druze,117
הלליה,F,Jewish,117
נאיא,F,Christian-Arab,117
בנאל,M,Jewish,117
סמאהר,F,Druze,117
פערי,F,Jewish,117
ג'יי,M,Jewish,117
ג'ימי,M,Jewish,117
זמנה,M,Jewish,117
שמיל,M,Jewish,117
היא,F,Jewish,117
טרייסי,F,Jewish,117
מיראן,F,Muslim,117
חרבה,F,Muslim,117
פריאל,F,Christian-Arab,117
טימופיי,M,Jewish,117
יעלת חן,F,Jewish,117
מוגס,M,Jewish,117
אסר,M,Muslim,116
טספהון,M,Jewish,116
זהריה,F,Muslim,116
מאריו,M,Christian-Arab,116
ח'טאב,M,Muslim,116
נימר,M,Druze,116
מיטשל,M,Jewish,116
שירז,F,Druze,116
רושאן,F,Muslim,116
כנאר,F,Muslim,116
פביו,M,Jewish,116
שרין,F,Jewish,116
רודינה,F,Christian-Arab,116
רודיינה,F,Muslim,116
עטיא,F,Jewish,116
ראג'י,M,Muslim,116
דורינה,F,Jewish,116
ז'נטה,F,Jewish,116
תולין,F,Christian-Arab,116
רביע,F,Muslim,116
אבגני,M,Jewish,115
אור-אל,M,Jewish,115
ג'ררד,M,Jewish,115
דארין,F,Druze,115
מועין,M,Druze,115
פאטימה,F,Muslim,115
ביסאן,F,Druze,115
רנאל,M,Jewish,115
רחאב,F,Druze,115
ריצ'ארד,M,Jewish,115
חמידה,F,Muslim,115
לים,F,Muslim,115
נעמן,M,Jewish,115
ריתא,F,Muslim,115
עדואן,M,Muslim,115
יאירה,F,Jewish,115
אשחר,M,Jewish,115
ענאיה,F,Muslim,115
מגן,M,Jewish,115
פרידה,F,Christian-Arab,115
ניל,F,Jewish,115
תיקי,F,Jewish,115
רוחיה,F,Muslim,115
כמיליא,F,Christian-Arab,115
פביאנה,F,Jewish,115
אבישלום,M,Jewish,115
ליאן,M,Jewish,115
ג'סי,F,Jewish,114
זהרי,F,Jewish,114
מקונן,M,Jewish,114
גרייס,F,Jewish,114
דבורית,F,Jewish,114
אובי,M,Muslim,114
אבבאו,M,Jewish,114
בליינש,F,Jewish,114
זרינה,F,Jewish,114
ג'רום,M,Jewish,114
רזאן,F,Christian-Arab,114
לידר,M,Jewish,114
ניקולה,F,Jewish,114
תגריד,F,Druze,114
חנוכה,M,Jewish,114
קרוליין,F,Jewish,114
שגיא,F,Jewish,114
סינורה,F,Jewish,114
קינדא,F,Muslim,114
פדוה,F,Muslim,114
נבהאן,M,Muslim,114
תאי,F,Jewish,114
כרמל,M,Druze,114
מיטב,M,Jewish,113
לוריס,F,Christian-Arab,113
קרל,M,Jewish,113
סלמי,F,Muslim,113
ג'אנא,F,Muslim,113
דלילה,F,Muslim,113
אדיס,F,Jewish,113
זהיה,F,Druze,113
ליובה,F,Jewish,113
זאהר,M,Druze,113
דסלין,M,Jewish,113
נאשד,M,Muslim,113
ראמא,F,Druze,113
ראניא,F,Muslim,113
אור אל,F,Jewish,113
מרוות,F,Christian-Arab,113
ג'ורג,M,Christian-Arab,113
ליאם,M,Christian-Arab,113
אסי,F,Jewish,113
הדיה,F,Druze,113
סובחי,M,Christian-Arab,113
ח'דר,M,Christian-Arab,113
נוזהה,F,Muslim,113
ורדה,F,Christian-Arab,113
לאור,F,Jewish,112
סלאם,F,Christian-Arab,112
רוזלי,F,Jewish,112
סוניה,F,Christian-Arab,112
שניר,F,Jewish,112
בדיעה,F,Druze,112
רתאג,F,Muslim,112
ארכאן,F,Muslim,112
דנה,F,Christian-Arab,112
מלוינה,F,Jewish,112
רוונד,F,Muslim,112
הלאל,M,Druze,112
סנין,F,Muslim,112
טולין,F,Muslim,112
ראידה,F,Druze,112
לורנס,M,Christian-Arab,112
פירוז,F,Christian-Arab,112
אלמאס,F,Muslim,112
אבראהים,M,Druze,112
מוסלח,M,Muslim,112
יוטה,F,Jewish,112
מריאלה,F,Jewish,111
לילי,F,Christian-Arab,111
מופלח,M,Muslim,111
ארנונה,F,Jewish,111
אדיק,M,Jewish,111
ענוד,F,Muslim,111
כיפאיה,F,Muslim,111
מיסרה,M,Muslim,111
ערב,M,Muslim,111
שלה,F,Jewish,111
ארוין,M,Jewish,111
חנינה,F,Jewish,111
מריל,F,Jewish,111
בדיעה,F,Christian-Arab,111
שדא,F,Christian-Arab,111
אלני,F,Jewish,111
הנריק,M,Jewish,111
היפא,F,Christian-Arab,111
ישועה,M,Jewish,111
צרויה,F,Jewish,110
רומיה,F,Jewish,110
טהר,M,Jewish,110
גוליה,F,Muslim,110
אסלאן,M,Muslim,110
ויקטוריה,F,Christian-Arab,110
מונד'ר,M,Christian-Arab,110
עבדו,M,Muslim,110
נהר,F,Jewish,110
נביה,M,Muslim,110
חייריה,F,Muslim,110
דובי,M,Jewish,110
ארווא,F,Muslim,110
מרגריט,F,Jewish,110
נידאל,M,Druze,110
נני,F,Jewish,110
קלקידן,F,Jewish,110
ג'לאל,M,Druze,110
בלן,F,Jewish,110
בן-אל,M,Jewish,110
ג'סטין,M,Jewish,110
גינת,F,Jewish,110
נאהדה,F,Druze,110
מנסור,M,Druze,110
ג'והינה,F,Muslim,109
איווט,F,Jewish,109
זן,M,Jewish,109
יונינה,F,Jewish,109
סיאף,M,Muslim,109
עזת,M,Muslim,109
איזדהאר,F,Muslim,109
ג'בר,M,Druze,109
גופראן,F,Muslim,109
קמליה,F,Jewish,109
עומייר,M,Muslim,109
מיליה,F,Jewish,109
מאזן,M,Christian-Arab,109
רותאג',F,Muslim,109
רואנד,F,Muslim,109
אסיל,F,Christian-Arab,109
בוראן,F,Muslim,109
רבי,M,Jewish,109
רמאס,F,Muslim,109
דייב,M,Jewish,109
לירום,M,Jewish,109
זייאד,M,Muslim,109
חמדת,F,Jewish,109
מלינה,F,Jewish,108
יהלום,M,Jewish,108
בברלי,F,Jewish,108
סואר,F,Christian-Arab,108
ויאצסלב,M,Jewish,108
אוריאל,F,Jewish,108
ג'יל,F,Jewish,108
אחלס,F,Muslim,108
פדרו,M,Jewish,108
טאיה,F,Jewish,108
קיסר,M,Muslim,108
ראואן,F,Muslim,108
נעמת,F,Muslim,108
גולנרה,F,Jewish,108
שורה,F,Jewish,108
נאג'י,M,Druze,108
אוליביה,M,Jewish,108
דסטאו,M,Jewish,108
פיי,F,Jewish,108
עוביידה,F,Muslim,108
לבנא,F,Muslim,108
בהגת,M,Muslim,108
מאטל,F,Jewish,108
גדיר,F,Druze,108
קתרין,F,Christian-Arab,108
לאיה,F,Jewish,108
מהדיה,F,Muslim,108
ארץ,F,Jewish,108
אלאן,M,Druze,108
ריהאן,F,Muslim,108
ספא,F,Christian-Arab,108
ליהן,F,Jewish,108
סוניא,F,Muslim,108
גילדה,F,Jewish,108
ג'וש,M,Jewish,108
האדיה,F,Muslim,107
מתת,F,Jewish,107
אתיה,F,Jewish,107
ג'ינה,F,Muslim,107
רפאיל,M,Jewish,107
ג'נא,F,Christian-Arab,107
איילין,M,Jewish,107
שלווה,M,Jewish,107
פאוזייה,F,Muslim,107
מיריי,F,Jewish,107
אנוור,M,Christian-Arab,107
פעסל,F,Jewish,107
נגלאא,F,Muslim,107
רוזית,F,Jewish,107
אנא,F,Jewish,107
סבטה,F,Jewish,107
רודיון,M,Jewish,107
גילברט,M,Jewish,107
עאטף,F,Druze,107
אוהב,M,Jewish,107
מוהאב,M,Muslim,107
אילן,M,Druze,107
פוראת,F,Muslim,107
אליאן,M,Jewish,107
בלאל,M,Druze,107
הדיר,F,Muslim,106
חסאן,M,Druze,106
אדליה,F,Jewish,106
לוריאן,F,Jewish,106
עודאי,M,Druze,106
ניסאן,F,Druze,106
קאיה,F,Jewish,106
שלווה,F,Jewish,106
רדה,F,Jewish,106
סוליקה,F,Jewish,106
עדאל,F,Jewish,106
פיליס,F,Jewish,106
עוזר,M,Jewish,106
תיריז,F,Christian-Arab,106
פדייה,F,Muslim,105
ניבין,F,Druze,105
פאוזי,M,Christian-Arab,105
פאדיה,F,Druze,105
ג'ול,M,Christian-Arab,105
עווני,M,Muslim,105
אטרי,F,Jewish,105
ברטוקן,F,Jewish,105
מרו,M,Jewish,105
אנקה,F,Jewish,105
אינתיסאר,F,Muslim,105
נזי,F,Jewish,105
כריסטין,F,Christian-Arab,105
נדא,F,Christian-Arab,105
נג'וה,F,Muslim,105
רייצא,F,Jewish,105
חמיסה,F,Muslim,105
בנצי,M,Jewish,105
אייאד,M,Muslim,105
וודה,F,Jewish,105
שפיקה,F,Druze,105
סופיה,F,Christian-Arab,105
ענבל,F,Druze,105
ריתאן,F,Muslim,105
גודי,F,Jewish,105
צ'רלי,M,Jewish,105
אווס,M,Druze,105
אלקסנדר,M,Jewish,105
קיאן,M,Muslim,105
דוברת,F,Jewish,105
עסלה,F,Muslim,105
כיאן,M,Druze,105
ואפי,M,Muslim,105
פסקל,M,Jewish,105
אברהם,M,Muslim,105
גוזיף,M,Christian-Arab,105
ראפת,M,Druze,105
מורשד,M,Muslim,105
אידו,M,Jewish,105
איילה,F,Christian-Arab,105
אברם,M,Jewish,105
לי-ים,M,Jewish,105
אבו,M,Muslim,105
סלטאן,M,Muslim,104
הולואגר,F,Jewish,104
ליחן,F,Jewish,104
ואפי,M,Druze,104
לאלי,F,Jewish,104
ניבאל,F,Christian-Arab,104
פאבל,M,Jewish,104
מיח'איל,M,Christian-Arab,104
מאג'ד,M,Christian-Arab,104
אניסה,F,Druze,104
עיפאף,F,Muslim,104
חאדר,M,Muslim,104
נחל,M,Jewish,104
גאלי,M,Muslim,104
עבדאלכרים,M,Muslim,104
סוריה,F,Muslim,104
צוק,M,Jewish,104
סטערנא,F,Jewish,104
מייסה,F,Muslim,104
רז,M,Druze,104
אנג'לינה,F,Jewish,104
ג'ירייס,M,Christian-Arab,104
פיליפ,M,Christian-Arab,104
נג'את,F,Druze,104
אביי,M,Jewish,104
אנדרי,M,Christian-Arab,104
פסיקה,F,Jewish,104
אור-לי,F,Jewish,104
ג'לילה,F,Muslim,104
ויטאלי,M,Jewish,104
ראון,F,Muslim,104
פבריס,M,Jewish,104
בוראק,M,Muslim,104
וורן,M,Jewish,103
בריהון,M,Jewish,103
חאלדיה,F,Muslim,103
טיטי,F,Jewish,103
סוריא,F,Muslim,103
פלגוש,F,Jewish,103
אור-אל,F,Jewish,103
פלורנסיה,F,Jewish,103
גמאנה,F,Muslim,103
נאיל,M,Christian-Arab,103
סילבינה,F,Jewish,103
שאדיה,F,Druze,103
ציפה,F,Jewish,103
ניקי,F,Jewish,103
אתגר,M,Jewish,103
מאלי,F,Jewish,103
ג'ויל,F,Christian-Arab,103
נוסיבה,F,Muslim,103
ריקל,F,Jewish,103
חלוה,F,Muslim,103
רימונד,M,Jewish,103
ליילה,F,Muslim,103
לי-יה,F,Jewish,103
דקר,M,Jewish,103
מסעודי,F,Jewish,103
אימאר,M,Druze,103
איוב,M,Christian-Arab,103
סאגר,M,Muslim,103
דוויט,M,Jewish,103
פדווא,F,Muslim,103
אנה,F,Muslim,103
אבידור,M,Jewish,103
ג'יל,M,Jewish,103
סופיא,F,Muslim,103
אמיל,M,Druze,102
אלידור,M,Jewish,102
נידאל,M,Christian-Arab,102
רוזין,F,Christian-Arab,102
עקל,M,Muslim,102
קרי,F,Jewish,102
סמה,F,Muslim,102
רנאן,F,Muslim,102
סהאד,F,Muslim,102
סהא,F,Muslim,102
רלף,M,Jewish,102
זרי,F,Jewish,102
מוסיה,F,Jewish,102
ח'זנה,F,Muslim,102
תאיר,M,Druze,102
סעדה,F,Jewish,102
מצדה,F,Jewish,102
פרנסיס,F,Jewish,102
סטיוארט,M,Jewish,102
רוסלין,F,Muslim,102
יעל,M,Jewish,102
רואה,F,Druze,102
גאזל,F,Muslim,102
רוני,M,Muslim,102
ורד,F,Druze,102
מייקי,M,Jewish,102
גולן,M,Muslim,102
גולן,M,Druze,102
לאפי,M,Muslim,102
אליעז,M,Jewish,102
הני,M,Muslim,102
רוסטם,M,Jewish,101
גוליאן,M,Christian-Arab,101
הנאדי,F,Druze,101
נזהה,F,Muslim,101
נזיה,M,Christian-Arab,101
בדרי,M,Jewish,101
אברו,F,Jewish,101
ג'זל,F,Druze,101
בלימה,F,Jewish,101
שיין,M,Jewish,101
ג'ולין,F,Muslim,101
תומאס,M,Christian-Arab,101
יאקוט,F,Muslim,101
ניבאל,F,Druze,101
לורא,F,Muslim,101
קרולין,F,Muslim,101
תולאי,F,Druze,101
עתניאל,M,Jewish,101
עזיז,M,Christian-Arab,101
תוגאן,F,Muslim,101
דרורי,M,Jewish,101
כפאייה,F,Muslim,101
זילפה,F,Jewish,101
גלא,F,Muslim,101
סוניה,F,Druze,101
פרחאת,M,Muslim,101
גלה,F,Jewish,101
אבתיסאם,F,Christian-Arab,101
ראויה,F,Druze,101
קולין,M,Jewish,101
ליא,F,Jewish,101
אספאו,M,Jewish,101
גיליה,F,Jewish,101
ארמון,M,Jewish,100
נל,F,Jewish,100
רמאח,M,Muslim,100
מריאנה,F,Druze,100
ג'מעה,M,Muslim,100
ג'נין,F,Jewish,100
ראנדה,F,Muslim,100
דראר,M,Muslim,100
קרול,F,Christian-Arab,100
אטלה,F,Jewish,100
נאיה,F,Christian-Arab,100
ארזה,F,Jewish,100
איסאק,M,Jewish,100
מדלן,F,Muslim,100
עמירן,M,Jewish,100
כוכב,M,Jewish,100
פלורינה,F,Jewish,100
אשרי,M,Jewish,100
לינדה,F,Druze,100
טאי,F,Jewish,100
שר,F,Jewish,100
קיאן,M,Druze,99
מינא,F,Druze,99
פרחאנה,F,Muslim,99
אגרנש,F,Jewish,99
לי-אל,F,Jewish,99
מתתיה,M,Jewish,99
סודקי,M,Muslim,99
מען,M,Muslim,99
ליהוא,M,Jewish,99
כמיליא,F,Muslim,99
עומיר,M,Muslim,99
והיב,M,Druze,99
עטוה,M,Muslim,99
פאיקה,F,Muslim,99
שיין,F,Jewish,99
יאסר,M,Druze,99
לי אל,F,Jewish,99
לואי,M,Jewish,99
אאוס,M,Muslim,99
נדיב,M,Jewish,99
ראיא,F,Muslim,99
לרי,M,Jewish,99
ראדי,M,Druze,99
גסיקה,F,Jewish,99
קאידה,F,Muslim,99
מוזיין,F,Muslim,99
ימאן,M,Druze,99
גאן,M,Jewish,99
זהורית,F,Jewish,99
אלמה,F,Druze,99
אדינה,F,Jewish,99
יוסף-חיים,M,Jewish,99
וידאד,F,Muslim,99
גוסון,F,Muslim,98
מנסורה,F,Muslim,98
נורסאן,F,Muslim,98
קלריסה,F,Jewish,98
אויס,M,Muslim,98
בסיה,F,Jewish,98
זנה,F,Jewish,98
לוסיאנה,F,Jewish,98
זיסי,F,Jewish,98
ג'יית,M,Muslim,98
מסעד,M,Muslim,98
מועתז,M,Druze,98
ניקי,M,Jewish,98
ראיק,M,Druze,98
אנזור,M,Jewish,98
סומא,F,Muslim,98
יוסר,F,Muslim,98
רפיף,F,Druze,98
מירוסלב,M,Jewish,98
רונאל,F,Jewish,98
מייטל,F,Jewish,98
אוליאנה,F,Jewish,98
בנו,M,Jewish,98
דיאר,F,Muslim,98
חסיבה,F,Jewish,98
עדנאן,M,Christian-Arab,98
ריטה,F,Muslim,98
אקבאל,F,Muslim,98
רם,M,Muslim,98
אילול,F,Druze,98
תבארק,F,Muslim,98
ג'ואל,F,Christian-Arab,97
ג'יליאן,F,Jewish,97
כרם,M,Christian-Arab,97
ראועה,F,Druze,97
ברט,M,Jewish,97
בלינדה,F,Jewish,97
דילן,F,Jewish,97
צהיינש,F,Jewish,97
בשיר,M,Druze,97
אילינא,F,Muslim,97
רקייה,F,Muslim,97
סלאם,F,Druze,97
עדל,M,Muslim,97
זוהור,F,Muslim,97
ציליה,F,Jewish,97
ויטוריו,M,Jewish,97
באביי,M,Jewish,97
אנג'לינה,F,Christian-Arab,97
גיריס,M,Christian-Arab,97
רזי,M,Jewish,97
סינה,F,Muslim,96
חאג'ה,F,Muslim,96
לאנדרו,M,Jewish,96
פרנסיס,M,Jewish,96
גולן,F,Jewish,96
קנאר,F,Muslim,96
המסה,F,Muslim,96
הלי,F,Jewish,96
סאאדה,F,Muslim,96
חרבי,M,Muslim,96
פרנסואז,F,Jewish,96
סאהרה,F,Muslim,96
מקסין,F,Jewish,96
אודיל,F,Jewish,96
רג'דה,F,Muslim,96
אעתידאל,F,Muslim,96
ג'יימי,F,Jewish,96
ליאם,M,Muslim,96
כרואן,F,Muslim,96
מיסא,F,Druze,96
שמי,M,Jewish,96
אליהב,M,Jewish,96
תובל,F,Jewish,96
אילף,F,Muslim,96
ג'ואי,M,Jewish,96
סלואן,F,Muslim,96
חוסנייה,F,Muslim,96
אבגניה,F,Jewish,95
סדאם,M,Muslim,95
נאגח,M,Muslim,95
חניאל,M,Jewish,95
וופא,M,Druze,95
פירוז,F,Druze,95
מרגרטה,F,Jewish,95
צביאל,M,Jewish,95
פווזי,M,Muslim,95
ראוי,M,Druze,95
מאי,F,Druze,95
סולנג,F,Jewish,95
אלחסן,M,Muslim,95
ג'אודת,M,Muslim,95
מילאן,F,Druze,95
מושירה,F,Muslim,95
נאיא,F,Druze,95
פלור,F,Jewish,95
טויבה,F,Jewish,95
אמין,M,Jewish,95
היווט,F,Jewish,95
אסראר,F,Muslim,95
נגואה,F,Muslim,95
מייסון,F,Christian-Arab,95
תיאודור,M,Jewish,95
רונזא,F,Muslim,95
ודיע,M,Druze,95
קוסאי,M,Druze,94
הנד,F,Druze,94
מקוננט,M,Jewish,94
רמזי,M,Druze,94
פאתינה,F,Muslim,94
דניאיל,M,Jewish,94
סבח,F,Muslim,94
רעם,M,Jewish,94
דאולת,F,Muslim,94
ביאטה,F,Jewish,94
גרמאו,M,Jewish,94
אבתיהאל,F,Muslim,94
ויטל,M,Jewish,94
לוריין,F,Jewish,94
אייסל,F,Muslim,94
סינין,F,Muslim,94
פדיל,M,Muslim,94
תייא,F,Muslim,94
אלחאן,F,Muslim,94
ראנה,F,Christian-Arab,94
יעד,M,Jewish,94
נאווה,F,Jewish,94
באשע,F,Jewish,94
אורייה,F,Jewish,94
נירי,F,Jewish,94
ראיסה,F,Muslim,94
רוזית,F,Christian-Arab,94
בט,F,Jewish,94
וסבולוד,M,Jewish,94
נוריה,F,Jewish,94
עאבד,M,Muslim,94
מוהנד,M,Druze,94
אוסאמא,M,Muslim,94
רוזאן,F,Druze,93
לואן,F,Jewish,93
ליה,F,Druze,93
מועאויה,M,Muslim,93
לארין,F,Christian-Arab,93
בתי,F,Jewish,93
פהד,M,Druze,93
נאסרה,F,Muslim,93
מאג'דה,F,Druze,93
אלדור,M,Jewish,93
רזאל,F,Muslim,93
נרימאן,F,Christian-Arab,93
איאל,M,Muslim,93
עטר,M,Jewish,93
רוסה,F,Jewish,93
הייא,F,Druze,93
הודא,F,Christian-Arab,93
ג'רי,M,Jewish,93
ראידה,F,Christian-Arab,93
צפרה,F,Jewish,93
זיידאן,M,Druze,93
למיאא,F,Muslim,93
נסי,M,Jewish,93
גורי,M,Jewish,93
גיאורגי,M,Jewish,93
אורנלה,F,Jewish,93
דרבה,M,Jewish,93
נטי,F,Jewish,92
אלדה,F,Jewish,92
קנדה,F,Muslim,92
מולט,M,Jewish,92
מלקה,F,Druze,92
הלא,F,Christian-Arab,92
מורדי,M,Jewish,92
מועמר,M,Muslim,92
אייד,M,Muslim,92
תייסיר,M,Druze,92
מילן,M,Jewish,92
תאיה,F,Jewish,92
זאודיטו,F,Jewish,92
אלין,M,Jewish,92
עילאי,F,Jewish,92
באשיר,M,Muslim,92
דעא,F,Muslim,92
אזהאר,F,Druze,92
איבתסאם,F,Christian-Arab,92
איואן,M,Druze,92
פלטיאל,M,Jewish,92
יחיא,M,Druze,92
תדהר,F,Jewish,92
מהרי,M,Jewish,92
בהירה,F,Jewish,92
מדלין,F,Druze,92
נזמייה,F,Muslim,92
פהים,M,Christian-Arab,92
שרל,F,Jewish,92
ז'ואל,F,Jewish,92
מנזר,M,Muslim,92
נופיה,F,Jewish,92
מרסל,M,Muslim,92
ולדיסלבה,F,Jewish,92
סוהאד,F,Druze,91
ג'אנית,F,Christian-Arab,91
רוויטל,F,Jewish,91
רובין,M,Muslim,91
זכריה,M,Muslim,91
שבי,M,Jewish,91
אשטו,M,Jewish,91
עמיהוד,M,Jewish,91
ג'וליאנה,F,Muslim,91
זעלדא,F,Jewish,91
מוג'אהד,M,Muslim,91
מנסור,M,Christian-Arab,91
מתיא,M,Jewish,91
מטל,F,Jewish,91
יקוט,F,Muslim,91
גון,F,Jewish,91
צבא,F,Muslim,91
כאמלה,F,Druze,91
קאותר,F,Muslim,91
אלקס,M,Jewish,91
סוהיר,F,Druze,91
גדיר,F,Christian-Arab,91
איילול,F,Muslim,91
מבורך,M,Jewish,91
יאן,M,Druze,91
ג'ראם,F,Muslim,91
איתי,F,Jewish,91
מארי,F,Muslim,91
יצהר,M,Jewish,91
וצ'סלב,M,Jewish,91
מתאו,M,Jewish,91
מתוקה,F,Jewish,91
נאיה,F,Druze,91
רפיק,M,Christian-Arab,91
בברט,M,Jewish,91
אנגואץ',F,Jewish,91
ויוי,F,Jewish,91
ריזק,M,Christian-Arab,91
אבבו,F,Jewish,90
פוואז,M,Muslim,90
סנדר,M,Jewish,90
ואלרי,F,Jewish,90
עהוד,F,Muslim,90
ג'וליאנה,F,Christian-Arab,90
ג'ורי,F,Christian-Arab,90
דוריס,F,Christian-Arab,90
ליחי,M,Jewish,90
עדנאן,M,Druze,90
אמית,F,Jewish,90
מריו,M,Christian-Arab,90
שוכרי,M,Christian-Arab,90
ריפעת,M,Muslim,90
סי,F,Jewish,90
אספו,F,Jewish,90
סטבן,M,Jewish,90
ולדלן,M,Jewish,90
שרלין,F,Jewish,90
ג'מלאת,F,Muslim,90
דנא,F,Muslim,90
אטה,F,Jewish,90
מיטרה,F,Jewish,90
ליא,F,Christian-Arab,90
אור-יה,F,Jewish,90
ג'ניס,F,Jewish,90
ברדלי,M,Jewish,90
וולטר,M,Jewish,90
יטי,F,Jewish,90
ייטב,M,Jewish,90
ויקטורי,F,Jewish,90
מהרט,M,Jewish,90
דלי,F,Jewish,90
עמאר,M,Druze,90
וופא,M,Muslim,90
פיירוז,F,Muslim,90
זאהר,M,Christian-Arab,90
מרון,M,Christian-Arab,90
רשה,F,Muslim,90
יהלומה,F,Jewish,90
טלהון,M,Jewish,90
נאדין,F,Jewish,90
ווארד,M,Muslim,89
רימאס,F,Druze,89
דרסו,M,Jewish,89
כאזם,M,Muslim,89
קרן-אור,F,Jewish,89
אלרם,M,Jewish,89
שיח'ה,F,Muslim,89
נס,F,Jewish,89
וג'יהה,F,Muslim,89
גוואן,F,Muslim,89
עמיצור,M,Jewish,89
אולי,M,Jewish,89
רדאד,M,Muslim,89
קוטי,F,Jewish,89
תלם,M,Jewish,89
ארלין,F,Jewish,89
דיקרה,F,Muslim,89
ראנה,F,Druze,89
ארמן,M,Jewish,89
סיסי,F,Jewish,89
מיאס,F,Muslim,89
בריז'יט,F,Jewish,89
חאנן,F,Muslim,89
נגם,F,Druze,89
מורן,M,Druze,89
ח'יר,F,Muslim,88
ג'אנה,F,Jewish,88
נזיר,M,Muslim,88
רונלי,F,Jewish,88
רמונה,F,Jewish,88
אלק,M,Jewish,88
נוהאד,M,Druze,88
גוליט,F,Jewish,88
מרבי,M,Jewish,88
גבור,M,Jewish,88
גאבי,M,Christian-Arab,88
פאניה,F,Jewish,88
ראות,F,Jewish,88
נאיף,M,Christian-Arab,88
רסל,F,Muslim,88
קייס,M,Druze,88
סונא,F,Muslim,88
שובאל,M,Jewish,88
רדיר,F,Muslim,88
לביב,M,Druze,88
רוזין,F,Muslim,88
ויולית,F,Christian-Arab,88
נגוסה,M,Jewish,88
זוהרית,F,Jewish,88
זושא,M,Jewish,88
אנייש,F,Jewish,88
מינדה,F,Jewish,88
כלב,M,Jewish,88
רחים,M,Muslim,88
עלם,M,Druze,88
הלא,F,Druze,88
אנגודאי,F,Jewish,88
אורעד,M,Jewish,88
אלפרד,M,Christian-Arab,88
גמאלאת,F,Muslim,88
סיריל,M,Jewish,87
הרנן,M,Jewish,87
אילין,F,Jewish,87
סאדן,M,Muslim,87
זלפה,F,Jewish,87
ח'דיגה,F,Muslim,87
לגין,F,Muslim,87
עינאד,M,Muslim,87
סוהד,F,Muslim,87
מלך,M,Jewish,87
פוז,F,Muslim,87
סול,F,Druze,87
סוריה,F,Jewish,87
ואסף,M,Muslim,87
אליאן,F,Druze,87
מרינה,F,Muslim,87
נגם,F,Christian-Arab,87
טופז,M,Jewish,87
אלחנדרה,F,Jewish,87
אליאנה,F,Christian-Arab,87
אדיט,F,Jewish,87
ניה,F,Jewish,87
רדיה,F,Muslim,87
ניוין,F,Muslim,87
כמיליה,F,Muslim,87
אעתמאד,F,Muslim,87
שאדן,F,Christian-Arab,87
אלבטינה,F,Jewish,87
קריסטינה,F,Christian-Arab,87
עבלה,F,Christian-Arab,87
נג'אח,F,Druze,87
פריידל,F,Jewish,87
סראב,F,Muslim,87
זאידה,F,Muslim,87
נסטור,M,Jewish,87
מדינה,F,Jewish,87
סרה,F,Muslim,87
חלדון,M,Muslim,86
לואיס,M,Christian-Arab,86
בת-ציון,F,Jewish,86
לויס,M,Christian-Arab,86
דגו,M,Jewish,86
סיזאר,M,Christian-Arab,86
גרמי,M,Jewish,86
תמירה,F,Jewish,86
סילבה,F,Jewish,86
רגב,M,Muslim,86
מירון,F,Jewish,86
כליל,M,Muslim,86
חנינא,M,Jewish,86
נסראללה,M,Muslim,86
אהליאב,M,Jewish,86
אורלין,F,Jewish,86
מיאה,F,Jewish,86
יאנא,F,Muslim,86
יגין,F,Muslim,86
נג'לאא,F,Muslim,86
רונד,F,Muslim,86
הרש,M,Jewish,86
הענטשא,F,Jewish,86
ג'ובראן,M,Christian-Arab,86
חיותה,F,Jewish,86
רוגר,M,Jewish,85
ג'ו,M,Jewish,85
קלוד,F,Jewish,85
עימנואל,F,Jewish,85
אליין,F,Jewish,85
סטס,M,Jewish,85
ז'קי,M,Jewish,85
ג'ולי,F,Muslim,85
סכר,M,Muslim,85
לי שי,F,Jewish,85
ברוניסלב,M,Jewish,85
חמודי,M,Druze,85
מועין,M,Christian-Arab,85
סנדוס,F,Muslim,85
זמטו,F,Jewish,85
חידר,M,Muslim,85
דביר,F,Jewish,85
טייב,M,Muslim,85
רוא,F,Muslim,85
גנטו,M,Jewish,85
מרסי,F,Jewish,85
שורוק,F,Druze,85
קדן,F,Jewish,85
דסטה,F,Jewish,85
שאמס,F,Muslim,85
כוכי,F,Jewish,85
טבע,F,Jewish,85
הזאר,F,Druze,85
יגל,F,Jewish,85
בושרא,F,Druze,85
מירי,F,Christian-Arab,85
סמן,M,Jewish,85
דון,F,Jewish,85
תוריא,F,Muslim,85
דודי,F,Jewish,85
אלדר,F,Jewish,85
נידאל,F,Muslim,84
פנטאנש,F,Jewish,84
ראסיל,F,Muslim,84
חוני,M,Jewish,84
חמוד,M,Muslim,84
אביגאל,F,Jewish,84
ויטל,F,Jewish,84
אליאסף,M,Jewish,84
קטמה,F,Jewish,84
ניגמה,F,Muslim,84
חרב,M,Muslim,84
באהר,M,Muslim,84
סלינה,F,Jewish,84
ג'ואן,M,Druze,84
סלמאן,M,Muslim,84
סוזאנה,F,Jewish,84
טלאל,M,Druze,84
זאדה,F,Muslim,84
אומימה,F,Christian-Arab,84
ארם,M,Jewish,84
לאונורה,F,Jewish,84
רוועה,F,Muslim,84
אוביי,M,Muslim,84
קסהון,M,Jewish,84
סטוארט,M,Jewish,84
אסל,F,Muslim,84
זהיר,M,Muslim,84
ראדה,F,Jewish,84
זינה,F,Christian-Arab,84
ג'יהאד,M,Christian-Arab,84
מירב,M,Jewish,84
ניבר,F,Jewish,84
תירצה,F,Jewish,84
קורי,M,Jewish,84
רג'ין,F,Jewish,84
מאמיי,F,Jewish,84
אשרה,F,Jewish,84
אסממאו,M,Jewish,84
עמרן,M,Jewish,84
אנשראח,F,Druze,84
ג'רלד,M,Jewish,84
הולי,F,Jewish,84
הדי,M,Jewish,84
גיל-עד,M,Jewish,84
אדירה,F,Jewish,84
פאהד,M,Muslim,84
כוותר,F,Muslim,84
חוי,F,Jewish,83
משכית,F,Jewish,83
לביב,M,Christian-Arab,83
גומאן,F,Muslim,83
מריאם,F,Muslim,83
נואף,M,Druze,83
מיאסר,F,Muslim,83
קלמנט,M,Jewish,83
אלינה,F,Muslim,83
עימנואל,M,Jewish,83
שריהן,F,Muslim,83
זאבי,M,Jewish,83
חכמת,M,Muslim,83
עינב,F,Druze,83
נג'דיה,F,Muslim,83
רפי,M,Muslim,83
פרימט,F,Jewish,83
אולנה,F,Jewish,83
גבריל,M,Jewish,83
מנואלה,F,Jewish,83
ג'ומאנה,F,Druze,83
אורגד,M,Jewish,83
וחידה,F,Muslim,83
נאאלה,F,Muslim,83
ג'וליאנה,F,Jewish,83
איליין,F,Jewish,83
מורן,F,Muslim,83
בריינדי,F,Jewish,83
ברקאי,M,Jewish,83
אלביר,M,Christian-Arab,83
מקסימיליאן,M,Jewish,83
ראגד,F,Muslim,83
פרג',M,Druze,83
אנטוניו,M,Christian-Arab,83
מאליק,M,Muslim,83
מנאהל,F,Muslim,83
דרג'ה,M,Jewish,83
שיחה,F,Muslim,83
סאיב,M,Muslim,83
עאיש,M,Muslim,82
אוריון,M,Jewish,82
סלביק,M,Jewish,82
טרה,F,Jewish,82
סלמא,F,Christian-Arab,82
סוכינה,F,Muslim,82
תורכיה,F,Muslim,82
סאמא,F,Muslim,82
דני,M,Druze,82
תהל,M,Jewish,82
אביקם,M,Jewish,82
בוסינה,F,Muslim,82
נצר,M,Muslim,82
לוסיאן,M,Jewish,82
קריסטין,F,Jewish,82
ג'נאן,F,Christian-Arab,82
בדרייה,F,Muslim,82
מלחם,M,Druze,82
ג'קלין,F,Muslim,82
עזיז,M,Jewish,82
והבי,M,Muslim,82
סאנדי,F,Christian-Arab,82
יואש,M,Jewish,82
דמקה,M,Jewish,82
קיארה,F,Jewish,82
מירן,M,Jewish,82
אלון,F,Jewish,82
מינו,F,Jewish,82
פלורין,F,Jewish,82
מהירה,F,Muslim,82
ארד,F,Jewish,82
טימור,F,Jewish,82
אמית,M,Jewish,82
זכי,M,Jewish,82
איילין,F,Muslim,82
שהלה,F,Jewish,82
ח'ולה,F,Muslim,82
הדא,F,Muslim,81
ג'קלין,F,Christian-Arab,81
כנאר,F,Druze,81
קרייג,M,Jewish,81
סילינה,F,Muslim,81
נאדיא,F,Druze,81
חמוד,M,Druze,81
פלא,F,Jewish,81
אלפונסו,M,Jewish,81
שהנז,F,Jewish,81
אשכול,M,Jewish,81
ג'ואן,M,Christian-Arab,81
מיאסין,F,Muslim,81
מגיד,M,Muslim,81
פדילה,F,Muslim,81
סול,F,Christian-Arab,81
קליה,F,Jewish,81
היא,F,Christian-Arab,81
למיס,F,Christian-Arab,81
דעאל,M,Jewish,81
רונדה,F,Jewish,81
טנא,F,Jewish,81
אליזבט,F,Christian-Arab,81
רועה,M,Jewish,81
פאדל,M,Druze,81
אמונה,F,Muslim,81
זאיד,M,Druze,81
שירל,F,Jewish,81
סלם,F,Jewish,81
מסרשה,M,Jewish,81
חירייה,F,Muslim,81
נד'אל,M,Muslim,81
מרות,F,Muslim,81
פוזייה,F,Muslim,81
ג'ומנה,F,Muslim,81
גלאור,M,Jewish,80
סמיחה,F,Druze,80
איראידה,F,Jewish,80
קפאיה,F,Muslim,80
ויקטוריה,F,Muslim,80
פיה,F,Jewish,80
נבאל,F,Druze,80
רונזה,F,Muslim,80
אנאיס,F,Jewish,80
קנאו,M,Jewish,80
איזיה,M,Jewish,80
סטפניה,F,Jewish,80
ג'וליט,F,Jewish,80
נאור,F,Jewish,80
ליבנה,F,Jewish,80
היג'ר,F,Muslim,80
אלסיה,F,Jewish,80
אוסנת,F,Druze,80
פהמיה,F,Muslim,80
אננו,F,Jewish,80
ניסמה,F,Muslim,80
וסילה,F,Muslim,80
שאנה,F,Jewish,80
ג'לאל,M,Christian-Arab,80
טלמן,M,Jewish,80
ילון,M,Jewish,80
אום,F,Muslim,80
מילאנה,F,Jewish,80
אורגואן,F,Muslim,80
אלבי,M,Jewish,80
נחל,F,Jewish,80
רוי,F,Jewish,80
חאתם,M,Christian-Arab,80
ליביו,M,Jewish,80
סעדה,F,Druze,80
אלברט,M,Christian-Arab,80
תימור,M,Muslim,80
פרג',M,Christian-Arab,80
עלית,F,Jewish,80
תרין,F,Jewish,79
גירמאו,M,Jewish,79
למיס,F,Druze,79
אדוורד,M,Jewish,79
קסאם,M,Muslim,79
ויולה,F,Jewish,79
לוקס,M,Jewish,79
לליב,F,Jewish,79
אסמירה,F,Jewish,79
מחלוף,M,Jewish,79
אלמה,F,Christian-Arab,79
קאזם,M,Muslim,79
תקווא,F,Muslim,79
דדי,M,Jewish,79
אליאנא,F,Muslim,79
חיריה,F,Muslim,79
תיראן,M,Druze,79
פראדי,F,Jewish,79
לואיס,F,Jewish,79
פראדיל,F,Jewish,79
שנון,F,Jewish,79
אלמא,F,Christian-Arab,79
ג'ין,F,Jewish,79
עורוב,F,Muslim,79
סנדרה,F,Muslim,79
סמאח,F,Christian-Arab,79
רג'ינה,F,Jewish,79
לדה,F,Jewish,79
סולטאנה,F,Muslim,79
מזהר,M,Muslim,79
איאל,M,Druze,79
פואז,M,Druze,79
כמוס,M,Jewish,79
ג'ייד,F,Jewish,79
קאמי,F,Jewish,79
מיסא,F,Christian-Arab,79
קלודיה,F,Jewish,79
ג'והרה,F,Druze,79
מרלן,F,Muslim,79
גאל,M,Jewish,79
עדן,M,Muslim,79
רגא,M,Muslim,79
דסאלין,M,Jewish,78
דינור,F,Jewish,78
מוזין,F,Muslim,78
רזל,F,Muslim,78
מרח,F,Christian-Arab,78
איליה,F,Muslim,78
נורברטו,M,Jewish,78
לימאר,F,Druze,78
גזאל,M,Muslim,78
בינת,F,Jewish,78
צחית,F,Jewish,78
מורגן,F,Jewish,78
אוגניה,F,Jewish,78
סינתיה,F,Jewish,78
ג'וי,F,Christian-Arab,78
ח'אלד,M,Christian-Arab,78
חכמת,F,Muslim,78
זולטן,M,Jewish,78
עדילה,F,Muslim,78
אוון,M,Jewish,78
ריילי,F,Jewish,78
בשרא,F,Muslim,78
חיסן,F,Muslim,78
אמטאנס,M,Christian-Arab,78
דהב,F,Muslim,78
תמוז,F,Jewish,78
גאלה,F,Jewish,78
יהלה,F,Jewish,78
טריק,F,Jewish,78
לליאן,F,Muslim,78
איח'לאס,F,Christian-Arab,78
סיטוטאו,M,Jewish,78
סעד,M,Druze,78
קרמל,F,Muslim,78
רחמיאל,M,Jewish,78
וודחה,F,Muslim,78
סטוטאו,M,Jewish,78
קותר,F,Muslim,78
סניורה,F,Muslim,78
איננה,F,Jewish,78
מדונה,F,Jewish,78
שושנה,F,Muslim,78
אלינור,F,Christian-Arab,78
ג'ואנא,F,Muslim,78
עונג,F,Jewish,78
כנאן,M,Druze,78
אסמרו,F,Jewish,78
הדס,M,Jewish,78
בראהים,M,Muslim,78
צוהיב,M,Muslim,78
ירונה,F,Jewish,78
צ'קולה,F,Jewish,78
בדיע,M,Christian-Arab,78
אלבר,M,Jewish,78
בלקיס,F,Druze,78
מרינה,F,Christian-Arab,78
אלרון,M,Jewish,77
באדרה,F,Christian-Arab,77
לורה,F,Muslim,77
שיפה,F,Muslim,77
גיה,F,Jewish,77
יאשיהו,M,Jewish,77
תאלין,F,Christian-Arab,77
אמרי,F,Jewish,77
שי-יה,F,Jewish,77
כרמי,M,Druze,77
עינאיה,F,Muslim,77
אליאם,M,Jewish,77
סערל,F,Jewish,77
ג'יהאן,F,Druze,77
סוהאד,F,Christian-Arab,77
גלן,M,Jewish,77
איידה,F,Jewish,77
סביאטוסלב,M,Jewish,77
גאשאו,M,Jewish,77
מישלין,F,Jewish,77
צבחה,F,Muslim,77
אסרס,F,Jewish,77
אוויס,M,Muslim,77
איואן,M,Muslim,77
רושל,F,Jewish,77
ינטה,F,Jewish,77
שרף,M,Muslim,77
ערן,M,Druze,77
מדלנה,F,Jewish,77
נאסרין,F,Muslim,77
ג'מילה,F,Christian-Arab,77
וספי,M,Muslim,77
מופק,M,Muslim,77
נוף,M,Jewish,77
נאילה,F,Druze,77
אנרי,M,Jewish,77
בסמה,F,Christian-Arab,77
אהרונה,F,Jewish,77
אבינדב,M,Jewish,77
נרגיס,F,Muslim,77
יהוסף,M,Jewish,77
צרי,F,Jewish,77
בוורלי,F,Jewish,77
חילמי,M,Muslim,77
מנהל,M,Muslim,77
גורגי,M,Jewish,77
שמס,F,Christian-Arab,77
רוג'ה,M,Christian-Arab,77
לורן,F,Christian-Arab,77
ולד,M,Jewish,76
ריאן,F,Jewish,76
זנבו,F,Jewish,76
אלראי,M,Jewish,76
שבח,M,Jewish,76
רנדה,F,Druze,76
גריס,M,Christian-Arab,76
אילאן,M,Muslim,76
לונא,F,Druze,76
מונירה,F,Christian-Arab,76
מגדה,F,Jewish,76
מי,F,Jewish,76
איטן,M,Jewish,76
מסלם,M,Muslim,76
חשן,F,Jewish,76
ליה,F,Christian-Arab,76
מואהב,F,Muslim,76
גרסיה,F,Jewish,76
גילאור,M,Jewish,76
פרננדה,F,Jewish,76
טוב,F,Jewish,76
טיבריו,M,Jewish,76
ג'וזייף,M,Christian-Arab,76
פרסאן,M,Muslim,76
לבן,M,Jewish,76
מלה,F,Jewish,75
הנריך,M,Jewish,75
ג'קוב,M,Jewish,75
רג'ב,M,Muslim,75
נקדם,F,Jewish,75
אלינור,F,Muslim,75
לי-אור,M,Jewish,75
נאזם,M,Druze,75
בסיל,M,Muslim,75
חיסין,F,Muslim,75
ימאמה,F,Druze,75
נוסייבה,F,Muslim,75
מלאך,F,Muslim,75
טרי,M,Jewish,75
ראזי,M,Christian-Arab,75
מוהיב,M,Muslim,75
מוהדי,M,Muslim,75
רחיב,M,Muslim,75
יאלי,F,Jewish,75
הרשל,M,Jewish,75
נוב,F,Jewish,75
רנן,F,Jewish,75
נוהאד,F,Druze,75
חכים,M,Muslim,75
מרג'אן,F,Muslim,75
רונית,F,Druze,75
יקרת,F,Jewish,75
איוט,F,Jewish,75
נגווא,F,Muslim,75
קנדיס,F,Jewish,75
אמרץ',F,Jewish,75
מלקאמו,M,Jewish,75
נאהי,M,Druze,75
גבי,M,Christian-Arab,75
ליבר,M,Jewish,75
תמנה,F,Jewish,74
מרון,M,Jewish,74
אופליה,F,Jewish,74
סולטנה,F,Muslim,74
קמרן,M,Jewish,74
אלפרדו,M,Jewish,74
סמיח,M,Christian-Arab,74
איילי,F,Jewish,74
סאיל,M,Muslim,74
אנליה,F,Jewish,74
הניא,F,Jewish,74
מרלה,F,Jewish,74
עדאל,M,Muslim,74
סלמה,F,Druze,74
תלא,F,Muslim,74
ראאפת,M,Muslim,74
טבע,M,Jewish,74
פורת,F,Jewish,74
סלמא,F,Druze,74
הנדה,F,Muslim,74
מריאן,F,Druze,74
הילין,F,Muslim,74
רבאב,F,Druze,74
ילי,F,Jewish,74
אשכר,F,Jewish,74
גואן,F,Jewish,74
ערביה,F,Muslim,74
גרישה,M,Jewish,74
בירות,F,Muslim,74
סמהר,F,Muslim,74
צופנת,F,Jewish,74
מרטינה,F,Jewish,74
יחיה,M,Jewish,74
ראדא,F,Jewish,74
שטרנה,F,Jewish,74
רחיל,F,Druze,74
ברנדון,M,Jewish,74
תקי,M,Muslim,74
סאלח,M,Christian-Arab,74
קפאח,F,Muslim,74
אלישר,M,Jewish,74
דיין,M,Jewish,74
קריסטיאן,M,Christian-Arab,73
ציאלה,F,Jewish,73
שמעונה,F,Jewish,73
פורסאן,M,Druze,73
אלינורה,F,Jewish,73
רגאאי,M,Muslim,73
פישל,M,Jewish,73
עלאם,M,Muslim,73
רדא,M,Druze,73
אימי,F,Jewish,73
בלאיינש,F,Jewish,73
שימעון,M,Jewish,73
ינקו,M,Jewish,73
שרלס,M,Jewish,73
נתניה,F,Jewish,73
שאדייה,F,Muslim,73
רייזיל,F,Jewish,73
אידריס,M,Muslim,73
סאלים,M,Muslim,73
דידי,M,Jewish,73
שלדון,M,Jewish,73
פידא,F,Druze,73
היא,F,Druze,73
ח'ייר,M,Muslim,73
ח'וולה,F,Muslim,73
טיגסט,F,Jewish,73
מודי,M,Jewish,73
תנחום,M,Jewish,73
יקוט,F,Jewish,73
אדיל,F,Muslim,73
שוקי,M,Muslim,73
פרימה,F,Jewish,73
אדמון,M,Christian-Arab,73
סבאח,M,Muslim,73
פאוזיה,F,Druze,73
ג'אזי,M,Muslim,73
צוריה,M,Jewish,73
כריסטינה,F,Christian-Arab,73
דאנה,F,Jewish,73
בריהאן,F,Muslim,73
רבין,M,Jewish,73
בושמת,F,Jewish,72
חזנה,F,Muslim,72
מוסיא,F,Jewish,72
נלי,F,Christian-Arab,72
סיג'וד,F,Muslim,72
פימה,M,Jewish,72
הרווה,M,Jewish,72
דיאר,M,Muslim,72
סלמה,F,Jewish,72
נאטלי,F,Jewish,72
רוסנה,F,Jewish,72
סעדייה,F,Muslim,72
ווסאל,F,Muslim,72
ויטו,M,Jewish,72
מיכלי,F,Jewish,72
מורי,F,Jewish,72
סלימן,M,Muslim,72
הנדי,F,Muslim,72
שמס,F,Druze,72
רוזלין,F,Christian-Arab,72
איבון,F,Christian-Arab,72
צדיק,M,Jewish,72
ביירות,F,Muslim,72
מזל,F,Muslim,72
יוסרא,F,Druze,72
יוסור,F,Muslim,72
מאורו,M,Jewish,72
פעסי,F,Jewish,72
ג'רלדין,F,Jewish,72
זאהרה,F,Muslim,72
לירוז,F,Jewish,72
יאן,F,Jewish,72
מולי,M,Jewish,72
אשתיאק,F,Druze,72
איוון,F,Jewish,72
פיאנה,F,Jewish,72
נגב,F,Jewish,72
נג'ם,M,Muslim,72
גביאנש,F,Jewish,72
חודייפה,M,Muslim,72
נאל,M,Muslim,71
לו,F,Jewish,71
פדואה,F,Muslim,71
אסמרה,F,Jewish,71
העני,F,Jewish,71
פליפה,M,Jewish,71
הייא,F,Christian-Arab,71
קינאן,M,Druze,71
מוניב,M,Druze,71
האדי,M,Christian-Arab,71
מאג'דה,F,Christian-Arab,71
פתחיה,M,Jewish,71
ג'ולייטה,F,Jewish,71
לית',M,Muslim,71
נילאן,F,Muslim,71
מלאק,M,Christian-Arab,71
אדי,F,Jewish,71
ענת,F,Muslim,71
ונדה,F,Jewish,71
אנג'לה,F,Christian-Arab,71
קרימה,F,Muslim,71
אימבר,F,Jewish,71
עזי,M,Jewish,71
רויא,F,Muslim,71
רוי,M,Christian-Arab,71
אללין,M,Jewish,71
מעזוזה,F,Muslim,71
הלין,F,Jewish,71
סונה,F,Muslim,71
דונלד,M,Jewish,71
סנאית,F,Jewish,71
אילא,F,Druze,71
ג'ורדנה,F,Jewish,71
יסרא,F,Muslim,71
פרחאן,M,Druze,71
דורין,F,Christian-Arab,71
סוהיילה,F,Christian-Arab,71
וורטאו,M,Jewish,71
זוהריה,F,Muslim,71
ראי,M,Jewish,71
ראהף,F,Muslim,71
נעאם,F,Muslim,71
יודפת,F,Jewish,71
אלאורי,M,Jewish,71
חלף,M,Muslim,71
עינן,M,Jewish,71
נאהד,M,Muslim,71
טורי,F,Jewish,71
עורווה,M,Druze,71
טורפה,F,Muslim,71
נאג'ח,M,Muslim,70
לסלו,M,Jewish,70
מוכרם,F,Muslim,70
כלילה,F,Jewish,70
מברטו,M,Jewish,70
נביה,M,Christian-Arab,70
נרימאן,F,Druze,70
סברין,F,Jewish,70
פטרו,M,Jewish,70
רפעה,F,Muslim,70
דוידה,F,Jewish,70
טייבה,F,Muslim,70
אשרקת,F,Muslim,70
מיאר,F,Christian-Arab,70
גמילה,F,Druze,70
רוי,M,Druze,70
רזיה,F,Jewish,70
מאהל,M,Muslim,70
שחרית,F,Jewish,70
אגת,F,Jewish,70
רודינה,F,Druze,70
שיאון,M,Jewish,70
לביא,F,Jewish,70
ניקולאס,M,Jewish,70
לוג'אין,F,Muslim,70
דיאא,M,Druze,70
מטאנס,M,Christian-Arab,70
נלסון,M,Jewish,70
ברהאן,M,Muslim,70
אוסנת,F,Muslim,70
שרה,F,Christian-Arab,70
גולייט,F,Jewish,70
בראאה,F,Druze,70
רוביר,M,Christian-Arab,70
גברה,M,Jewish,70
רוזמרי,F,Jewish,70
חיימה,M,Jewish,70
אשרית,F,Jewish,70
יורה,M,Jewish,70
זהאנה,F,Muslim,70
שמחוני,M,Jewish,70
יורן,M,Jewish,70
דארין,F,Christian-Arab,70
הנה,F,Jewish,70
ארסלאן,M,Muslim,70
ניסל,F,Jewish,70
אלבה,F,Jewish,70
שועאע,F,Muslim,70
נביהה,F,Druze,70
אנדרה,F,Jewish,70
קרם,M,Muslim,70
רוזא,F,Muslim,70
שבי,F,Jewish,70
ננולי,F,Jewish,70
הידאיה,F,Muslim,70
ישיוורק,F,Jewish,69
איסם,M,Muslim,69
צהיי,F,Jewish,69
ג'יימי,M,Jewish,69
ונדי,F,Jewish,69
מיקול,F,Jewish,69
נירמין,F,Muslim,69
הדרי,F,Jewish,69
נילי,F,Christian-Arab,69
טירנה,F,Jewish,69
חיתם,F,Muslim,69
רנדי,F,Jewish,69
נזאם,M,Muslim,69
אמארה,F,Muslim,69
ברנו,F,Jewish,69
קנז,F,Muslim,69
ריבחי,M,Muslim,69
גריס,F,Christian-Arab,69
האבטאם,F,Jewish,69
פאתנה,F,Druze,69
נאירה,F,Jewish,69
קסאו,M,Jewish,69
תריא,F,Muslim,69
סיראג',M,Druze,69
ארנית,F,Jewish,69
מלחז,M,Jewish,69
מיאדה,F,Druze,69
וירג'יני,F,Jewish,69
רומה,F,Jewish,69
רייצל,F,Jewish,69
תאה,F,Jewish,69
אסטבן,M,Jewish,69
יואנה,F,Jewish,69
צבר,M,Jewish,69
ליעם,F,Jewish,69
מאלאק,F,Muslim,69
אסלה,F,Muslim,69
סאהר,F,Druze,69
נוהר,M,Jewish,69
נועמי,F,Jewish,69
לים,F,Christian-Arab,69
סוהילה,F,Druze,69
ליבנה,M,Jewish,69
אספירה,F,Jewish,69
פאולו,M,Jewish,69
אלאן,M,Jewish,69
פכרי,M,Muslim,69
מג'דלין,F,Muslim,69
הירש,M,Jewish,69
אייבי,F,Jewish,69
כרם,F,Muslim,69
יון,M,Jewish,69
אקסל,M,Jewish,68
מאילי,F,Jewish,68
אשחר,F,Jewish,68
סילואן,F,Muslim,68
ופיקה,F,Druze,68
אנדראוס,M,Christian-Arab,68
צ'ארלס,M,Jewish,68
נוהאד,F,Christian-Arab,68
אינעאם,F,Christian-Arab,68
נועם,F,Muslim,68
סנדרה,F,Christian-Arab,68
הונידה,F,Muslim,68
מונאי,F,Muslim,68
פגי,F,Jewish,68
רפאל,M,Christian-Arab,68
אמנה,F,Jewish,68
כנעאן,M,Muslim,68
בריינה,F,Jewish,68
מריים,F,Muslim,68
מנגיסטו,M,Jewish,68
קטי,F,Christian-Arab,68
מארו,M,Jewish,68
אלכסנדר,M,Christian-Arab,68
לוקמאן,M,Muslim,68
רהאף,F,Muslim,68
חאתמה,F,Muslim,68
אנג'אם,F,Muslim,68
הושע,M,Jewish,68
מדלין,F,Christian-Arab,68
לוריא,F,Jewish,68
פאולין,F,Jewish,68
שארל,M,Jewish,68
בהיה,F,Druze,68
סלם,M,Muslim,68
תריז,F,Christian-Arab,68
איזה,F,Jewish,68
מהראן,M,Druze,68
נעכא,F,Jewish,68
בונים,M,Jewish,68
זבידה,F,Muslim,68
קארים,M,Muslim,68
מריטו,F,Jewish,68
דובב,M,Jewish,68
מתקאל,M,Muslim,68
ליו,F,Jewish,68
נג'את,F,Christian-Arab,68
באשא,F,Jewish,68
מיכאיל,M,Christian-Arab,68
אנטוניו,M,Jewish,68
טקלה,F,Jewish,68
רויאל,F,Jewish,68
יאמין,M,Muslim,67
נובה,F,Jewish,67
יעקוב,M,Druze,67
ממיט,F,Jewish,67
היוט,F,Jewish,67
פייגע,F,Jewish,67
רג'א,M,Druze,67
לורה,F,Christian-Arab,67
אריס,F,Muslim,67
גקי,M,Jewish,67
הייפא,F,Muslim,67
שראל,F,Jewish,67
גזאלה,F,Druze,67
מרזוק,M,Muslim,67
לתין,F,Muslim,67
הוורד,M,Jewish,67
גוטא,F,Jewish,67
אוהב,F,Jewish,67
ופיק,M,Druze,67
רבעה,F,Muslim,67
תומי,F,Jewish,67
עזאת,M,Druze,67
כיאן,M,Muslim,67
קליר,F,Jewish,67
פוריה,F,Jewish,67
סדיקה,F,Muslim,67
נאזק,F,Muslim,67
שלי,M,Jewish,67
ליענה,F,Jewish,67
סיניאל,F,Muslim,67
תוקה,F,Muslim,67
נידל,M,Muslim,67
סאמי,M,Jewish,67
יוג'ין,M,Jewish,67
תאו,M,Jewish,67
אסיד,M,Muslim,67
לורט,F,Jewish,67
כפאח,M,Muslim,67
ג'יזל,F,Christian-Arab,67
ישר,M,Jewish,67
לוטפי,M,Druze,67
רואד,M,Christian-Arab,67
פיקדו,M,Jewish,67
לואיסה,F,Jewish,67
גביינש,F,Jewish,67
אולי,F,Jewish,67
טויבי,F,Jewish,67
פריאל,F,Druze,66
אירקלי,M,Jewish,66
חרביה,F,Muslim,66
נארימן,F,Muslim,66
סמוד,F,Muslim,66
טנה,F,Jewish,66
אלכס,M,Christian-Arab,66
מושיק,M,Jewish,66
מצטפא,M,Muslim,66
פיונה,F,Jewish,66
בהג'ה,F,Muslim,66
נג'ם,F,Druze,66
הדייה,F,Muslim,66
ריסה,F,Jewish,66
אליא,M,Christian-Arab,66
וורקנך,M,Jewish,66
טיבור,M,Jewish,66
עתיר,M,Jewish,66
איוונה,F,Jewish,66
נטאליה,F,Jewish,66
מנוור,F,Muslim,66
אסכנדר,M,Christian-Arab,66
רפעאת,M,Muslim,66
גלנה,F,Jewish,66
גלאור,F,Jewish,66
מותנא,M,Muslim,66
רובין,M,Druze,66
גרשום,M,Jewish,66
יאנה,F,Druze,66
כחל,F,Jewish,66
סטיב,M,Christian-Arab,66
עזייה,F,Muslim,66
לרין,F,Christian-Arab,66
זינדין,M,Muslim,66
קייסר,M,Muslim,66
גרייס,M,Christian-Arab,66
רוזאלין,F,Muslim,66
מאל,F,Jewish,66
מרלן,F,Christian-Arab,66
שונמית,F,Jewish,66
לסלי,M,Jewish,66
אלמס,F,Jewish,66
יוניס,M,Muslim,66
יהלומית,F,Jewish,66
קאוסר,F,Muslim,66
מהנא,M,Druze,66
גסון,F,Muslim,66
דנייל,M,Jewish,66
פול,M,Christian-Arab,66
אייבי,M,Jewish,66
טוליפ,F,Muslim,66
מאיסון,F,Muslim,66
דיאן,F,Muslim,66
דיאן,M,Druze,66
קנת,M,Jewish,66
סלי,M,Jewish,66
אבגיל,F,Jewish,66
פדווה,F,Muslim,66
סלאם,F,Jewish,65
ברניס,F,Jewish,65
פואד,M,Jewish,65
דלל,F,Muslim,65
זהידה,F,Muslim,65
אסנקו,F,Jewish,65
מרלין,F,Druze,65
לוטפייה,F,Muslim,65
אדיטה,F,Jewish,65
פרנסואה,M,Jewish,65
אנוש,M,Jewish,65
קטרינה,F,Christian-Arab,65
דורין,F,Muslim,65
טשארנא,F,Jewish,65
קלרה,F,Christian-Arab,65
לי-שי,M,Jewish,65
פחריה,F,Muslim,65
ווביט,F,Jewish,65
נגסט,F,Jewish,65
שינה,F,Jewish,65
תים,M,Druze,65
מוריץ,M,Jewish,65
וג'יהא,F,Muslim,65
פרח,M,Muslim,65
ג'יהאן,F,Christian-Arab,65
מאג'די,M,Muslim,65
עפיפה,F,Christian-Arab,65
נואר,M,Muslim,65
אשתיאק,F,Muslim,65
לורן,F,Muslim,65
עוטרה,F,Muslim,65
ריף,F,Muslim,65
רינתיה,F,Jewish,65
מייסם,F,Druze,65
נארין,F,Muslim,65
אתיר,M,Muslim,65
רוחלה,F,Jewish,65
מירנה,F,Jewish,65
ישי,F,Jewish,65
אליס,M,Jewish,65
ג'ייק,M,Jewish,65
גאנא,F,Muslim,65
מלקה,F,Christian-Arab,65
ענדליב,F,Muslim,64
נשאת,M,Druze,64
אנדי,F,Jewish,64
טטינה,F,Jewish,64
אנס,M,Druze,64
סלימה,F,Druze,64
דיב,M,Christian-Arab,64
נסרי,M,Christian-Arab,64
ג'נאן,F,Druze,64
זכי,M,Christian-Arab,64
אווה,F,Muslim,64
סמארה,F,Muslim,64
ירושה,F,Jewish,64
אימבט,F,Jewish,64
מלנה,F,Jewish,64
ורברה,F,Jewish,64
אלאור,F,Jewish,64
ישארג,F,Jewish,64
מאריטו,F,Jewish,64
ג'ולאן,M,Druze,64
ג'וליא,F,Christian-Arab,64
טאלה,F,Muslim,64
רחל,F,Muslim,64
תמאדר,F,Muslim,64
ג'ויה,F,Jewish,64
הרברט,M,Jewish,64
אניסה,F,Christian-Arab,64
דאהש,M,Muslim,64
ימנה,F,Jewish,64
כליפה,M,Jewish,64
פלביה,F,Jewish,64
עומרית,F,Jewish,64
סמסון,M,Jewish,64
ריצארד,M,Jewish,64
אשלי,M,Jewish,64
כנדה,F,Muslim,64
שמס,M,Druze,64
מל,F,Jewish,64
דגיטו,F,Jewish,64
אמלי,F,Muslim,64
רומה,M,Jewish,64
קרן,M,Jewish,64
דואה,F,Muslim,64
נטף,F,Jewish,64
שמר,M,Jewish,64
גאנית,F,Christian-Arab,64
מהנז,F,Jewish,64
סלח,M,Jewish,64
מישלין,F,Christian-Arab,64
מועז,M,Muslim,64
שוני,M,Jewish,63
שחאדה,M,Christian-Arab,63
סימו,M,Jewish,63
ירושלים,F,Jewish,63
נאהדה,F,Christian-Arab,63
דלאל,F,Christian-Arab,63
גיית',M,Muslim,63
ראשא,F,Muslim,63
גוזף,M,Christian-Arab,63
יוהאן,M,Jewish,63
ראמיה,F,Muslim,63
בר-אל,M,Jewish,63
וחיד,M,Druze,63
אושריאל,M,Jewish,63
יבגניי,M,Jewish,63
קלודט,F,Jewish,63
רוחה,F,Jewish,63
יוהד,M,Jewish,63
קותיבה,M,Muslim,63
אומימה,F,Druze,63
סילביה,F,Christian-Arab,63
עיד,M,Christian-Arab,63
מרם,F,Muslim,63
סול,F,Muslim,63
סטפאני,F,Jewish,63
ניראל,F,Jewish,63
מרגוט,F,Jewish,63
ג'אנת,F,Muslim,63
חמי,M,Jewish,63
כינאן,M,Druze,63
בסמה,F,Druze,63
תמאם,F,Christian-Arab,63
זינאב,F,Muslim,63
אן,F,Muslim,63
ראשל,F,Jewish,63
וג'יה,M,Druze,63
נחה,F,Jewish,63
גואנה,F,Muslim,63
בוריסלב,M,Jewish,63
אראם,M,Christian-Arab,63
אלמנך,M,Jewish,63
בלימי,F,Jewish,63
מורן,F,Druze,63
ג'אלב,M,Muslim,63
איאנה,F,Muslim,63
ג'ונס,M,Jewish,63
אורייאן,F,Jewish,63
רונזה,F,Christian-Arab,63
הילאנה,F,Muslim,63
ליאונה,F,Jewish,63
סיליה,F,Jewish,63
מוזנה,F,Muslim,63
חוליאן,M,Jewish,63
בר אל,M,Jewish,63
מהנא,M,Muslim,63
מימון,M,Muslim,63
טאדילה,F,Jewish,63
איון,M,Jewish,63
רבקי,F,Jewish,62
נזיהה,F,Muslim,62
אניק,F,Jewish,62
בותינה,F,Druze,62
כריסטיאן,M,Jewish,62
הית'ם,M,Muslim,62
נהיד,F,Jewish,62
ברהן,M,Jewish,62
מועאד',M,Druze,62
פולה,F,Muslim,62
יאלי,M,Jewish,62
לאנה,F,Druze,62
בלטו,F,Jewish,62
פאוזי,M,Druze,62
מישי,M,Jewish,62
קיטי,F,Jewish,62
קייטי,F,Jewish,62
סאוסאן,F,Muslim,62
גואל,F,Jewish,62
נואית,F,Jewish,62
סלמה,F,Christian-Arab,62
ויג'דאן,F,Muslim,62
לינט,F,Jewish,62
זאהי,M,Druze,62
נצנת,F,Jewish,62
גן,M,Jewish,62
ברוג',F,Muslim,62
איוה,F,Jewish,62
נגייה,F,Muslim,62
נסם,F,Muslim,62
ראמז,M,Druze,62
משה,M,Muslim,62
גאלב,M,Druze,62
וירה,F,Jewish,62
אדיס,M,Jewish,62
גת,F,Jewish,62
הייאם,F,Muslim,62
ווגדאן,F,Muslim,62
טאריק,M,Muslim,62
אלטייב,M,Muslim,62
אוניל,M,Druze,62
סבלי,M,Jewish,62
מונאיה,F,Muslim,62
פטרישיה,F,Jewish,62
חלאס,F,Muslim,62
מוטיע,M,Muslim,62
פידא,M,Muslim,62
סהראב,F,Muslim,62
אליעם,M,Jewish,62
ג'ידאא,F,Muslim,62
אזמרה,F,Jewish,62
טרויה,F,Jewish,62
רוס,M,Jewish,62
נאדי,M,Muslim,62
איבגני,M,Jewish,62
אזדיהאר,F,Muslim,62
בראל,F,Jewish,62
נתלי,F,Muslim,62
טיימורז,M,Jewish,62
רולן,M,Jewish,62
לאונל,M,Jewish,62
אלטה,F,Jewish,62
בירן,M,Jewish,62
רגד,F,Christian-Arab,62
רודריגו,M,Jewish,62
נטליה,F,Muslim,62
טנא,M,Jewish,62
מוראל,M,Jewish,62
אריא,F,Jewish,62
אליסאר,F,Muslim,62
בללה,F,Jewish,62
לידיה,F,Christian-Arab,61
לואאי,M,Muslim,61
צלה,F,Jewish,61
עבדלרחמן,M,Muslim,61
נאהד,F,Druze,61
נורמאן,F,Muslim,61
עאהד,M,Druze,61
שהין,F,Jewish,61
ג'ואן,F,Christian-Arab,61
אגנטה,F,Jewish,61
פיצל,M,Muslim,61
ריף,M,Druze,61
שימחה,F,Jewish,61
רסלאן,M,Druze,61
מחמד,M,Muslim,61
לאונור,F,Jewish,61
נירוז,F,Druze,61
קתרין,F,Muslim,61
אסטר,F,Jewish,61
אנג'ל,F,Christian-Arab,61
מאוריציו,M,Jewish,61
רויה,F,Muslim,61
לירוי,F,Jewish,61
אסתל,F,Jewish,61
אנתוני,M,Jewish,61
ניבל,F,Muslim,61
מרית,F,Jewish,61
ניעמה,M,Christian-Arab,61
נאורס,M,Muslim,61
ארון,M,Jewish,61
אליה,M,Christian-Arab,61
טירו,F,Jewish,61
ארווין,M,Jewish,61
מיראן,M,Druze,61
סאשה,F,Jewish,61
לירז,F,Druze,61
גפנית,F,Jewish,61
פרדאוס,F,Muslim,61
גטצ'או,M,Jewish,61
מעאז,M,Muslim,61
ג'מאנה,F,Muslim,61
מסרט,M,Jewish,61
רוזין,F,Jewish,61
יובב,M,Jewish,61
אמינה,F,Jewish,61
אליעוז,M,Jewish,61
רוג'יה,M,Christian-Arab,61
מרסל,F,Muslim,61
חסנא,F,Muslim,61
ג'יסון,M,Jewish,61
זוהיר,F,Druze,61
מוהנא,M,Muslim,61
טספה,M,Jewish,61
גידו,M,Jewish,61
בהאא,F,Muslim,61
רמא,F,Muslim,61
איזאר,M,Druze,61
גאית',M,Muslim,61
סופי,F,Muslim,61
חתונה,F,Jewish,60
סידני,F,Jewish,60
ג'אסם,M,Muslim,60
חלאד,M,Muslim,60
אליאן,F,Christian-Arab,60
אסאיל,F,Muslim,60
טגבו,M,Jewish,60
לוזאן,F,Muslim,60
גולאן,M,Muslim,60
מימנה,F,Muslim,60
רלה,F,Jewish,60
פניאל,M,Jewish,60
אנאנה,F,Jewish,60
דסש,F,Jewish,60
פלינה,F,Jewish,60
אתאל,F,Jewish,60
גורגית,F,Christian-Arab,60
רוסילה,F,Muslim,60
אגנסה,F,Jewish,60
ונרה,F,Jewish,60
גוסלין,F,Jewish,60
ארול,M,Jewish,60
צאבר,M,Muslim,60
מטויי,M,Jewish,60
ג'ויס,F,Christian-Arab,60
לוק,M,Jewish,60
נתליה,F,Jewish,60
אנג'י,F,Muslim,60
רצון,M,Jewish,60
ג'רר,M,Jewish,60
אנגאם,F,Druze,60
לאורנס,M,Jewish,60
צהלי,F,Jewish,60
דדה,M,Jewish,60
ניסו,M,Jewish,60
יאשה,M,Jewish,60
ליאל,F,Christian-Arab,60
טשומה,M,Jewish,60
פרנוס,F,Jewish,60
סומאיה,F,Muslim,60
ראליה,F,Muslim,60
רשיד,M,Christian-Arab,60
כריס,M,Christian-Arab,60
כרימאן,F,Muslim,60
טלמור,F,Jewish,60
ריזק,M,Druze,60
בבר,M,Jewish,60
דניל,M,Druze,60
אושיק,M,Jewish,60
עמיה,F,Jewish,60
רנאא,F,Muslim,60
גואנא,F,Muslim,60
מגדה,F,Muslim,60
מאירי,M,Jewish,60
גדית,F,Jewish,60
סלין,F,Christian-Arab,60
סאמח,F,Muslim,60
מנת,F,Muslim,60
מושיקו,M,Jewish,60
טראד,M,Muslim,60
נעמן,M,Muslim,60
טאה,M,Muslim,60
מגדלנה,F,Jewish,60
מוראן,F,Muslim,60
הרווי,M,Jewish,60
חסנאא,F,Muslim,60
קאדר,F,Muslim,60
אהרון,M,Muslim,60
לביב,M,Muslim,60
לינור,F,Druze,60
חי,F,Jewish,60
אמן,F,Jewish,60
צלילה,F,Jewish,60
אייבק,M,Muslim,60
מויסס,M,Jewish,59
עלייה,F,Muslim,59
יולה,F,Jewish,59
קטרין,F,Christian-Arab,59
ניהאי,F,Muslim,59
אסמהן,F,Muslim,59
הניה,F,Druze,59
אדוניה,M,Jewish,59
מוטלק,M,Muslim,59
זוסלין,F,Jewish,59
סניה,F,Druze,59
אנדריו,M,Jewish,59
ברנה,F,Jewish,59
מונתצר,M,Muslim,59
נרג'יס,F,Muslim,59
אדגרדו,M,Jewish,59
טרו,F,Jewish,59
אשגרו,F,Jewish,59
אלדנה,F,Jewish,59
ליאונרד,M,Jewish,59
לילי,F,Muslim,59
אטואל,F,Jewish,59
ולדמיר,M,Jewish,59
רוקסן,F,Jewish,59
נהיה,F,Muslim,59
אלקן,M,Jewish,59
האדיל,F,Muslim,59
סבח,M,Jewish,59
מפלח,M,Muslim,59
כוכב,F,Muslim,59
לי-און,M,Jewish,59
ניסרין,F,Christian-Arab,59
עארף,M,Druze,59
ארטם,M,Jewish,59
טוד,M,Jewish,59
עואטף,F,Druze,59
אחי,M,Jewish,59
נתלי,F,Christian-Arab,59
ניאו,M,Jewish,59
אסתרה,F,Jewish,59
זמנאי,F,Jewish,59
פירחה,F,Jewish,59
אנגליקה,F,Jewish,59
רחמן,M,Jewish,59
יאסו,M,Jewish,59
אדל,F,Muslim,59
שדאד,M,Muslim,59
בילהה,F,Jewish,59
איבי,F,Jewish,59
אולגה,F,Muslim,59
נייל,F,Muslim,59
אלנרה,F,Jewish,59
ראוויה,F,Muslim,59
אור-חיים,M,Jewish,59
בהרם,M,Jewish,59
שהרם,M,Jewish,59
עבדאלעזיז,M,Muslim,59
גליל,M,Jewish,59
ולדי,M,Jewish,59
ניתן,M,Jewish,59
גביאו,M,Jewish,59
אורחן,M,Jewish,59
להבה,F,Jewish,59
עדנן,M,Muslim,59
שחם,M,Jewish,59
אל-חי,M,Jewish,58
דגן,F,Jewish,58
רני,M,Druze,58
אינתיסר,F,Muslim,58
צרלי,M,Jewish,58
קרני,M,Jewish,58
רוזלינד,F,Jewish,58
אניה,F,Muslim,58
עדן,F,Christian-Arab,58
לוקא,M,Jewish,58
אנטוני,M,Christian-Arab,58
אבישר,M,Jewish,58
נפין,F,Muslim,58
מבל,F,Jewish,58
סנטיאגו,M,Jewish,58
דותן,F,Jewish,58
קטרין,F,Muslim,58
כרמה,F,Muslim,58
אליקה,F,Jewish,58
ראזל,F,Muslim,58
ג'אנט,F,Jewish,58
קרלי,F,Jewish,58
לוסי,F,Christian-Arab,58
אמה,F,Christian-Arab,58
רינת,F,Muslim,58
אלבראא,M,Muslim,58
מייסרה,M,Muslim,58
מובין,M,Muslim,58
ג'ואנה,F,Druze,58
סאג'א,F,Muslim,58
מרגרית,F,Christian-Arab,58
שגב,F,Jewish,58
אבתהאג',F,Muslim,58
חילוה,F,Muslim,58
ברקאת,M,Muslim,58
מליסה,F,Christian-Arab,58
אילור,M,Jewish,58
מנאר,M,Muslim,58
ארזו,F,Jewish,58
אלנית,F,Jewish,58
יטאייש,F,Jewish,58
אנדלוס,F,Muslim,58
עיידה,F,Muslim,58
זמנו,M,Jewish,58
ראם,F,Muslim,58
חוזה,M,Jewish,58
קנו,F,Jewish,58
מוהנאד,M,Muslim,58
רופאן,F,Muslim,58
פריהאן,F,Muslim,58
אולפת,F,Druze,58
מרקיאל,M,Jewish,58
אסמא,F,Druze,57
פנטה,M,Jewish,57
טעמא,F,Jewish,57
שפי,F,Jewish,57
שארבל,M,Christian-Arab,57
רמזייה,F,Muslim,57
סיגוד,F,Muslim,57
רושדיה,F,Muslim,57
מיכלא,F,Jewish,57
טרפה,M,Jewish,57
אירדה,F,Jewish,57
זולי,F,Jewish,57
בהאא,M,Christian-Arab,57
קלואה,F,Jewish,57
בהג'ת,M,Muslim,57
אלינא,F,Muslim,57
סנדי,F,Muslim,57
בסים,M,Muslim,57
זאודו,M,Jewish,57
סנאן,M,Muslim,57
רופידה,F,Muslim,57
אשוואק,F,Muslim,57
בהג'את,M,Muslim,57
עיאשה,F,Muslim,57
נסיבה,F,Druze,57
בת אור,F,Jewish,57
רוויה,F,Jewish,57
ג'מל,M,Muslim,57
סיליאן,F,Muslim,57
רן,F,Jewish,57
אבלין,F,Christian-Arab,57
גודת,M,Muslim,57
חילוד,F,Muslim,57
נתנאל,F,Jewish,57
פיקאדו,M,Jewish,57
ג'ואן,M,Muslim,57
פורים,F,Jewish,57
כינדא,F,Muslim,57
ז'אנטה,F,Jewish,57
אדלין,F,Jewish,57
נסה,F,Jewish,57
סומיה,F,Christian-Arab,57
בלימא,F,Jewish,57
אורפז,M,Jewish,57
דואא,F,Muslim,57
אורטל,M,Jewish,57
זעילה,F,Muslim,57
אליאל,F,Jewish,57
יראל,M,Jewish,57
מקסים,M,Druze,57
דועאא,F,Christian-Arab,57
כורש,M,Jewish,57
מייטא,F,Jewish,57
רימי,F,Muslim,57
אילנה,F,Druze,57
רימאא,F,Muslim,57
אודית,F,Christian-Arab,57
נועמאן,M,Muslim,57
נאורס,F,Druze,57
דורותי,F,Jewish,57
חאלא,F,Muslim,57
אברר,F,Muslim,57
ברל,M,Jewish,57
קיפאח,F,Muslim,56
חסד,M,Jewish,56
מלאקו,M,Jewish,56
דאלין,F,Muslim,56
אלי,M,Muslim,56
נאוית,F,Jewish,56
עווד,M,Christian-Arab,56
קארול,F,Christian-Arab,56
סינאן,M,Muslim,56
דורגאם,M,Muslim,56
מיאן,F,Druze,56
ביברס,M,Muslim,56
קאטי,F,Jewish,56
בלנקה,F,Jewish,56
נאג'י,M,Christian-Arab,56
גאדיר,F,Muslim,56
ג'ינא,F,Druze,56
ארנן,M,Jewish,56
חבייר,M,Jewish,56
ארנו,M,Jewish,56
גומנה,F,Muslim,56
טיפני,F,Jewish,56
מרזוק,M,Druze,56
אור חן,F,Jewish,56
מקסימיליאנו,M,Jewish,56
טומש,M,Jewish,56
אוסמן,M,Muslim,56
סראא,F,Druze,56
מיקל,M,Jewish,56
גיולנרה,F,Jewish,56
מיריל,F,Druze,56
זאנה,F,Jewish,56
אנסאף,F,Druze,56
מדיאן,M,Muslim,56
רכאד,M,Druze,56
עציון,M,Jewish,56
יאמאן,M,Muslim,56
קפאלה,M,Jewish,56
אסנקאו,M,Jewish,56
מיאור,F,Jewish,56
אסמאה,F,Muslim,56
רומיו,M,Christian-Arab,56
שאפע,M,Muslim,56
ג'וזפין,F,Christian-Arab,56
נורדין,M,Muslim,56
סוזי,F,Muslim,56
אטיה,F,Jewish,56
מונג'ד,M,Muslim,56
ז'ולי,F,Jewish,56
אדווין,M,Jewish,56
יוספינה,F,Jewish,56
אנהר,F,Muslim,56
אביאלה,F,Jewish,56
נג'ואה,F,Muslim,56
אמראת,F,Muslim,56
ראוף,M,Jewish,56
קזאיה,F,Muslim,56
דיין,M,Druze,56
פג'ר,M,Muslim,56
תאר,M,Muslim,56
פאעור,M,Muslim,56
עקאב,M,Druze,56
אמימה,F,Muslim,56
ויסאל,F,Druze,56
דוד,M,Christian-Arab,56
סחר,M,Muslim,56
האבטאמו,M,Jewish,56
יבה,F,Jewish,56
תלג'ה,F,Muslim,56
מלקם,F,Jewish,55
אח'לאס,F,Christian-Arab,55
יניר,M,Druze,55
סדרה,F,Muslim,55
מרדושי,M,Jewish,55
סאסי,M,Jewish,55
אנג'ל,M,Jewish,55
מירוסלבה,F,Jewish,55
רודא,F,Jewish,55
למרה,F,Jewish,55
ראם,F,Jewish,55
פלד,M,Jewish,55
עאזם,M,Muslim,55
באסימה,F,Muslim,55
אנג'י,F,Jewish,55
סח'ר,M,Muslim,55
זוריק,M,Jewish,55
תופאחה,F,Druze,55
צובחי,M,Muslim,55
תו,F,Jewish,55
וורה,F,Jewish,55
תיה,F,Muslim,55
לידי,F,Jewish,55
רימונדה,F,Jewish,55
לואה,F,Muslim,55
קסנש,F,Jewish,55
מגאהד,M,Muslim,55
הלן,F,Christian-Arab,55
אוראלי,F,Jewish,55
חיאה,F,Muslim,55
יוטל,F,Jewish,55
איסמאיל,M,Druze,55
אלכסיה,F,Jewish,55
נוארה,F,Muslim,55
רנטו,M,Jewish,55
בוסיינה,F,Muslim,55
בירהנו,M,Jewish,55
אייסר,M,Druze,55
גרציאלה,F,Jewish,55
יערי,F,Jewish,55
פריד,M,Jewish,55
אנריקו,M,Jewish,55
אסאל,F,Muslim,55
עטאללה,M,Christian-Arab,55
רוואד,M,Muslim,55
ינקל,M,Jewish,55
אנג'לו,M,Jewish,55
מופיד,M,Christian-Arab,55
גורגיה,F,Jewish,55
ביילי,F,Jewish,55
יטה,F,Jewish,55
ישמבל,M,Jewish,55
כיואן,M,Druze,55
אלוני,M,Jewish,55
עתר,F,Jewish,55
ורוניקה,F,Christian-Arab,55
פריח,M,Muslim,55
סועד,F,Jewish,55
וסיליסה,F,Jewish,55
מוצעב,M,Muslim,55
רני,M,Muslim,55
גוואהר,F,Muslim,55
טוביאס,M,Jewish,55
וסמיה,F,Muslim,55
חלווה,F,Muslim,55
סומוד,F,Muslim,55
אלסנדרה,F,Jewish,55
ג'וויל,F,Christian-Arab,55
ראגח,M,Muslim,55
רנט,M,Jewish,55
ראבחה,F,Muslim,55
איילי,M,Jewish,55
מוסה,M,Jewish,55
רהב,F,Jewish,55
סולל,M,Jewish,54
יזן,M,Christian-Arab,54
טלין,F,Muslim,54
מכה,F,Muslim,54
ניצנית,F,Jewish,54
סיאל,M,Jewish,54
קוה,M,Jewish,54
עוזיה,M,Jewish,54
מייסלון,F,Muslim,54
בלאי,M,Jewish,54
וורקה,M,Jewish,54
מנוא,F,Muslim,54
בדיע,M,Druze,54
מנואל,F,Jewish,54
אומר,M,Jewish,54
ויולט,F,Christian-Arab,54
בגדאד,F,Muslim,54
ניגון,M,Jewish,54
ח'ייר,F,Muslim,54
פטימה,F,Muslim,54
כריסתיאן,M,Christian-Arab,54
היליי,M,Jewish,54
מרסיל,F,Christian-Arab,54
מזלי,F,Jewish,54
זהראן,M,Muslim,54
ג'יהד,M,Muslim,54
דרגאם,M,Muslim,54
מהבאו,M,Jewish,54
וורקיה,F,Jewish,54
ג'וליאן,M,Muslim,54
טילה,F,Jewish,54
מיסאן,F,Druze,54
תמאר,F,Druze,54
מוטיעה,F,Muslim,54
איחלאס,F,Christian-Arab,54
מסעוד,M,Druze,54
ליאוני,F,Jewish,54
ויקה,F,Jewish,54
זונדל,M,Jewish,54
אסנקה,F,Jewish,54
נטיה,F,Jewish,54
רינאס,F,Muslim,54
טיה,F,Jewish,54
טגואדה,F,Jewish,54
פולין,F,Jewish,54
גומאנה,F,Christian-Arab,54
אלידע,M,Jewish,54
סילאן,F,Muslim,54
מולהם,M,Muslim,54
מולאט,M,Jewish,54
ארקאן,M,Druze,54
אילאנה,F,Muslim,54
מיילו,M,Jewish,54
קמיליה,F,Muslim,54
מיאר,M,Druze,54
אומאמה,F,Muslim,54
אניס,F,Jewish,54
יינון,M,Jewish,54
אזקיאל,M,Jewish,54
אליסאר,F,Druze,54
תורכי,M,Muslim,54
דובה,F,Jewish,54
יוליוס,M,Jewish,54
אטרסאו,M,Jewish,54
ראגי,M,Muslim,54
ענב,M,Jewish,54
אדים,F,Muslim,54
טאריק,F,Jewish,54
אבל,M,Jewish,54
מי-טל,F,Jewish,54
עאצם,M,Muslim,54
פגר,M,Muslim,54
סאלם,M,Druze,54
מרטין,M,Christian-Arab,54
רייאן,F,Muslim,54
ראיף,M,Druze,54
טרב,F,Muslim,54
צפיה,F,Jewish,54
פג'ר,F,Muslim,54
ולא,F,Druze,53
איקבאל,F,Muslim,53
הנדיה,F,Muslim,53
גוליאן,M,Jewish,53
חסיב,M,Muslim,53
מתעב,M,Muslim,53
ג'ונא,F,Muslim,53
ראיה,F,Jewish,53
אווי,F,Jewish,53
עינא,F,Muslim,53
יסמינה,F,Druze,53
מאל,F,Muslim,53
מורית,F,Jewish,53
שדה,M,Jewish,53
אביחיל,F,Jewish,53
אלקיים,M,Jewish,53
גרש,M,Jewish,53
ראג'י,M,Christian-Arab,53
לייא,F,Muslim,53
תומס,M,Christian-Arab,53
הדיה,F,Jewish,53
גדי,M,Druze,53
אזמראו,M,Jewish,53
אליונורה,F,Jewish,53
ג'ואי,F,Jewish,53
קתרינה,F,Christian-Arab,53
רגאד,F,Muslim,53
אוליבייה,M,Jewish,53
ג'ניפר,F,Christian-Arab,53
מוקט,M,Jewish,53
בונם,M,Jewish,53
ויויאן,F,Druze,53
חביבאללה,M,Muslim,53
דיאר,M,Druze,53
אליו,M,Jewish,53
איחסאן,M,Christian-Arab,53
מלקאם,F,Jewish,53
סטפני,F,Christian-Arab,53
ג'וליה,F,Druze,53
חיננית,F,Jewish,53
ניקולאס,M,Christian-Arab,53
ז'אנט,F,Jewish,53
לאיו,M,Jewish,53
ריו,F,Jewish,53
נאי,F,Christian-Arab,53
קלונימוס,M,Jewish,53
עזה,F,Muslim,53
מקדאד,M,Muslim,53
מחסן,M,Muslim,53
טיבא,F,Muslim,53
פלורית,F,Jewish,53
קנאר,F,Druze,53
נשמה,F,Jewish,53
אבתהאג,F,Muslim,53
אנייס,F,Jewish,53
רבאב,F,Christian-Arab,53
נראם,F,Muslim,53
יוסיף,M,Jewish,53
צברי,M,Muslim,53
ח'דר,M,Druze,53
גבע,F,Jewish,53
אורם,M,Jewish,53
פאיזה,F,Christian-Arab,53
ג'אזל,F,Muslim,53
מקואננט,M,Jewish,53
מונאיא,F,Muslim,53
סנדי,F,Christian-Arab,53
סנדו,F,Jewish,53
אלעי,M,Jewish,53
יעגוב,M,Muslim,53
סקאי,F,Jewish,53
יוחי,M,Jewish,53
מסבאח,M,Muslim,52
חיידר,M,Muslim,52
שולם,M,Jewish,52
גאק,M,Christian-Arab,52
מילאדה,F,Christian-Arab,52
לידיה,F,Muslim,52
רג'א,M,Christian-Arab,52
וג'ד,M,Muslim,52
שפרינצה,F,Jewish,52
פרלי,F,Jewish,52
ריין,F,Druze,52
דיאלה,F,Druze,52
גטאצ'או,M,Jewish,52
מונד'ר,M,Druze,52
סופיה,F,Druze,52
בירקה,F,Jewish,52
ראיאן,M,Muslim,52
אברש,F,Jewish,52
ראונד,F,Muslim,52
ברנט,M,Jewish,52
לויזה,F,Jewish,52
אסתריה,F,Jewish,52
מארה,F,Jewish,52
ז'וסלין,F,Jewish,52
נסאים,F,Muslim,52
לורל,F,Jewish,52
סיבא,F,Druze,52
שחק,F,Jewish,52
אילון,F,Jewish,52
שמש,F,Jewish,52
ואלרי,M,Jewish,52
קוציי,M,Muslim,52
כרמל,M,Muslim,52
טני,F,Jewish,52
ווג'דאן,F,Muslim,52
רנדא,F,Christian-Arab,52
אווה,F,Christian-Arab,52
בורוג',F,Muslim,52
ג'אק,M,Christian-Arab,52
ישרג,F,Jewish,52
ג'וליית,F,Christian-Arab,52
רמז,M,Jewish,52
תדלה,F,Jewish,52
סט,M,Jewish,52
יקות,F,Muslim,52
רונית,F,Muslim,52
רדוואן,M,Muslim,52
טספאי,M,Jewish,52
מאינה,F,Jewish,52
רייא,F,Muslim,52
שהין,M,Muslim,52
קלודין,F,Christian-Arab,52
מריקה,F,Jewish,52
ממו,M,Jewish,52
ארגיטו,F,Jewish,52
טשגר,M,Jewish,52
גניס,F,Jewish,52
שריאל,F,Jewish,52
זזה,M,Jewish,52
פאיזה,F,Druze,52
דינרה,F,Jewish,52
מג'יד,M,Christian-Arab,52
ברכיה,M,Jewish,52
רודה,F,Jewish,52
יוסוף,M,Jewish,52
כנאנה,F,Muslim,52
חיראא,F,Muslim,52
סולאף,F,Druze,52
ג'יאנא,F,Muslim,52
שמריה,M,Jewish,52
ארין,M,Jewish,52
אבוסנט,F,Jewish,52
גוליאנה,F,Christian-Arab,52
מטיו,M,Jewish,52
סלאמה,M,Druze,52
עדיר,F,Muslim,52
אמואג',F,Muslim,52
מייגן,F,Jewish,51
אלמוגית,F,Jewish,51
אמל,F,Jewish,51
פולין,F,Christian-Arab,51
סאפיה,F,Muslim,51
אנג'וד,F,Muslim,51
סעאדה,M,Muslim,51
רוסלאן,M,Muslim,51
לויה,F,Jewish,51
חכמאת,F,Muslim,51
פלקה,M,Jewish,51
אנה,F,Druze,51
סטיין,M,Jewish,51
סוזט,F,Jewish,51
פנדי,M,Druze,51
שיינע,F,Jewish,51
טאהר,M,Druze,51
מיריל,F,Muslim,51
גוד,M,Jewish,51
טלאל,F,Jewish,51
ליאון,F,Jewish,51
אינור,F,Muslim,51
כמיליה,F,Druze,51
ווחיד,M,Muslim,51
יונאן,M,Christian-Arab,51
גורדון,M,Jewish,51
אולפאת,F,Muslim,51
תאלין,F,Druze,51
אומיד,M,Jewish,51
חבסה,F,Muslim,51
מנדפרו,M,Jewish,51
אנדלאו,M,Jewish,51
נג'ווה,F,Muslim,51
ריטאג',F,Muslim,51
יאסמינא,F,Muslim,51
אייזק,M,Jewish,51
מארינה,F,Jewish,51
קטלינה,F,Jewish,51
ווטן,F,Muslim,51
עייד,M,Muslim,51
סיון,F,Druze,51
סנדה,F,Jewish,51
אחלאס,F,Druze,51
ולאד,M,Jewish,51
פאולט,F,Jewish,51
בהרוז,M,Jewish,51
ג'קי,F,Jewish,51
קארה,F,Jewish,51
רמאדן,M,Muslim,51
שילב,F,Jewish,51
רודאינה,F,Muslim,51
נהילה,F,Druze,51
עדילי,F,Jewish,51
לאריסה,F,Jewish,51
הנריאטה,F,Jewish,51
בסנת,F,Muslim,51
פרחה,F,Christian-Arab,51
רואי,F,Jewish,51
ורה,F,Christian-Arab,51
סאשה,M,Jewish,51
ג'וליאן,F,Muslim,51
עזאם,M,Druze,51
רגין,F,Jewish,51
זיגמונד,M,Jewish,51
מגדלין,F,Muslim,51
נעמה,M,Christian-Arab,51
ג'בל,M,Muslim,51
שריף,M,Christian-Arab,51
שיריי,F,Jewish,51
אייל,M,Christian-Arab,51
תיימור,M,Muslim,51
אליאן,M,Christian-Arab,51
טאדסה,M,Jewish,51
אנהאל,F,Jewish,51
מרי,F,Muslim,50
זמר,M,Jewish,50
הוברט,M,Jewish,50
דאלל,F,Muslim,50
נהאי,F,Christian-Arab,50
גואנה,F,Christian-Arab,50
סונה,F,Jewish,50
מרשה,M,Jewish,50
כיתי,F,Christian-Arab,50
אנר,M,Jewish,50
מאדי,M,Druze,50
נואה,M,Jewish,50
רובל,M,Jewish,50
אבג'ה,M,Jewish,50
צפי,F,Jewish,50
ריטה,F,Druze,50
טאליה,F,Muslim,50
גזאיה,F,Muslim,50
ואפה,F,Muslim,50
איבונה,F,Jewish,50
לי-היא,F,Jewish,50
מאשא,F,Jewish,50
נבון,M,Jewish,50
פרידי,F,Jewish,50
כינדה,F,Muslim,50
פתחאללה,M,Muslim,50
מפל,F,Jewish,50
ריאל,M,Jewish,50
טל-אור,F,Jewish,50
טללית,F,Jewish,50
שגאו,M,Jewish,50
טובא,F,Jewish,50
קמר,F,Christian-Arab,50
חלים,M,Muslim,50
שאשה,F,Jewish,50
פרידה,F,Druze,50
מינאלו,F,Jewish,50
עאקף,M,Muslim,50
מנתאללה,F,Muslim,50
מליקה,F,Muslim,50
חבר,M,Jewish,50
חיכמת,M,Muslim,50
נגאח,F,Druze,50
מנשיר,M,Jewish,50
גאליה,F,Jewish,50
רוסודן,F,Jewish,50
ג'וי,M,Jewish,50
שארלי,M,Christian-Arab,50
איתיה,F,Jewish,50
חאלדה,F,Muslim,50
מילה,F,Christian-Arab,50
איבגניה,F,Jewish,50
קסיה,F,Jewish,50
ארגמן,M,Jewish,50
זאן,M,Muslim,50
מולועלם,M,Jewish,50
ויאם,M,Christian-Arab,50
מקבולה,F,Muslim,50
נג'וא,F,Druze,50
אמיליו,M,Jewish,50
אטנש,F,Jewish,50
אניקה,F,Jewish,50
אמאני,F,Christian-Arab,50
אימאם,M,Muslim,50
אסיא,F,Druze,50
נאפזה,F,Muslim,50
תות,F,Jewish,50
פטרה,F,Jewish,50
גאזי,M,Druze,50
טג'ה,F,Jewish,50
תומר,M,Druze,50
חלוה,F,Druze,50
גון,M,Christian-Arab,50
תהני,F,Muslim,50
גיננדל,F,Jewish,50
טשרנא,F,Jewish,50
אלמועתסם,M,Muslim,50
אזאד,M,Muslim,50
רנים,F,Druze,50
אירין,F,Jewish,50
רנת,F,Jewish,50
קמיל,M,Muslim,50
רונזא,F,Christian-Arab,50
ניסן,F,Jewish,50
הנרייט,F,Jewish,50
אדולפו,M,Jewish,50
אנטואנית,F,Christian-Arab,50
סוסאן,F,Muslim,50
פטל,F,Jewish,50
בטסי,F,Jewish,50
רולין,F,Muslim,50
ח'יר,M,Druze,50
רביע,F,Druze,50
ארקן,F,Muslim,50
קטיה,F,Christian-Arab,50
עליז,F,Jewish,50
תאנה,F,Jewish,49
סלה,F,Jewish,49
שולי,M,Jewish,49
ראנא,F,Muslim,49
גאנם,M,Druze,49
מגן,F,Jewish,49
סילינא,F,Christian-Arab,49
מורל,M,Jewish,49
איבטה,F,Jewish,49
פטריס,M,Jewish,49
מילטון,M,Jewish,49
ג'ורג'יה,F,Jewish,49
מיאדה,F,Christian-Arab,49
מייאדה,F,Muslim,49
אלכסנדרה,F,Christian-Arab,49
רוזינה,F,Jewish,49
פאסיקה,F,Jewish,49
אנסאר,F,Muslim,49
ג'ן,M,Jewish,49
עיברי,M,Jewish,49
כלוד,F,Muslim,49
עבריה,F,Jewish,49
בקלה,M,Jewish,49
אזנאו,M,Jewish,49
וינסנט,M,Jewish,49
אילינה,F,Jewish,49
ג'רד,M,Jewish,49
אמארה,M,Jewish,49
אמאם,M,Muslim,49
קריינדל,F,Jewish,49
פרג'י,M,Jewish,49
היסאם,M,Muslim,49
אוראן,F,Jewish,49
דניאלה,F,Christian-Arab,49
איכראם,F,Muslim,49
גרלד,M,Jewish,49
רוזה,F,Christian-Arab,49
סלינה,F,Muslim,49
וובט,M,Jewish,49
מריה,F,Druze,49
שדיה,F,Muslim,49
מורשה,F,Jewish,49
סברין,F,Christian-Arab,49
פאריס,M,Muslim,49
נהאד,M,Druze,49
היפא,F,Druze,49
גומאנה,F,Druze,49
סמואל,M,Christian-Arab,49
רודיאון,M,Jewish,49
תמילה,F,Jewish,49
שמרי,M,Jewish,49
רונק,F,Muslim,49
רויאל,M,Jewish,49
עטיה,F,Jewish,49
ארמיאס,M,Jewish,49
בת-עמי,F,Jewish,49
פראג',M,Muslim,49
סיביל,F,Jewish,49
מרצל,M,Jewish,49
רין,F,Muslim,49
ריאנה,F,Muslim,49
ליאו,F,Jewish,49
היסם,M,Muslim,49
איאנא,F,Muslim,49
גילרמו,M,Jewish,49
הרמינה,F,Jewish,49
רפיקה,F,Druze,49
נטליה,F,Christian-Arab,49
אל,F,Muslim,49
ינית,F,Jewish,49
מרסל,F,Christian-Arab,49
עבד,M,Druze,49
מוח'לס,M,Muslim,49
איבק,M,Muslim,49
גורג',M,Christian-Arab,49
חלים,M,Christian-Arab,49
נג'לא,F,Christian-Arab,49
דוד,M,Muslim,49
דרסה,M,Jewish,49
מונתהא,F,Christian-Arab,49
מג'דה,F,Muslim,49
מוניקה,F,Christian-Arab,49
מירבת,F,Christian-Arab,49
סכינה,F,Muslim,49
מוייסר,F,Muslim,49
סעידה,F,Jewish,49
אמסלו,M,Jewish,49
מידן,F,Jewish,49
אליס,F,Druze,49
ווסיהון,M,Jewish,49
תו,M,Jewish,49
שאוכת,M,Muslim,49
קתי,F,Jewish,49
גלה,M,Jewish,48
נעמית,F,Jewish,48
אסמר,M,Muslim,48
מייסא,F,Christian-Arab,48
עדייה,F,Jewish,48
מירברי,F,Jewish,48
טועמה,M,Muslim,48
ענאד,M,Druze,48
טילי,F,Jewish,48
עונג,M,Jewish,48
רוזא,F,Jewish,48
פריסילה,F,Jewish,48
יניב,M,Druze,48
נג'ואן,F,Christian-Arab,48
ג'ולין,F,Druze,48
הילה,F,Muslim,48
פרדריך,M,Jewish,48
רייאן,M,Jewish,48
סרוה,F,Muslim,48
בורליאנט,F,Jewish,48
רעד,F,Muslim,48
איסם,M,Druze,48
גוצ'ה,M,Jewish,48
מלניה,F,Jewish,48
אברום,M,Jewish,48
ופיה,F,Muslim,48
לורית,F,Christian-Arab,48
כארולין,F,Christian-Arab,48
פתיה,F,Muslim,48
כיפאח,M,Muslim,48
קייל,M,Jewish,48
ריף,F,Druze,48
מיקאל,M,Jewish,48
רחיל,F,Muslim,48
עטליה,F,Jewish,48
מדיין,M,Muslim,48
ניקולה,M,Jewish,48
נצנט,F,Jewish,48
ריחב,F,Muslim,48
עוז,F,Jewish,48
ליאנה,F,Christian-Arab,48
יקין,F,Druze,48
מזיד,M,Druze,48
ולטר,M,Jewish,48
וולדימיר,M,Jewish,48
גויס,F,Jewish,48
היימן,M,Muslim,48
עמישב,M,Jewish,48
אדרה,F,Jewish,48
אסרה,F,Muslim,48
ג'וזיאן,F,Jewish,48
אוסאם,M,Muslim,48
תרנים,F,Muslim,48
חיאת,F,Druze,48
דאן,F,Muslim,48
סיביה,F,Jewish,48
ראאף,M,Muslim,48
פליציה,F,Jewish,48
טמז,M,Jewish,48
נינו,M,Jewish,48
פלורין,M,Jewish,48
רסיל,F,Druze,48
נסיר,M,Muslim,48
אמראל,F,Jewish,48
דרה,F,Jewish,48
אלחן,M,Jewish,48
ג'מס,M,Jewish,48
מתיל,F,Druze,48
שפרינצא,F,Jewish,48
חירי,M,Muslim,48
אילן,M,Muslim,48
טליה,F,Christian-Arab,48
תיים,M,Christian-Arab,48
גרג,M,Jewish,48
קריסטין,F,Muslim,48
אפתכאר,F,Muslim,48
פארי,F,Jewish,48
סאקר,M,Muslim,48
יהוא,M,Jewish,48
ינאי,F,Jewish,48
ריתל,F,Muslim,47
מריאטה,F,Jewish,47
נג'ד,F,Muslim,47
רחיל,F,Jewish,47
גנין,F,Jewish,47
ברקו,M,Jewish,47
אלבי,F,Jewish,47
קאהר,M,Muslim,47
נסרין,F,Jewish,47
שאן,M,Muslim,47
כוכבא,F,Jewish,47
אורלב,M,Jewish,47
ביוש,F,Jewish,47
נהיל,F,Christian-Arab,47
טרונש,F,Jewish,47
דוגלס,M,Jewish,47
מילאנא,F,Muslim,47
דאבא,F,Jewish,47
עבדו,M,Christian-Arab,47
ראתיל,F,Muslim,47
רובינה,F,Jewish,47
אוריאן,M,Druze,47
חיכמת,F,Muslim,47
אליהוא,M,Jewish,47
רין,F,Druze,47
מאס,F,Druze,47
גננדל,F,Jewish,47
ראנים,F,Muslim,47
סלחה,F,Muslim,47
נזירה,F,Druze,47
אמון,F,Muslim,47
נאפע,M,Muslim,47
אמאר,F,Muslim,47
ז'אן,F,Jewish,47
מודה,F,Muslim,47
אנתסאר,F,Druze,47
מהדייה,F,Muslim,47
סניה,F,Muslim,47
ג'וזפין,F,Jewish,47
בטיה,F,Jewish,47
ריזא,F,Jewish,47
עטיאת,F,Muslim,47
כריסטופר,M,Jewish,47
פרחה,F,Druze,47
ריילי,M,Jewish,47
לומא,F,Muslim,47
לאמאר,F,Muslim,47
חכמה,F,Muslim,47
נג'אם,F,Muslim,47
תמם,F,Muslim,47
ואטן,F,Muslim,47
אסרף,M,Muslim,47
נסי,F,Jewish,47
סרקעלם,F,Jewish,47
חנינה,M,Jewish,47
רודינא,F,Muslim,47
מוניפה,F,Muslim,47
פרדה,M,Jewish,47
סילינה,F,Christian-Arab,47
ג'נט,F,Muslim,47
אוסם,M,Muslim,47
עפת,F,Muslim,47
רוזית,F,Muslim,47
ג'ונא,F,Christian-Arab,47
ג'וסף,M,Jewish,47
ג'וליאט,F,Jewish,47
מואמין,M,Muslim,47
קאסאו,M,Jewish,47
מיסגנאו,M,Jewish,47
נדוא,F,Muslim,47
שיראז,F,Jewish,47
ראל,M,Jewish,47
טנגיז,M,Jewish,47
רופינה,F,Jewish,47
תלין,F,Druze,47
רוסיל,F,Muslim,47
הדאיא,F,Muslim,47
חסינה,F,Muslim,47
ג'ורג,M,Jewish,47
רגדה,F,Druze,47
סמאהר,F,Christian-Arab,47
רוניאל,M,Jewish,47
פריחה,F,Jewish,47
קול,M,Jewish,47
וסאל,F,Druze,47
עוואטף,F,Muslim,47
סארה,F,Christian-Arab,47
תמימה,F,Muslim,47
אוצר,F,Jewish,47
תאיסיר,M,Muslim,47
ראגדה,F,Christian-Arab,47
נשוא,F,Muslim,47
סמרה,F,Jewish,47
זלקה,M,Jewish,47
רנד,F,Christian-Arab,47
יוטי,F,Jewish,47
חוף,M,Jewish,47
אבאי,M,Jewish,47
סאפא,F,Muslim,46
לי שי,M,Jewish,46
מעדי,M,Muslim,46
כפיר,F,Jewish,46
מסלח,M,Muslim,46
אומייה,F,Muslim,46
עודי,M,Jewish,46
סלין,F,Druze,46
תאג,F,Muslim,46
ארז,M,Christian-Arab,46
לוטוס,F,Jewish,46
סוהילה,F,Jewish,46
יאפה,F,Muslim,46
יאלנה,F,Jewish,46
אנאנו,F,Jewish,46
נורן,F,Muslim,46
ג'אן,F,Jewish,46
סוהיל,M,Druze,46
חארת,M,Muslim,46
גטה,M,Jewish,46
גידאא,M,Muslim,46
וידל,M,Jewish,46
מעאויה,M,Muslim,46
מאהא,F,Muslim,46
הוארד,M,Jewish,46
מריז,F,Jewish,46
דרן,M,Jewish,46
דונה,F,Muslim,46
אסד,M,Druze,46
רשדי,M,Muslim,46
מושיר,M,Muslim,46
גריק,M,Jewish,46
אמג'אד,M,Muslim,46
חכמאת,M,Druze,46
איליף,F,Muslim,46
ראפאת,M,Muslim,46
גאודת,M,Muslim,46
פירס,M,Muslim,46
נילה,F,Jewish,46
מייסר,F,Druze,46
מאדלין,F,Muslim,46
מאזן,M,Druze,46
אמי,M,Jewish,46
רגאי,M,Muslim,46
מהין,F,Jewish,46
לאקץ',F,Jewish,46
פידא,F,Christian-Arab,46
מאניסא,F,Muslim,46
אדמונד,M,Christian-Arab,46
ליאה,F,Muslim,46
אינסאף,F,Druze,46
סילביאן,F,Jewish,46
טרנגו,F,Jewish,46
שנל,F,Jewish,46
באוקט,M,Jewish,46
ילנה,F,Muslim,46
באיוש,F,Jewish,46
סדריק,M,Jewish,46
מנתהא,F,Muslim,46
ויטליה,F,Jewish,46
אח'לאס,F,Druze,46
ז'ניה,F,Jewish,46
סביטלנה,F,Jewish,46
מניר,M,Muslim,46
זאקי,M,Muslim,46
אלצ'ין,M,Jewish,46
טיילור,F,Jewish,46
רוזן,F,Muslim,46
עיאש,M,Muslim,46
פליסיה,F,Jewish,46
יסמינה,F,Jewish,46
גיליאן,F,Jewish,46
סאמרה,F,Muslim,46
שהד,M,Muslim,46
גאות,F,Jewish,46
נוחה,F,Jewish,46
טאודור,M,Jewish,46
דנילה,M,Jewish,46
הילאנה,F,Christian-Arab,46
הילטון,M,Jewish,46
ורוד,F,Druze,46
ג'יאנה,F,Muslim,46
גסוב,M,Muslim,46
שייקה,M,Jewish,46
ישעלם,F,Jewish,46
פהדה,F,Muslim,46
צפרא,F,Jewish,46
צרנה,F,Jewish,46
תרז,F,Jewish,46
אלדו,M,Jewish,46
כנדא,F,Muslim,46
מייסם,M,Muslim,46
תומר,M,Muslim,46
אשטה,M,Jewish,46
עבד,M,Christian-Arab,46
הראלה,F,Jewish,46
נהור,M,Jewish,46
שריג,M,Jewish,46
אגרה,F,Jewish,46
מרתא,F,Christian-Arab,46
האנה,F,Jewish,46
הג'ר,F,Muslim,46
רכאד,M,Muslim,46
פייסל,M,Druze,46
נארדין,F,Muslim,46
לרין,F,Druze,45
אילהאם,F,Druze,45
סו,F,Jewish,45
הזאר,F,Christian-Arab,45
נגבה,F,Jewish,45
מילקה,F,Jewish,45
רעואל,M,Jewish,45
וילמה,F,Jewish,45
לאני,F,Jewish,45
סורינה,F,Jewish,45
ראמזי,M,Muslim,45
ודאח,M,Muslim,45
פירנוס,F,Jewish,45
יזבעלם,F,Jewish,45
מרין,F,Muslim,45
ראפת,M,Christian-Arab,45
נרקיס,M,Jewish,45
סהילה,F,Muslim,45
עלם,F,Jewish,45
עסמת,F,Muslim,45
מוודה,F,Muslim,45
ח'ולוד,F,Druze,45
דורלי,F,Jewish,45
ברינה,F,Jewish,45
גידעון,M,Jewish,45
פלגו,F,Jewish,45
עודה,M,Christian-Arab,45
שרונית,F,Jewish,45
עסאן,M,Muslim,45
סמאי,M,Jewish,45
דיף,M,Muslim,45
עוקבה,M,Muslim,45
אלכסנדר,F,Jewish,45
רמה,F,Muslim,45
מוחמד,M,Jewish,45
מלוין,M,Jewish,45
אנוק,F,Jewish,45
איבתסאם,F,Druze,45
יכט,F,Jewish,45
לוסין,F,Druze,45
צאדק,M,Muslim,45
דארן,M,Jewish,45
גנריאטה,F,Jewish,45
תליה,F,Muslim,45
מורג,M,Jewish,45
דוינה,F,Jewish,45
מנואר,F,Muslim,45
פיגי,F,Jewish,45
מחלה,F,Jewish,45
אבייתר,M,Jewish,45
ארמנדו,M,Jewish,45
אסטריד,F,Jewish,45
אמיי,F,Jewish,45
דניאלי,F,Jewish,45
פליסה,F,Jewish,45
מריטה,F,Jewish,45
אנעאם,F,Christian-Arab,45
נסים,F,Muslim,45
ג'ובראן,M,Muslim,45
ג'מילה,F,Jewish,45
ע'נא,F,Muslim,45
מאגדי,M,Muslim,45
לוני,M,Jewish,45
דג'ן,M,Jewish,45
מיאסה,F,Muslim,45
דמיר,M,Jewish,45
הבטו,M,Jewish,45
טסה,F,Jewish,45
נאהידה,F,Muslim,45
טדילה,F,Jewish,45
ועד,M,Muslim,45
טדלו,M,Jewish,45
ת'אאר,M,Muslim,45
גוסאי,M,Muslim,45
מוכתאר,M,Muslim,45
טאבא,F,Jewish,45
מחרוס,M,Muslim,45
מונעם,M,Muslim,45
סוכיינה,F,Muslim,45
יננש,F,Jewish,45
נעמאן,M,Druze,45
מונייה,F,Muslim,45
אנג'לו,M,Christian-Arab,45
שאדיא,F,Muslim,45
סולימן,M,Jewish,45
קארלוס,M,Christian-Arab,45
אבבץ',F,Jewish,45
תנאא,F,Muslim,45
עתאב,F,Muslim,45
מרסל,M,Christian-Arab,45
עלאדין,M,Muslim,45
צלח,M,Jewish,45
חוליה,F,Jewish,45
יוהנס,M,Jewish,45
טאופיק,M,Muslim,45
גביה,F,Jewish,45
אבו,M,Jewish,45
חיבה,F,Jewish,45
מוסי,M,Muslim,45
שלה,M,Jewish,45
אילאן,M,Druze,44
נאל,F,Jewish,44
חוליאטה,F,Jewish,44
ארגאו,M,Jewish,44
לורטה,F,Jewish,44
רין,F,Christian-Arab,44
מלכי,M,Jewish,44
איטי,F,Jewish,44
סלבי,F,Jewish,44
ג'יהן,F,Muslim,44
מינא,M,Christian-Arab,44
יוליה,F,Muslim,44
רדיון,M,Jewish,44
לי-אם,F,Jewish,44
דוריאל,F,Jewish,44
אמבת,F,Jewish,44
באסמה,F,Christian-Arab,44
זהרייה,F,Muslim,44
אשל,F,Jewish,44
איסיי,M,Jewish,44
תיאם,M,Druze,44
אראם,F,Druze,44
נמיר,M,Muslim,44
סמח,F,Muslim,44
הבטאם,F,Jewish,44
סיפרו,F,Jewish,44
הילור,F,Jewish,44
גוזלאן,F,Muslim,44
לאיא,F,Muslim,44
עזל,F,Muslim,44
לריאן,F,Jewish,44
יקין,M,Muslim,44
יקרה,F,Jewish,44
אסלן,M,Muslim,44
יכין,M,Jewish,44
הינדיה,F,Muslim,44
טטיאנה,F,Muslim,44
ניקולס,M,Christian-Arab,44
אביגאיל,F,Jewish,44
מדחאת,M,Muslim,44
מירנא,F,Druze,44
סיטאר,F,Jewish,44
אברהם-אבי,M,Jewish,44
ליאלי,F,Druze,44
אנטואנט,F,Christian-Arab,44
דמוז,M,Jewish,44
דן,M,Muslim,44
נורהן,F,Muslim,44
טיילר,M,Jewish,44
וואפה,F,Muslim,44
אנדועלם,M,Jewish,44
פינה,F,Jewish,44
סת,M,Jewish,44
רמיל,M,Jewish,44
זאקרי,M,Jewish,44
נדג'דה,F,Jewish,44
ג'ואנא,F,Christian-Arab,44
בכיתה,F,Muslim,44
פרלה,F,Christian-Arab,44
עידן,M,Druze,44
ניראל,F,Muslim,44
סנז'נה,F,Jewish,44
מאיסא,F,Muslim,44
דסי,F,Jewish,44
ריה,F,Jewish,44
טד,M,Jewish,44
הנוק,M,Jewish,44
אתיר,F,Druze,44
איאם,F,Muslim,44
גטנך,M,Jewish,44
ראדי,M,Christian-Arab,44
עאאישה,F,Muslim,44
מערוף,M,Druze,44
אשגן,F,Muslim,44
עסמת,M,Muslim,44
לידיא,F,Christian-Arab,44
חפסה,F,Muslim,44
מוחלס,M,Muslim,44
דריוש,M,Jewish,44
אטקלט,F,Jewish,44
ג'ורדן,F,Jewish,44
ראגב,M,Druze,44
עסאף,M,Muslim,44
נגיסט,F,Jewish,44
אפי,F,Jewish,44
ברינדל,F,Jewish,44
אוניל,M,Jewish,44
רוסתום,M,Muslim,44
זאבה,F,Jewish,44
נאדיה,F,Jewish,44
יזיד,M,Druze,44
נהרי,F,Jewish,44
ליליה,F,Muslim,44
פלאח,M,Druze,44
אדל,F,Druze,44
אסי,M,Druze,44
טגניה,M,Jewish,44
רודין,F,Muslim,44
פחרייה,F,Muslim,44
אלאה,F,Muslim,44
יווה,F,Jewish,43
עליה,F,Christian-Arab,43
תרא,F,Muslim,43
ראוף,M,Druze,43
ווטן,M,Muslim,43
סינה,F,Jewish,43
בתלחם,F,Jewish,43
גולן,F,Muslim,43
עבדאלרחים,M,Muslim,43
בריין,M,Jewish,43
קארמן,F,Muslim,43
איחלאס,F,Druze,43
ורדינה,F,Jewish,43
קארי,F,Jewish,43
ג'אית,M,Muslim,43
עצמונה,F,Jewish,43
עטא,F,Jewish,43
גורם,M,Jewish,43
ווגדי,M,Muslim,43
דניאלה,F,Muslim,43
סטיפן,M,Jewish,43
ניל,M,Christian-Arab,43
לאוני,F,Jewish,43
פותנה,F,Muslim,43
מיחאיל,M,Christian-Arab,43
אודריי,F,Jewish,43
טדרוס,M,Jewish,43
ערפאן,M,Muslim,43
אבריל,F,Jewish,43
סבדה,F,Jewish,43
סימה,F,Christian-Arab,43
גורן,M,Jewish,43
נביעה,F,Jewish,43
ין,M,Jewish,43
גמל,M,Muslim,43
כאיד,M,Druze,43
רובר,M,Christian-Arab,43
מוחסן,M,Druze,43
סעדו,M,Muslim,43
טופיק,M,Jewish,43
נאיפה,F,Christian-Arab,43
ינגוסה,F,Jewish,43
אסמהאן,F,Druze,43
מלקולם,M,Jewish,43
הנרייטה,F,Jewish,43
אנזו,M,Jewish,43
אקה,F,Jewish,43
עמנואל,M,Christian-Arab,43
נאדא,F,Muslim,43
כתאם,F,Muslim,43
בדר,M,Druze,43
סלינה,F,Christian-Arab,43
ויאם,F,Druze,43
עבוד,M,Muslim,43
ליים,M,Jewish,43
נאנה,F,Jewish,43
אליסה,F,Muslim,43
אליסה,F,Christian-Arab,43
אולגה,F,Christian-Arab,43
סומיה,F,Druze,43
שלהבתיה,F,Jewish,43
יסאר,M,Muslim,43
מלינדה,F,Jewish,43
נבו,F,Jewish,43
היאב,M,Muslim,43
בוראק,F,Muslim,43
בסימה,F,Muslim,43
נהאד,F,Druze,43
אתיאל,M,Jewish,43
מרסל,M,Druze,43
ג'לא,F,Muslim,43
אלנה,M,Jewish,43
ניסאן,M,Druze,43
עוגן,M,Jewish,43
מארלין,F,Christian-Arab,43
דאלי,F,Jewish,43
שיזף,F,Jewish,43
ז'ן,M,Jewish,43
בניאל,M,Jewish,43
אמילי,F,Druze,43
נורמה,F,Christian-Arab,43
גרא,M,Jewish,43
נרגיזה,F,Jewish,43
עיצאם,M,Muslim,43
ג'ימס,M,Jewish,43
עמי,F,Jewish,43
אמנואל,M,Jewish,43
נביהא,F,Muslim,43
גואנה,F,Jewish,43
מוופק,M,Druze,43
ואהיב,M,Muslim,43
טאדלה,M,Jewish,43
עלמיטו,F,Jewish,43
יורדנוס,F,Jewish,42
רווא,F,Muslim,42
אלקאסם,M,Muslim,42
עאיידה,F,Muslim,42
וובה,M,Jewish,42
בקאלו,M,Jewish,42
רודא,M,Muslim,42
אנדה,F,Jewish,42
זנין,F,Jewish,42
בראין,M,Jewish,42
הד,M,Jewish,42
אלי,M,Druze,42
ג'נט,F,Christian-Arab,42
פאייז,M,Muslim,42
אוריאלה,F,Jewish,42
נטליו,M,Jewish,42
מאנטגבוש,F,Jewish,42
ג'האן,F,Druze,42
ח'לדון,M,Muslim,42
תלתן,F,Jewish,42
ראודה,F,Christian-Arab,42
נמארק,F,Muslim,42
סלאם,M,Druze,42
פרדל,F,Jewish,42
פרהד,M,Jewish,42
אמלי,F,Druze,42
איסרה,F,Muslim,42
סיומה,M,Jewish,42
זומה,F,Jewish,42
ספורה,F,Jewish,42
קנזי,F,Muslim,42
איאיו,M,Jewish,42
רימונדה,F,Christian-Arab,42
בהג'את,M,Druze,42
אביאל,F,Jewish,42
מרצלו,M,Jewish,42
חאפד,M,Muslim,42
אסד,M,Christian-Arab,42
בסנדה,F,Jewish,42
אליאנורה,F,Jewish,42
נגטו,M,Jewish,42
ריאנה,F,Jewish,42
חאבס,M,Muslim,42
רדה,F,Muslim,42
ירגה,M,Jewish,42
אחסאן,M,Muslim,42
סמהאר,F,Muslim,42
בירהאנו,M,Jewish,42
טאלא,F,Muslim,42
אדאל,F,Druze,42
ממוקה,M,Jewish,42
ג'ילברט,M,Jewish,42
מנל,F,Muslim,42
אוליה,F,Jewish,42
ריחאנה,F,Druze,42
טיאגו,M,Jewish,42
עהד,M,Druze,42
ריחאן,M,Muslim,42
גיטא,F,Jewish,42
ליבע,F,Jewish,42
לויס,M,Jewish,42
לולו,F,Christian-Arab,42
מתן-אל,M,Jewish,42
בנימין,M,Druze,42
קרולה,F,Jewish,42
אבייה,F,Jewish,42
גאורג,M,Jewish,42
זאודה,F,Jewish,42
מיראג',F,Muslim,42
ראפי,M,Muslim,42
פיריאל,F,Christian-Arab,42
ג'וואן,F,Muslim,42
זמפירה,F,Jewish,42
יעלמוורק,F,Jewish,42
רויאה,F,Muslim,42
פריחה,F,Muslim,42
מון,F,Jewish,42
מיקו,M,Jewish,42
שוהם,M,Muslim,42
שבה,F,Jewish,42
יונו,M,Jewish,42
מירן,M,Druze,42
רותה,F,Jewish,42
שפר,M,Jewish,42
נאג'ח,F,Muslim,42
בזזאו,M,Jewish,42
דידי,F,Jewish,42
נעימה,F,Druze,42
גינא,F,Christian-Arab,42
כארמן,F,Muslim,42
סיגי,F,Jewish,42
סריה,F,Muslim,42
מרסיל,F,Jewish,42
דמיטרו,M,Jewish,42
סאיד,M,Druze,42
סלי,F,Muslim,42
ישימבט,F,Jewish,42
רמזיה,F,Druze,42
אניקו,F,Jewish,42
ג'ונה,M,Jewish,42
רזין,M,Muslim,42
רזי,F,Jewish,42
גנריך,M,Jewish,42
אללא,F,Muslim,42
גאמל,M,Muslim,42
אסינאת,F,Druze,42
טראני,F,Jewish,42
מטילד,F,Jewish,42
שיר-לי,F,Jewish,42
נוי,F,Druze,42
טוניה,F,Jewish,42
מייאס,M,Muslim,42
צציליה,F,Jewish,42
תריה,F,Muslim,42
קסנדרה,F,Jewish,41
אבאא,F,Muslim,41
מועדאד,M,Druze,41
חוסון,F,Muslim,41
חייא,M,Jewish,41
כמיליה,F,Christian-Arab,41
הילדה,F,Christian-Arab,41
מג'די,M,Christian-Arab,41
טאובה,F,Jewish,41
וופיק,M,Muslim,41
מינא,F,Jewish,41
ברקה,F,Jewish,41
לבנה,F,Muslim,41
תמוז,M,Jewish,41
אירינה,F,Muslim,41
נרגיז,F,Jewish,41
נוגזר,M,Jewish,41
אפנאן,F,Christian-Arab,41
נודר,M,Jewish,41
סטרנה,F,Jewish,41
אור-טל,F,Jewish,41
נרין,F,Muslim,41
אנטוניוס,M,Christian-Arab,41
מעמר,M,Muslim,41
דיזי,F,Jewish,41
אייסם,M,Muslim,41
עוראבי,M,Muslim,41
מוהדיה,F,Muslim,41
רשאד,M,Druze,41
אצאלה,F,Muslim,41
סראא,F,Muslim,41
ג'ורג'ינה,F,Christian-Arab,41
מוחסנה,F,Druze,41
בירטוקן,F,Jewish,41
חסיב,M,Druze,41
גרנט,M,Jewish,41
בנימינה,F,Jewish,41
אשראף,M,Muslim,41
ענה,F,Jewish,41
מאייס,F,Muslim,41
חנניא,M,Jewish,41
שכנא,M,Jewish,41
אסרסה,M,Jewish,41
סיינה,F,Jewish,41
אורנת,F,Jewish,41
ראדיר,F,Muslim,41
כרמלית,F,Jewish,41
זיטה,F,Jewish,41
דבורי,F,Jewish,41
סני,M,Jewish,41
הנריאט,F,Jewish,41
כרסתין,F,Christian-Arab,41
זינאדין,M,Muslim,41
אניל,F,Muslim,41
רונה-לי,F,Jewish,41
הבטה,M,Jewish,41
איילנש,F,Jewish,41
רמונד,F,Jewish,41
אנגודאיי,F,Jewish,41
לאול,M,Jewish,41
וסן,F,Muslim,41
מיילס,M,Jewish,41
ונינה,F,Jewish,41
וליאם,M,Christian-Arab,41
ולדלנה,F,Jewish,41
טמרה,F,Jewish,41
ג'ו,M,Christian-Arab,41
אינאל,M,Druze,41
פיגל,F,Jewish,41
ליאונרדו,M,Jewish,41
לוטוף,M,Muslim,41
שינדי,F,Jewish,41
איליאן,F,Muslim,41
מיראן,M,Muslim,41
יצחק-צחי,M,Jewish,41
סולמז,F,Jewish,41
אורינה,F,Jewish,41
סאגה,F,Muslim,41
דומיאנה,F,Muslim,41
וגיף,M,Jewish,41
גבריאל,M,Muslim,41
מגל,F,Jewish,41
רעכי,F,Jewish,41
אנבלה,F,Jewish,41
אוסי,F,Jewish,41
יונס,M,Druze,41
מורין,F,Christian-Arab,41
איווה,F,Jewish,41
ג'אלל,M,Muslim,41
וואתין,F,Muslim,41
קמלה,F,Muslim,41
פאיד,M,Muslim,41
מאטי,F,Jewish,41
בריאל,F,Jewish,41
בריגיטה,F,Jewish,41
נורסין,F,Druze,41
עטאלה,M,Muslim,41
ווג'די,M,Muslim,41
איאס,M,Christian-Arab,41
אנת,F,Jewish,41
דורן,M,Jewish,41
ג'אבר,M,Druze,41
ראבעה,F,Druze,41
מרווין,M,Jewish,41
תעריד,F,Muslim,40
רימאל,F,Muslim,40
תאובה,F,Muslim,40
סילא,F,Christian-Arab,40
לוסיאנו,M,Jewish,40
אלרז,M,Jewish,40
פנטאהון,M,Jewish,40
בהיגה,F,Muslim,40
עמירה,F,Muslim,40
מונתהא,F,Druze,40
גוד,M,Druze,40
סוזי,F,Christian-Arab,40
רוסול,M,Muslim,40
מוגאהד,M,Muslim,40
איילא,F,Christian-Arab,40
פלביו,M,Jewish,40
ג'אלי,M,Muslim,40
עטווה,M,Muslim,40
בריזיט,F,Jewish,40
עוהוד,F,Muslim,40
תיימה,F,Muslim,40
קמיליה,F,Jewish,40
שמואלה,F,Jewish,40
זאייד,M,Muslim,40
נוין,F,Muslim,40
חברון,M,Jewish,40
וצ'יסלב,M,Jewish,40
אמינה,F,Druze,40
סאם,M,Druze,40
ישאמבל,M,Jewish,40
אפים,M,Jewish,40
ראוחי,M,Muslim,40
ליונל,M,Christian-Arab,40
ברוכה,F,Jewish,40
קליפורד,M,Jewish,40
אירה,M,Jewish,40
עמיתי,M,Jewish,40
הלאלה,F,Muslim,40
קולין,F,Jewish,40
אסלן,M,Jewish,40
נהאי,F,Druze,40
לייזר,M,Jewish,40
רמאא,F,Muslim,40
תמארה,F,Christian-Arab,40
נדרה,F,Muslim,40
נהאונד,F,Muslim,40
טירונש,F,Jewish,40
מראדי,F,Muslim,40
ראוף,M,Christian-Arab,40
זמרת,F,Jewish,40
איגנסיו,M,Jewish,40
אוניל,F,Jewish,40
אתאר,F,Druze,40
יולי,F,Druze,40
אורסולה,F,Jewish,40
קוקב,F,Muslim,40
גסיקה,F,Christian-Arab,40
דינו,M,Jewish,40
תובה,F,Muslim,40
הורסיו,M,Jewish,40
טיהון,F,Jewish,40
ברט,F,Jewish,40
קציעה,F,Jewish,40
ליזו,F,Jewish,40
שהד,F,Christian-Arab,40
רומא,F,Druze,40
יוסר,F,Druze,40
ראמה,F,Druze,40
סוסן,F,Jewish,40
דרוויש,M,Muslim,40
אג'ואן,F,Muslim,40
סטפאן,M,Jewish,40
מספין,M,Jewish,40
מירוות,F,Christian-Arab,40
חסון,M,Druze,40
חסון,M,Muslim,40
קורנליה,F,Jewish,40
מיריאל,F,Jewish,40
תלין,F,Christian-Arab,40
אכראם,F,Druze,40
אלסדיג,M,Muslim,40
סאסא,F,Jewish,40
עסל,F,Muslim,40
עאליא,F,Muslim,40
גלאל,M,Muslim,40
מטי,M,Jewish,40
ניהאי,F,Christian-Arab,40
ג'זאל,F,Muslim,40
יועז,M,Jewish,40
קדסט,F,Jewish,40
נהיל,F,Druze,40
שייני,F,Jewish,40
גדיר,M,Muslim,40
מיכאל,M,Muslim,40
חכמת,M,Druze,40
חכמיה,F,Muslim,40
סוני,M,Jewish,40
פיטפיטה,F,Jewish,40
דוידי,M,Jewish,40
אלינתן,M,Jewish,40
פרדריק,F,Jewish,40
פלאי,M,Jewish,39
זלאטא,F,Jewish,39
חדיפה,M,Muslim,39
עולא,M,Muslim,39
נאסיף,M,Muslim,39
קרלה,F,Christian-Arab,39
נוריאל,F,Jewish,39
קייסי,F,Jewish,39
מרוין,M,Jewish,39
איבית,F,Christian-Arab,39
אמה,F,Druze,39
נרייה,M,Jewish,39
לי,F,Druze,39
ותין,M,Muslim,39
ג'ף,M,Jewish,39
ריין,F,Christian-Arab,39
ארכאן,M,Druze,39
מיסה,F,Jewish,39
זכריאת,F,Muslim,39
הבטם,M,Jewish,39
נורית,F,Muslim,39
איליאס,M,Jewish,39
טיגבו,M,Jewish,39
תוליפ,F,Muslim,39
אגטה,F,Jewish,39
שעיב,M,Muslim,39
פארה,F,Jewish,39
ברוג,F,Muslim,39
רם,M,Christian-Arab,39
עפו,M,Druze,39
רוזטה,F,Jewish,39
בלאינש,F,Jewish,39
רוחייה,F,Muslim,39
איסבל,F,Jewish,39
נתאל,F,Muslim,39
מברט,F,Jewish,39
יפרח,M,Jewish,39
לורה,F,Druze,39
מורג'אנה,F,Muslim,39
ג'לא,M,Druze,39
נזיהה,F,Druze,39
מרגאן,F,Muslim,39
גסוב,M,Christian-Arab,39
פדוא,F,Christian-Arab,39
אנדשאו,M,Jewish,39
לאנה,F,Christian-Arab,39
גודאת,M,Muslim,39
איאס,M,Druze,39
אסא,M,Muslim,39
וובנש,F,Jewish,39
ביינה,M,Jewish,39
קורי,F,Jewish,39
בושרא,F,Christian-Arab,39
כנג',M,Druze,39
אלן,F,Christian-Arab,39
ביררה,M,Jewish,39
עאסם,M,Druze,39
רוזלין,F,Druze,39
ג'אניית,F,Christian-Arab,39
פרנסס,F,Jewish,39
אבתיהאג',F,Muslim,39
ליזה,F,Christian-Arab,39
יה,F,Jewish,39
דויא,F,Muslim,39
טומאס,M,Jewish,39
פלחה,F,Muslim,39
מרפאת,F,Muslim,39
עתאי,M,Jewish,39
ח'ולוד,F,Christian-Arab,39
רגיד,M,Muslim,39
מהיוב,M,Muslim,39
פטין,M,Muslim,39
שמס,M,Christian-Arab,39
לימא,F,Muslim,39
רשיד,M,Druze,39
ראלף,M,Jewish,39
לוסיאן,F,Jewish,39
נג'יבה,F,Muslim,39
מהרי,F,Jewish,39
עיאדה,M,Muslim,39
אסמו,F,Jewish,39
אסמהאן,F,Christian-Arab,39
ציונית,F,Jewish,39
ח'ירייה,F,Muslim,39
זכיה,F,Druze,39
טאקלה,M,Jewish,39
אסרסו,F,Jewish,39
בריליאנט,F,Jewish,39
נאלה,F,Muslim,39
טיפאני,F,Jewish,39
אניס,M,Druze,39
תארק,M,Muslim,39
נדייה,F,Muslim,39
לידן,F,Jewish,39
ספואן,M,Druze,39
שאוקי,M,Christian-Arab,39
גלנדה,F,Jewish,39
איזט,M,Jewish,39
אדי,M,Druze,39
נילאי,F,Muslim,39
אלנור,M,Jewish,39
צפיה,F,Muslim,39
ויאולט,F,Jewish,39
ג'ונה,F,Muslim,39
יום-טוב,M,Jewish,39
שריה,F,Jewish,39
טיגרן,M,Jewish,39
מאמי,F,Jewish,39
אסעיד,M,Druze,39
לינור,F,Muslim,39
רדיסלב,M,Jewish,39
צדקיהו,M,Jewish,39
גאק,M,Jewish,39
חוסין,F,Muslim,39
דים,F,Muslim,39
רייה,F,Muslim,39
טאבה,F,Jewish,39
אלישה,F,Jewish,39
ראג'ב,M,Muslim,39
אחלאס,F,Christian-Arab,39
אמירן,M,Jewish,39
באדי,M,Muslim,39
מאיי,F,Muslim,39
יודית,F,Jewish,39
חיכמיה,F,Muslim,38
פקאדו,M,Jewish,38
פראג,M,Muslim,38
ראבח,M,Muslim,38
עוד,M,Muslim,38
ג'אודאת,M,Muslim,38
אלאונור,F,Jewish,38
נהואנד,F,Muslim,38
סחאר,F,Muslim,38
סביון,M,Jewish,38
נארת,M,Muslim,38
כנען,M,Jewish,38
סרנה,F,Jewish,38
טארה,F,Jewish,38
קריסטינה,F,Muslim,38
מירנדה,F,Jewish,38
מהרן,M,Jewish,38
רדואן,M,Druze,38
אקסנה,F,Jewish,38
ליל,F,Jewish,38
אינגודאי,F,Jewish,38
אטאלה,F,Jewish,38
ראאיד,M,Muslim,38
ספואת,M,Muslim,38
אלסנדרו,M,Jewish,38
נבאל,F,Christian-Arab,38
מאגי,F,Jewish,38
ברקת,M,Jewish,38
עוריב,F,Muslim,38
עגאב,M,Muslim,38
נוחה,F,Muslim,38
ז'נין,F,Jewish,38
גיורגי,M,Jewish,38
נסראת,M,Muslim,38
ולאדימיר,M,Jewish,38
אמארה,F,Druze,38
ספירה,F,Jewish,38
ג'זל,F,Christian-Arab,38
ואלא,F,Muslim,38
כתרין,F,Christian-Arab,38
אייטגב,M,Jewish,38
כאתרין,F,Christian-Arab,38
כאתיא,F,Christian-Arab,38
עבלא,F,Christian-Arab,38
קיסר,M,Druze,38
יאסרה,F,Muslim,38
יזיד,M,Christian-Arab,38
חנניאל,M,Jewish,38
מוטל,M,Jewish,38
האלי,F,Jewish,38
יענקל,M,Jewish,38
אלינוער,F,Jewish,38
לינת,F,Jewish,38
אכאבר,F,Druze,38
אלם,F,Jewish,38
עליס,F,Jewish,38
לוציאן,M,Jewish,38
נאהיה,F,Muslim,38
סאבא,M,Christian-Arab,38
זלדא,F,Jewish,38
נדי,M,Muslim,38
רינד,F,Muslim,38
נאדים,M,Muslim,38
ארוה,F,Druze,38
איירה,M,Jewish,38
וגיהא,F,Muslim,38
ראם,M,Christian-Arab,38
משגב,M,Jewish,38
גדוע,M,Muslim,38
ריגינה,F,Jewish,38
נסיב,M,Christian-Arab,38
אוסאף,F,Muslim,38
צהיב,M,Muslim,38
סוהאם,F,Muslim,38
נג'וא,F,Christian-Arab,38
דאהש,M,Druze,38
אקבאל,F,Druze,38
ג'ומאן,F,Christian-Arab,38
אשי,M,Jewish,38
שפריר,M,Jewish,38
עמל,F,Jewish,38
יחיאלה,F,Jewish,38
ריואא,F,Muslim,38
אדריאל,M,Jewish,38
יהושפט,M,Jewish,38
דוריאל,M,Jewish,38
ג'אליה,F,Muslim,38
גינענדל,F,Jewish,38
ראסל,M,Jewish,38
בראשית,F,Jewish,38
גאוהרה,F,Druze,38
שבא,F,Jewish,38
רבז,M,Jewish,38
כרמלה,F,Druze,38
הואידה,F,Muslim,38
נאהד,F,Christian-Arab,38
אדוין,M,Jewish,38
מען,M,Druze,38
סברינה,F,Muslim,38
נאיי,F,Muslim,38
שמה,F,Muslim,38
אוריאן,F,Druze,38
טאיסה,F,Jewish,38
ח'ליל,M,Druze,38
רבינו,M,Jewish,38
עטא,F,Muslim,38
לודה,F,Jewish,38
מעאוויה,M,Muslim,38
מזלה,F,Jewish,38
מזל-טוב,F,Jewish,38
רושדי,M,Druze,38
דזי,F,Jewish,38
ישה,M,Jewish,38
נמיק,M,Jewish,38
אליקום,M,Jewish,38
עבדאלקאדר,M,Muslim,38
תאירה,F,Muslim,38
אודה,F,Jewish,38
מורלי,F,Jewish,38
לאנא,F,Jewish,38
לטם,M,Jewish,38
לי-את,F,Jewish,38
שוביה,F,Jewish,38
נוזהא,F,Muslim,38
בסמאלה,F,Muslim,38
אלמר,M,Jewish,38
נופל,M,Muslim,38
ליים,F,Jewish,38
קייטלין,F,Jewish,38
בכל,F,Jewish,38
חנום,F,Jewish,38
אסצ'ילה,F,Jewish,38
דידייה,M,Jewish,38
גוליאנה,F,Muslim,38
אמלה,F,Druze,38
ארקן,M,Muslim,38
מירבי,M,Jewish,38
לירונה,F,Jewish,37
אמיליה,F,Muslim,37
חוא,F,Muslim,37
סרג'ו,M,Jewish,37
סידאל,F,Muslim,37
עמיטל,F,Jewish,37
אנדרש,M,Jewish,37
פרנקלין,M,Jewish,37
יעקב-קובי,M,Jewish,37
טיגאבו,M,Jewish,37
נהלה,F,Christian-Arab,37
אלאא,F,Christian-Arab,37
פיליפה,F,Jewish,37
מורסלין,F,Muslim,37
נופר,M,Jewish,37
אטירסאו,M,Jewish,37
עלא,F,Jewish,37
היילו,M,Jewish,37
הייה,F,Muslim,37
מיראם,F,Muslim,37
עואטף,F,Christian-Arab,37
טרסה,F,Jewish,37
מזית,F,Jewish,37
מקרם,M,Muslim,37
תניר,F,Jewish,37
אנייה,F,Jewish,37
הרייט,F,Jewish,37
טצ'ילו,M,Jewish,37
טפת,F,Jewish,37
טפרה,M,Jewish,37
ימה,F,Jewish,37
אדרג'או,M,Jewish,37
בובה,F,Jewish,37
קלייב,M,Jewish,37
לאמר,F,Muslim,37
אליין,M,Jewish,37
תיאה,F,Muslim,37
מרואת,F,Muslim,37
לביבה,F,Christian-Arab,37
ענתר,M,Muslim,37
דאוד,M,Druze,37
מעינה,F,Jewish,37
ינטל,F,Jewish,37
פרומי,F,Jewish,37
עוזיהו,M,Jewish,37
נישאן,M,Muslim,37
לוז,F,Druze,37
בר-יוחאי,M,Jewish,37
סינתיה,F,Christian-Arab,37
נג'יה,F,Druze,37
ניקו,F,Jewish,37
סוניא,F,Christian-Arab,37
אנפה,F,Jewish,37
וירג'יניה,F,Jewish,37
סמארה,M,Muslim,37
סעדה,F,Christian-Arab,37
מושה,M,Jewish,37
מרג'ורי,F,Jewish,37
לוריס,F,Muslim,37
רוידא,F,Muslim,37
האנה,F,Muslim,37
ראפע,M,Druze,37
נעאמה,F,Druze,37
שפיר,M,Jewish,37
ריתה,F,Christian-Arab,37
אלימור,F,Jewish,37
אג'בוש,F,Jewish,37
סימין,F,Jewish,37
חננית,F,Jewish,37
חנני,M,Jewish,37
כדיגה,F,Muslim,37
יבסיי,M,Jewish,37
האוורד,M,Jewish,37
הללויה,F,Jewish,37
טאלין,F,Muslim,37
יאנוש,M,Jewish,37
אדיסיה,F,Jewish,37
וג'יה,M,Christian-Arab,37
גיה,M,Jewish,37
אמאראת,F,Muslim,37
זרחיה,M,Jewish,37
לייס,M,Muslim,37
תאג',M,Muslim,37
דמקו,F,Jewish,37
אמתיאז,F,Druze,37
דזירה,F,Jewish,37
יקבה,F,Jewish,37
נדיבה,F,Jewish,37
שירן,F,Muslim,37
שיבה,F,Jewish,37
הנאדי,F,Christian-Arab,37
זורי,M,Jewish,37
אלבל,M,Jewish,37
שבל,M,Druze,37
ונסה,F,Christian-Arab,37
אלאן,M,Muslim,37
ג'וואהר,F,Muslim,37
סבר,M,Muslim,37
סבע,M,Muslim,37
יאניק,M,Jewish,37
מונגד,M,Muslim,37
רוודה,F,Muslim,37
אסנת,F,Muslim,37
גיי,M,Jewish,37
ולנטינה,F,Christian-Arab,37
ג'ונתן,M,Christian-Arab,37
מיאס,M,Druze,37
פייבל,M,Jewish,37
אמרו,F,Jewish,37
רנים,M,Muslim,37
קתרין,F,Druze,37
סיבל,F,Jewish,37
אדורם,M,Jewish,37
קלרית,F,Jewish,37
תאל,F,Jewish,37
דני,M,Christian-Arab,37
מיאר,M,Muslim,37
איקה,F,Jewish,37
אלמן,M,Jewish,37
נאילה,F,Jewish,37
מישאל,F,Jewish,37
גולין,F,Christian-Arab,37
סולה,F,Jewish,36
סולונג',F,Jewish,36
ליפשא,F,Jewish,36
חיטאם,F,Muslim,36
אדיי,F,Jewish,36
טאו,M,Jewish,36
מרדושה,M,Jewish,36
עלקה,F,Jewish,36
הינד,F,Christian-Arab,36
איתאר,F,Muslim,36
מעתצם,M,Muslim,36
מרינט,F,Jewish,36
גורג',M,Jewish,36
קורה,F,Jewish,36
גוליאן,M,Druze,36
אמנדה,F,Christian-Arab,36
כלפו,M,Jewish,36
עופרית,F,Jewish,36
לורי,M,Jewish,36
באנצ'עלם,F,Jewish,36
אסנת,F,Druze,36
דוחא,F,Druze,36
ענאת,F,Muslim,36
גוליאט,F,Jewish,36
זמר,F,Jewish,36
טספאהון,M,Jewish,36
רושאן,F,Druze,36
לאונה,F,Jewish,36
איזיס,F,Muslim,36
אזנו,F,Jewish,36
פריג,M,Muslim,36
אסף,M,Muslim,36
טהון,F,Jewish,36
פיטפיט,F,Jewish,36
ג'ניה,M,Jewish,36
נוואף,M,Muslim,36
חלמיה,F,Muslim,36
חמאדה,M,Druze,36
שכיב,M,Muslim,36
גאן,F,Jewish,36
גאן,M,Christian-Arab,36
אעתדאל,F,Druze,36
קותייבה,M,Muslim,36
שהינאז,F,Muslim,36
ג'ואן,F,Druze,36
רימס,F,Muslim,36
ג'נאא,F,Muslim,36
רינאת,F,Muslim,36
זכי,M,Druze,36
האשם,M,Druze,36
מובדא,M,Christian-Arab,36
קהת,M,Jewish,36
שיא,F,Jewish,36
ינאל,F,Muslim,36
איסנה,F,Jewish,36
שאם,M,Muslim,36
הודאל,F,Jewish,36
צהל,M,Jewish,36
לימור,F,Muslim,36
אכאבר,F,Muslim,36
אבטה,M,Jewish,36
סמדר,F,Muslim,36
רפא,F,Muslim,36
לאופולד,M,Jewish,36
סמיה,F,Christian-Arab,36
בירטוקאן,F,Jewish,36
בניטה,F,Jewish,36
טרפה,F,Muslim,36
מקה,F,Jewish,36
מופידה,F,Druze,36
מאודי,F,Jewish,36
קינן,M,Druze,36
כתר,F,Jewish,36
רוידה,F,Druze,36
גיתי,M,Jewish,36
מחי,M,Muslim,36
האדל,F,Jewish,36
מאמן,M,Muslim,36
נאורי,M,Jewish,36
רימונדה,F,Muslim,36
משה,F,Jewish,36
ויצ'יסלב,M,Jewish,36
ודיאן,F,Druze,36
מהרטו,M,Jewish,36
נביו,M,Jewish,36
אמנר,M,Jewish,36
סייפן,F,Jewish,36
כרמן,F,Christian-Arab,36
מוקט,F,Jewish,36
גוזפין,F,Christian-Arab,36
אלירוי,M,Jewish,36
נהורי,M,Jewish,36
רמזי,M,Jewish,36
סהיב,M,Muslim,36
נאסיף,M,Christian-Arab,36
רודולפו,M,Jewish,36
אייסו,M,Jewish,36
ביה,F,Jewish,36
טטאינה,F,Jewish,36
גובזה,M,Jewish,36
סורן,M,Jewish,36
דיאם,F,Muslim,36
תסהיל,F,Muslim,36
תסואהן,F,Muslim,36
אינעאם,F,Druze,36
סנדרו,M,Jewish,36
מילו,M,Jewish,36
ססי,M,Jewish,36
עלמו,M,Jewish,36
סיאל,F,Christian-Arab,36
מסרת,F,Jewish,36
נודרי,M,Jewish,36
אגנש,F,Jewish,36
מנגשה,M,Jewish,36
מינה,F,Druze,36
נאייף,M,Muslim,36
אונית,F,Jewish,36
סברייה,F,Muslim,36
נואה,F,Muslim,36
פירוזה,F,Jewish,36
קארולין,F,Christian-Arab,36
מאגדה,F,Druze,36
הדריה,F,Jewish,36
שאנן,M,Jewish,36
עבדאלהאדי,M,Muslim,36
סנה,F,Muslim,36
דהאם,M,Muslim,36
קילה,F,Jewish,36
קאסה,M,Jewish,36
פרנצ'סקה,F,Jewish,36
נזאל,M,Muslim,36
סומיא,F,Muslim,36
תאליא,F,Druze,36
מדינה,F,Druze,36
מברט,M,Jewish,36
נרג'ס,F,Druze,36
גרהם,M,Jewish,36
חואנה,F,Jewish,36
אסיא,F,Jewish,36
דינקה,F,Jewish,36
לוז,F,Jewish,36
זאפר,M,Muslim,36
אליאא,F,Muslim,36
מיתה,F,Muslim,36
ברכאת,M,Druze,36
חררדו,M,Jewish,35
קפלה,M,Jewish,35
מקסוול,M,Jewish,35
היליי,F,Jewish,35
באדי,M,Druze,35
אסי,M,Muslim,35
קסה,M,Jewish,35
סלאם,M,Christian-Arab,35
בעריש,M,Jewish,35
רנים,M,Druze,35
בחר,M,Muslim,35
הרוי,M,Jewish,35
דודיק,M,Jewish,35
נאמן,M,Jewish,35
ריכרד,M,Jewish,35
צהאי,F,Jewish,35
צובחיה,F,Muslim,35
נהלה,F,Druze,35
מירנה,F,Druze,35
באנה,F,Druze,35
פיורלה,F,Jewish,35
סנבטו,M,Jewish,35
תולאי,F,Christian-Arab,35
ג'יני,F,Jewish,35
מנהאל,M,Druze,35
יודא,M,Jewish,35
טירויה,F,Jewish,35
סיאם,F,Muslim,35
ראקל,F,Jewish,35
סברי,M,Druze,35
עתרת,F,Jewish,35
ג'וזה,M,Jewish,35
יופא,F,Muslim,35
נוהאד,M,Muslim,35
כותיבה,M,Muslim,35
זקרי,M,Jewish,35
קלודיה,F,Christian-Arab,35
קרלו,M,Jewish,35
גבייאנש,F,Jewish,35
ארגה,M,Jewish,35
ברוק,F,Jewish,35
זכרא,F,Muslim,35
הג'אר,F,Muslim,35
סאפי,M,Christian-Arab,35
אדן,M,Jewish,35
אבטנדיל,M,Jewish,35
דמיטריי,M,Jewish,35
אבתיסם,F,Muslim,35
ג'מה,F,Jewish,35
ג'יה,F,Jewish,35
הילאי,F,Jewish,35
תמזי,M,Jewish,35
איילא,F,Druze,35
מונט,F,Jewish,35
תורן,M,Jewish,35
רנאל,F,Muslim,35
קרולין,F,Druze,35
רודין,M,Muslim,35
נועד,M,Jewish,35
דפי,F,Jewish,35
אגוסטינה,F,Jewish,35
סלינא,F,Muslim,35
פליכס,M,Jewish,35
איקראם,F,Muslim,35
עאדה,F,Muslim,35
ליאו,M,Christian-Arab,35
עיזאלדין,M,Muslim,35
מטאו,M,Jewish,35
סני,F,Jewish,35
דאניאל,M,Christian-Arab,35
פינקל,F,Jewish,35
נינה,F,Christian-Arab,35
נינה,F,Muslim,35
טופיק,M,Muslim,35
טליעה,F,Muslim,35
תאליא,F,Christian-Arab,35
ניראל,F,Druze,35
נירה,F,Muslim,35
סהרה,F,Muslim,35
אסתלה,F,Jewish,35
גרמאי,M,Jewish,35
פלק,F,Muslim,35
רומית,F,Jewish,35
ג'וליאנה,F,Druze,35
הדייה,F,Druze,35
כייתי,F,Christian-Arab,35
נווין,F,Muslim,35
אילן,F,Muslim,35
מג'אהד,M,Muslim,35
גמילה,F,Christian-Arab,35
ג'ן,F,Jewish,35
ימנגיסט,F,Jewish,35
מדין,M,Muslim,35
גוהאר,F,Muslim,35
גוהרה,F,Druze,35
לוציה,F,Jewish,35
מעידה,F,Muslim,35
פרג,M,Jewish,35
חכמאת,M,Muslim,35
אטטגב,F,Jewish,35
עאשור,M,Muslim,35
לחן,M,Jewish,35
אמיטה,F,Jewish,35
פאייזה,F,Muslim,35
שאם,F,Christian-Arab,35
מלוק,F,Muslim,35
אבירז,M,Jewish,35
נעמי,F,Muslim,35
ז'ולייט,F,Jewish,35
זוליט,F,Jewish,35
אדיר,F,Muslim,35
סברה,F,Muslim,35
נחמי,F,Jewish,35
קליר,F,Christian-Arab,35
אריאנה,F,Muslim,35
מורדו,M,Jewish,35
קיברט,M,Jewish,35
שם-טוב,M,Jewish,35
פרנקו,M,Jewish,35
עטה,M,Muslim,35
סאנא,F,Muslim,35
נסיבה,F,Muslim,35
מארלין,F,Muslim,35
נרמינה,F,Jewish,35
שפי,M,Jewish,35
עאקלה,F,Muslim,35
נדירה,F,Muslim,35
חאגה,F,Muslim,35
אדיל,F,Christian-Arab,35
אנזלה,F,Jewish,35
אנוואר,M,Muslim,35
סדים,F,Muslim,35
לירום,F,Jewish,35
טילהון,M,Jewish,35
תרייה,F,Muslim,35
מירב,F,Muslim,35
לוזיאן,F,Muslim,35
קלאודין,F,Jewish,35
מקה,F,Muslim,35
איזדיהאר,F,Muslim,35
כארול,F,Christian-Arab,35
מליסה,F,Muslim,35
גייסון,M,Jewish,35
לינדזי,F,Jewish,35
סירא,F,Muslim,34
אסייה,F,Jewish,34
וופה,F,Muslim,34
ראן,M,Druze,34
זהבי,F,Jewish,34
רינאל,F,Druze,34
טובאל,M,Jewish,34
גיהאן,F,Christian-Arab,34
שרית,F,Muslim,34
מנדר,M,Muslim,34
אבבץ,F,Jewish,34
עוקילה,F,Muslim,34
סדי,M,Jewish,34
מירל,M,Jewish,34
טאדלה,F,Jewish,34
בשאייר,F,Muslim,34
חאזם,M,Christian-Arab,34
צחי-יצחק,M,Jewish,34
גוהרה,F,Muslim,34
לורית,F,Jewish,34
איסחאק,M,Christian-Arab,34
הווידה,F,Muslim,34
טטיאנה,F,Christian-Arab,34
גודה,M,Muslim,34
סומה,F,Muslim,34
איליאנה,F,Jewish,34
אכרם,F,Muslim,34
ראסל,M,Druze,34
סיזאר,M,Muslim,34
דאנה,F,Druze,34
איזו,M,Jewish,34
אדריאן,M,Druze,34
לילו,F,Jewish,34
הושעיה,M,Jewish,34
יאניס,M,Jewish,34
יזנה,F,Jewish,34
ראווי,M,Muslim,34
חאזם,M,Druze,34
יפה,F,Druze,34
מילאד,M,Druze,34
נענא,F,Jewish,34
מלקה,M,Jewish,34
ינוש,M,Jewish,34
ג'סון,M,Jewish,34
הוגט,F,Jewish,34
דאפר,M,Muslim,34
דאסש,F,Jewish,34
דאסאש,F,Jewish,34
עכרמה,M,Muslim,34
ויליאם,M,Druze,34
ליויה,F,Jewish,34
פרגי,M,Jewish,34
בנימן,M,Jewish,34
ענאיאת,F,Muslim,34
הנד,F,Christian-Arab,34
סטניסלבה,F,Jewish,34
רידא,F,Muslim,34
רודי,F,Jewish,34
רנדי,M,Jewish,34
לאיה,F,Muslim,34
אביעזרי,M,Jewish,34
נדאא,F,Druze,34
זיין,M,Druze,34
חניה,F,Jewish,34
מתיאו,M,Jewish,34
מלסאו,M,Jewish,34
מסיונה,F,Muslim,34
שפיקה,F,Christian-Arab,34
נריאל,M,Jewish,34
אנטנך,M,Jewish,34
מאזנה,F,Muslim,34
סינדו,F,Jewish,34
סלמיה,F,Muslim,34
יואכים,M,Jewish,34
נדרה,F,Jewish,34
מגל,M,Jewish,34
גטאו,M,Jewish,34
צינה,F,Jewish,34
מרון,F,Jewish,34
מקבולה,F,Druze,34
בילי,M,Jewish,34
ודיאן,F,Muslim,34
ילי,M,Jewish,34
ג'ליל,M,Christian-Arab,34
נגם,M,Muslim,34
חאסן,M,Muslim,34
עואמר,M,Muslim,34
סוילם,M,Muslim,34
מאלה,F,Jewish,34
אהובית,F,Jewish,34
אזאד,F,Muslim,34
אגוסטין,M,Jewish,34
ויצסלב,M,Jewish,34
סמואיל,M,Christian-Arab,34
רקאן,M,Druze,34
אבריאל,M,Jewish,34
נעימה,F,Christian-Arab,34
נעמה,M,Muslim,34
רנאן,M,Druze,34
לינור,F,Christian-Arab,34
סאדאת,M,Muslim,34
איתיי,M,Jewish,34
יטבת,F,Jewish,34
וודיה,F,Jewish,34
טיארי,M,Jewish,34
יולנטה,F,Jewish,34
תפילה,F,Jewish,34
שווקי,M,Muslim,34
לואיז,M,Jewish,34
סאד,M,Muslim,34
יוסי,M,Muslim,34
מרוסיה,F,Jewish,34
ברונה,F,Jewish,34
לאדה,F,Jewish,34
רוז'ה,M,Jewish,34
התר,F,Jewish,34
מזור,F,Jewish,34
דונא,F,Christian-Arab,34
סימאת,F,Muslim,34
אינדשאו,M,Jewish,34
זמורוד,F,Druze,34
סנדו,M,Jewish,34
מאסה,F,Druze,34
זעליג,M,Jewish,34
יה-לי,M,Jewish,34
דראל,M,Jewish,34
רסאן,M,Muslim,34
שילי,M,Jewish,34
קנאן,M,Druze,34
אילא,F,Christian-Arab,34
מדללה,F,Muslim,34
היימנוט,F,Jewish,34
עלם,M,Muslim,34
פארלי,F,Jewish,34
וורוד,F,Druze,34
אבידע,M,Jewish,34
תנא,F,Muslim,34
נדים,M,Jewish,34
עראבי,M,Muslim,34
מוראן,M,Druze,34
אייט,F,Muslim,34
מרבד,F,Muslim,34
רמיאל,M,Jewish,34
פרידל,F,Jewish,34
רדו,M,Jewish,34
לוסיל,F,Muslim,34
רין,F,Jewish,34
איימי,F,Christian-Arab,34
באנצ'י,F,Jewish,34
שירז,F,Christian-Arab,34
עילי,F,Jewish,34
אפרם,M,Jewish,34
יקטרינה,F,Muslim,34
מידחת,M,Muslim,34
חגאזי,M,Muslim,34
ירגדו,F,Jewish,34
צדף,F,Jewish,34
נדיה,F,Christian-Arab,34
תואם,F,Jewish,34
סריטה,F,Jewish,34
רייזה,F,Jewish,34
רניאל,M,Jewish,34
קשת,M,Jewish,34
מחפוז,M,Muslim,34
חתון,F,Jewish,34
שושנית,F,Jewish,34
בן,M,Muslim,34
שירילי,F,Jewish,34
חיי,M,Jewish,34
זהור,F,Druze,34
סאלם,M,Jewish,33
אידל,M,Jewish,33
אמן,F,Muslim,33
ירון,M,Druze,33
רחאב,F,Christian-Arab,33
זאקי,M,Jewish,33
סדיקה,F,Druze,33
אטלו,M,Jewish,33
שיריה,F,Jewish,33
כמי,F,Jewish,33
כמיליא,F,Druze,33
יולין,F,Druze,33
שמירה,F,Jewish,33
טימותי,M,Jewish,33
רגדה,F,Christian-Arab,33
נלי,F,Muslim,33
מואפק,M,Druze,33
וסילה,F,Druze,33
כדר,M,Muslim,33
אלינור,F,Druze,33
מלדה,M,Jewish,33
קלאוד,M,Jewish,33
תואם,M,Jewish,33
מקואנינט,M,Jewish,33
גאמר,F,Muslim,33
טספנש,F,Jewish,33
טס,F,Jewish,33
אדל,F,Christian-Arab,33
רדינה,F,Muslim,33
רינאן,F,Muslim,33
קירא,F,Jewish,33
צדקה,F,Jewish,33
צ'רנה,F,Jewish,33
אנדריי,M,Christian-Arab,33
אפתחאר,F,Muslim,33
נרדית,F,Jewish,33
רונה,F,Muslim,33
עלם,M,Jewish,33
בותינה,F,Christian-Arab,33
נצחונה,F,Jewish,33
גנה,F,Jewish,33
אילאנא,F,Muslim,33
אמגאד,M,Muslim,33
ליזבט,F,Jewish,33
ואפא,F,Muslim,33
צרי,M,Jewish,33
סמרה,F,Muslim,33
מאסה,F,Christian-Arab,33
האניה,F,Muslim,33
דמבולו,F,Jewish,33
נירוז,F,Christian-Arab,33
טיראן,M,Druze,33
אנטונלה,F,Jewish,33
עמלי,F,Jewish,33
מסללם,M,Muslim,33
איבאא,F,Muslim,33
סורנה,F,Jewish,33
חליפה,M,Muslim,33
שנינה,F,Jewish,33
מירו,M,Jewish,33
אדו,M,Jewish,33
מהראן,M,Christian-Arab,33
ליאתי,F,Jewish,33
נאהי,F,Druze,33
לטיפה,F,Christian-Arab,33
מרוות,F,Druze,33
סוטלנה,F,Jewish,33
לימור,F,Christian-Arab,33
שאדן,F,Druze,33
מרלנה,F,Jewish,33
זוהירה,F,Muslim,33
זוהא,F,Muslim,33
דבירה,F,Jewish,33
אסצ'לאו,M,Jewish,33
יוסיף,M,Muslim,33
שהנאז,F,Jewish,33
אייאן,F,Muslim,33
גירייס,M,Christian-Arab,33
נזר,M,Jewish,33
רימאז,F,Muslim,33
צורי,F,Jewish,33
עלינה,F,Jewish,33
זוזיאן,F,Jewish,33
אנטנש,F,Jewish,33
הנדה,F,Jewish,33
סיום,M,Jewish,33
אנדי,M,Muslim,33
טג'יטו,F,Jewish,33
ג'ולי,F,Druze,33
אנדבט,M,Jewish,33
רוזלינה,F,Jewish,33
אדיאן,M,Muslim,33
ארלן,F,Jewish,33
ארם,F,Muslim,33
מועתאסם,M,Muslim,33
יהשוע,M,Jewish,33
מגדל,F,Muslim,33
ענג,F,Jewish,33
אשראק,F,Muslim,33
איאסו,M,Jewish,33
טלאל,M,Jewish,33
אנא,F,Christian-Arab,33
סעדי,F,Muslim,33
עסאף,M,Druze,33
ענימה,F,Muslim,33
אלפה,M,Jewish,33
כריסטופר,M,Christian-Arab,33
נאדל,M,Muslim,33
ג'סטין,F,Jewish,33
רומן,F,Jewish,33
גברי,M,Jewish,33
פרן,F,Jewish,33
אבייה,M,Jewish,33
ג'וליאנא,F,Christian-Arab,33
יונל,M,Jewish,33
אמה,F,Muslim,33
אודהליה,F,Jewish,33
ראנסי,F,Muslim,33
לוג'ין,F,Druze,33
מיסרה,F,Muslim,33
הנייה,F,Druze,33
קלי,M,Jewish,33
סימנטוב,M,Jewish,33
גירמה,M,Jewish,33
סייל,F,Christian-Arab,33
זיווה,F,Jewish,33
אמל,M,Christian-Arab,33
פהים,M,Druze,33
עומר,M,Christian-Arab,33
רתיבה,F,Druze,33
חשמה,F,Druze,33
זואל,F,Jewish,33
מיכלה,F,Jewish,33
שתיוי,M,Muslim,33
תופאחה,F,Muslim,33
אנחל,M,Jewish,33
גנימה,F,Muslim,33
טנוס,M,Christian-Arab,33
לינדי,F,Jewish,33
חיה,F,Muslim,33
סלאחאלדין,M,Muslim,33
מלא,F,Muslim,33
סגיב,M,Jewish,33
ווספי,M,Muslim,32
מוסבאח,M,Muslim,32
נג'ם,F,Christian-Arab,32
ווסה,M,Jewish,32
טימוטי,M,Jewish,32
עורי,F,Jewish,32
ברכה,F,Muslim,32
שונה,F,Jewish,32
גאזייה,F,Muslim,32
פריגה,F,Muslim,32
אנווה,F,Jewish,32
זהבה,F,Muslim,32
אסיה,F,Druze,32
חוזיפה,M,Muslim,32
ירדנה,F,Muslim,32
רענן,M,Druze,32
אנאניי,F,Jewish,32
נטאשה,F,Jewish,32
גזית,F,Jewish,32
אליין,F,Muslim,32
אסמא,F,Christian-Arab,32
פרח,M,Druze,32
פרזנה,F,Jewish,32
ביסן,F,Muslim,32
אסרס,M,Jewish,32
כריסטינה,F,Muslim,32
קיט,M,Jewish,32
גישרמו,M,Jewish,32
נאזי,F,Jewish,32
מאי-לי,F,Jewish,32
ריוא,F,Muslim,32
לי חן,F,Jewish,32
אזהר,M,Muslim,32
יפי,F,Jewish,32
קדרי,M,Muslim,32
שארין,F,Muslim,32
אסראא,M,Muslim,32
גטאהון,M,Jewish,32
משאת,F,Jewish,32
אסמעאיל,M,Muslim,32
מתיו,M,Christian-Arab,32
ניקול,F,Muslim,32
ג'סאן,M,Christian-Arab,32
יזבנש,F,Jewish,32
טליה,F,Druze,32
לולי,F,Jewish,32
לוסט,F,Jewish,32
סאמיר,M,Muslim,32
טיבלט,F,Jewish,32
תמו,F,Jewish,32
אבישי,F,Jewish,32
הונידה,F,Druze,32
שאמה,F,Muslim,32
עלאאלדין,M,Muslim,32
אלכסיס,F,Jewish,32
מיאל,F,Druze,32
ג'ורג'ינא,F,Christian-Arab,32
אלסי,F,Jewish,32
קטבן,F,Jewish,32
דאריה,F,Jewish,32
סילביה,F,Muslim,32
ג'וייל,F,Christian-Arab,32
ג'וליאטה,F,Jewish,32
אריז,F,Muslim,32
יסרה,F,Muslim,32
נסיף,M,Druze,32
סאדיל,F,Muslim,32
ג'ארד,M,Jewish,32
איזובלה,F,Jewish,32
מרצלה,F,Jewish,32
נופת,F,Jewish,32
טרונגו,F,Jewish,32
זולפו,F,Jewish,32
יחיאב,M,Jewish,32
כיראם,F,Muslim,32
סלמה,M,Muslim,32
קמיל,M,Jewish,32
ארמין,M,Jewish,32
דיאלה,F,Christian-Arab,32
הדה,F,Jewish,32
אינדי,F,Jewish,32
זינת,F,Muslim,32
סנונית,F,Jewish,32
סביל,F,Jewish,32
נעמאן,M,Christian-Arab,32
סוהל,M,Muslim,32
ליסה,F,Muslim,32
מיסאא,F,Christian-Arab,32
אסקיאל,M,Jewish,32
חסיב,M,Christian-Arab,32
נולה,F,Jewish,32
סקיי,F,Jewish,32
ספרטק,M,Jewish,32
ספר,F,Jewish,32
עובדה,M,Muslim,32
רסים,M,Jewish,32
קמל,M,Muslim,32
יומנא,F,Druze,32
מולוקן,F,Jewish,32
סבטלנה,F,Muslim,32
ואסף,M,Christian-Arab,32
כאותר,F,Druze,32
אנג'ל,F,Muslim,32
עיסם,M,Muslim,32
לינוי,F,Druze,32
גמס,M,Jewish,32
מסעד,M,Christian-Arab,32
לרין,F,Jewish,32
ג'ידא,F,Muslim,32
היתם,M,Muslim,32
פרג',M,Jewish,32
ווטפה,F,Muslim,32
דחא,F,Muslim,32
תקואה,F,Muslim,32
מואמנה,F,Muslim,32
אינאו,M,Jewish,32
כאידה,F,Muslim,32
בסיק,M,Jewish,32
לוריס,F,Jewish,32
רוואא,F,Muslim,32
דריל,M,Jewish,32
ברטי,M,Jewish,32
ג'והינה,F,Christian-Arab,32
סיאנה,F,Jewish,32
שינדיל,F,Jewish,32
טיראנה,F,Jewish,32
אסובלאו,M,Jewish,32
אסובאלו,M,Jewish,32
מראט,M,Jewish,32
רונה,F,Druze,32
תסנין,F,Muslim,32
תסביח,F,Muslim,32
אבי-אברהם,M,Jewish,32
יומי,M,Jewish,32
ישגב,M,Jewish,32
קופטאן,M,Druze,32
מוהנד,M,Christian-Arab,32
שיה,M,Jewish,32
שיבל,M,Druze,32
הייפאא,F,Muslim,32
צ'רלי,M,Christian-Arab,32
גולאן,M,Druze,32
רובשן,M,Jewish,32
ריין,F,Muslim,32
אנגאם,F,Christian-Arab,32
דודו,M,Muslim,32
דוד-חי,M,Jewish,32
פיהמי,M,Muslim,32
פריזה,F,Muslim,32
עדאלה,F,Muslim,32
בריאנה,F,Jewish,32
ג'ו,F,Jewish,32
שלומה,M,Jewish,32
זנבה,M,Jewish,32
גילברט,F,Jewish,32
אלבר,M,Christian-Arab,32
אברראו,M,Jewish,32
פיחאא,F,Muslim,32
מוראן,M,Christian-Arab,32
יסמינא,F,Muslim,32
מנירה,F,Muslim,32
סלימה,F,Christian-Arab,32
צהאיינש,F,Jewish,32
סליבא,M,Christian-Arab,32
אלידה,F,Jewish,32
מאיקל,M,Christian-Arab,32
חולוד,F,Druze,32
נלו,M,Jewish,31
רג'א,F,Druze,31
נטרו,F,Jewish,31
זנה,F,Muslim,31
ארצי,M,Jewish,31
קאמר,F,Muslim,31
מליכה,F,Muslim,31
סוראיה,F,Jewish,31
רג'אאי,M,Muslim,31
ארטמי,M,Jewish,31
מאסא,F,Druze,31
סרח,F,Jewish,31
ג'יזיל,F,Christian-Arab,31
ניתאי,F,Jewish,31
מדלן,F,Druze,31
גומא,F,Jewish,31
איינאדיס,F,Jewish,31
איין,M,Jewish,31
קריסטין,F,Druze,31
נעאים,F,Druze,31
זקייה,F,Muslim,31
אביגד,M,Jewish,31
ידעיה,M,Jewish,31
עבדלעזיז,M,Muslim,31
זהבי,M,Jewish,31
דיתי,F,Jewish,31
טיילו,F,Jewish,31
נירין,F,Muslim,31
גויה,F,Jewish,31
כראמה,F,Muslim,31
קזאייה,F,Muslim,31
ראיין,M,Muslim,31
פלטון,M,Jewish,31
טהאני,F,Muslim,31
אליף,M,Christian-Arab,31
לוראל,F,Jewish,31
פטרישה,F,Jewish,31
זרה,F,Jewish,31
ליגל,M,Jewish,31
ספאה,F,Muslim,31
יאנא,F,Druze,31
וטין,F,Muslim,31
קנדא,F,Muslim,31
ברק,F,Jewish,31
יאן,M,Muslim,31
יחי,M,Jewish,31
קורל,M,Jewish,31
זהייה,F,Druze,31
ג'קלין,F,Druze,31
נגוא,F,Druze,31
ג'והאר,F,Muslim,31
יונתן,M,Christian-Arab,31
שירוק,F,Muslim,31
עד,M,Jewish,31
לאיס,M,Muslim,31
דעינה,F,Muslim,31
אפסנה,F,Jewish,31
כריסטיאנו,M,Christian-Arab,31
נידא,F,Druze,31
תייא,F,Druze,31
ארן,F,Jewish,31
נריק,M,Jewish,31
ניוין,F,Christian-Arab,31
קאדם,M,Muslim,31
רודני,M,Jewish,31
ג'אנם,M,Muslim,31
יגזאו,M,Jewish,31
סבאח,F,Druze,31
אל-עד,M,Jewish,31
תושיה,F,Jewish,31
עיפת,F,Muslim,31
הריאט,F,Jewish,31
סיליא,F,Druze,31
סבין,F,Muslim,31
יאסר,M,Christian-Arab,31
ע'זל,F,Muslim,31
סיונה,F,Jewish,31
רדיאון,M,Jewish,31
רוג'ה,M,Jewish,31
אייאס,M,Muslim,31
שרוק,F,Druze,31
חיליק,M,Jewish,31
ענאת,F,Druze,31
ג'וסלין,F,Christian-Arab,31
שזא,F,Muslim,31
רוביל,M,Druze,31
מארין,F,Jewish,31
זיאן,M,Muslim,31
טאה,F,Jewish,31
קוסטה,M,Jewish,31
ליאורי,F,Jewish,31
נויאל,F,Jewish,31
דלע,F,Druze,31
עובדיה,M,Muslim,31
לוטי,F,Jewish,31
אבי,M,Muslim,31
זלטא,F,Jewish,31
סאאיד,M,Muslim,31
עבדאלחי,M,Muslim,31
הענע,F,Jewish,31
עישה,F,Jewish,31
זלאטה,F,Jewish,31
אנג'י,F,Christian-Arab,31
מואייד,M,Druze,31
איליושה,M,Jewish,31
ז'רמי,M,Jewish,31
נאני,F,Jewish,31
אנשל,M,Jewish,31
פרשטה,F,Jewish,31
ראני,F,Jewish,31
סאוסר,M,Muslim,31
דנאל,F,Jewish,31
נח,M,Muslim,31
אלפי,M,Jewish,31
בדרה,F,Muslim,31
מאגדה,F,Christian-Arab,31
ג'ולנאר,F,Muslim,31
קוני,F,Jewish,31
מוהדייה,F,Muslim,31
עאזר,M,Christian-Arab,31
ג'אדה,F,Druze,31
דנוטה,F,Jewish,31
שלומיק,M,Jewish,31
גוהינה,F,Muslim,31
שיי,F,Jewish,31
שיזף,M,Jewish,31
טאיס,F,Jewish,31
אודרה,F,Jewish,31
מיליה,F,Muslim,31
זכרייא,M,Muslim,31
ולדימר,M,Jewish,31
רנאל,F,Jewish,31
חנוכו,M,Jewish,31
תור,F,Jewish,31
הלין,F,Muslim,31
אלכסיס,M,Jewish,31
סלם,M,Jewish,31
פאסיל,M,Jewish,31
מרוואת,F,Muslim,31
לוסיל,F,Jewish,31
סנדי,M,Jewish,31
ג'נית,F,Christian-Arab,31
עיתאב,F,Muslim,31
טפלגה,F,Jewish,31
סבחי,M,Muslim,31
רועא,F,Muslim,31
נסמאת,F,Muslim,31
אסתאר,F,Jewish,31
הלן,F,Muslim,31
רוזאנה,F,Muslim,31
טלחה,M,Muslim,31
מלק,M,Jewish,31
סינטאיהו,F,Jewish,31
מארט,M,Jewish,31
אשאגרה,M,Jewish,31
קדוס,M,Jewish,31
מעיין,M,Muslim,31
אדמו,M,Jewish,31
דורה,F,Druze,31
מאורה,F,Jewish,31
והיב,M,Christian-Arab,31
לורן,F,Druze,31
איוואן,M,Christian-Arab,31
לוס,F,Jewish,31
אנא-אל,F,Jewish,31
סאאב,M,Muslim,31
מורנו,M,Jewish,31
מודר,M,Muslim,31
אשריאל,M,Jewish,31
קריסטל,F,Jewish,31
ברדיס,F,Muslim,31
מגד,M,Jewish,31
עפרית,F,Jewish,31
ישלם,F,Jewish,31
סוני,F,Jewish,31
נדר,M,Jewish,31
שלתיאל,M,Jewish,31
נואעם,F,Muslim,31
שלהב,M,Jewish,31
תרזה,F,Christian-Arab,31
תרוות,F,Muslim,31
סלבדור,M,Jewish,31
תירייז,F,Christian-Arab,31
שורנה,F,Jewish,31
קסה,F,Jewish,31
אייסם,M,Druze,31
אילגר,M,Jewish,31
ליקנש,F,Jewish,31
וויסאל,F,Muslim,31
קרייסל,F,Jewish,31
היימנות,F,Jewish,31
נוג'וד,F,Muslim,30
הייג'ר,F,Muslim,30
תמארא,F,Christian-Arab,30
נג'מה,F,Christian-Arab,30
מריאור,F,Jewish,30
קסייה,F,Jewish,30
שפע,F,Jewish,30
קורל,F,Christian-Arab,30
טספה,F,Jewish,30
תרז,F,Christian-Arab,30
תשרין,F,Muslim,30
חיה-מושקא,F,Jewish,30
בריינדיל,F,Jewish,30
חיטם,F,Muslim,30
לוטפי,M,Christian-Arab,30
רניה,F,Jewish,30
תרא,F,Druze,30
ג'אוהרה,F,Muslim,30
אמיה,F,Jewish,30
ליעוז,F,Jewish,30
אגומאס,M,Jewish,30
דני,M,Muslim,30
דאני,M,Muslim,30
אינט,F,Jewish,30
ימקר,F,Jewish,30
ז'ני,F,Jewish,30
גטאצ'ו,M,Jewish,30
עידה,F,Jewish,30
אסמאמאו,M,Jewish,30
מהרדד,M,Jewish,30
ריזאן,F,Muslim,30
אלפת,F,Muslim,30
עקיל,M,Muslim,30
נדוה,F,Muslim,30
גלוריה,F,Christian-Arab,30
ישראל-מאיר,M,Jewish,30
סאול,M,Jewish,30
אדנו,F,Jewish,30
אדנו,M,Jewish,30
ז'ואנה,F,Jewish,30
טרבור,M,Jewish,30
ז'וזיאן,F,Jewish,30
אבימלך,M,Jewish,30
מנור,F,Muslim,30
אלקסיס,F,Jewish,30
חאלדייה,F,Muslim,30
מלק,F,Muslim,30
אדאנה,M,Jewish,30
טלי,F,Muslim,30
אלונית,F,Jewish,30
עלי,F,Jewish,30
ג'וייס,F,Christian-Arab,30
תמיר,F,Jewish,30
חן-חנה,F,Jewish,30
ארית,F,Jewish,30
אלהיה,F,Jewish,30
פרננד,M,Jewish,30
ראכיל,F,Jewish,30
עקרמה,M,Muslim,30
כחל,M,Jewish,30
קברט,M,Jewish,30
אומיה,F,Druze,30
פרנץ,M,Jewish,30
מדחת,M,Druze,30
גובראן,M,Muslim,30
מוריאן,F,Jewish,30
מגאן,F,Jewish,30
רמבם,M,Jewish,30
באבי,M,Jewish,30
אורורה,F,Jewish,30
סאנדרא,F,Muslim,30
וג'ד,F,Muslim,30
מאיאן,F,Muslim,30
נאנסי,F,Druze,30
ורדה,F,Druze,30
נגוסו,M,Jewish,30
ג'סמין,F,Jewish,30
ז'אנה,F,Muslim,30
פיינה,F,Jewish,30
נאהי,M,Muslim,30
נאדרה,F,Druze,30
מיסגאנאו,M,Jewish,30
ניל,F,Druze,30
נופך,F,Jewish,30
תגוא,F,Muslim,30
דן,F,Jewish,30
ניגון,F,Jewish,30
שפה,F,Muslim,30
מסלה,M,Jewish,30
נצוך,F,Jewish,30
לאמיס,F,Muslim,30
לאיאן,F,Muslim,30
נסרה,F,Christian-Arab,30
עירן,M,Druze,30
ארוא,F,Druze,30
ארואה,F,Muslim,30
ערי,M,Jewish,30
מינתאללה,F,Muslim,30
תאליה,F,Christian-Arab,30
פארן,F,Jewish,30
עובידא,M,Muslim,30
יארה,F,Jewish,30
סיניורה,F,Jewish,30
אסובאלאו,M,Jewish,30
תמאדור,F,Muslim,30
נשוה,F,Muslim,30
טקבה,M,Jewish,30
אנגואץ,F,Jewish,30
אסניקה,F,Jewish,30
שחל,M,Jewish,30
ליאונור,F,Jewish,30
לוסיאנה,F,Christian-Arab,30
שאוקי,M,Druze,30
מנטינה,F,Jewish,30
פלוריה,F,Jewish,30
מאגידה,F,Muslim,30
נרית,F,Jewish,30
אלנור,M,Muslim,30
תאאיר,M,Muslim,30
עמאל,F,Muslim,30
פקונדו,M,Jewish,30
פטין,M,Druze,30
סופי,F,Christian-Arab,30
סאדין,F,Muslim,30
ג'והרה,F,Muslim,30
אלאיה,F,Jewish,30
אלאמיר,M,Muslim,30
קאסאנש,F,Jewish,30
טגסת,F,Jewish,30
מוזהר,M,Muslim,30
זוליאט,F,Jewish,30
לבב,M,Jewish,30
חואקין,M,Jewish,30
אליה,F,Muslim,30
אליאנור,F,Christian-Arab,30
ישאלם,F,Jewish,30
עבדאלקרים,M,Muslim,30
חמדיה,F,Muslim,30
גאליה,F,Druze,30
מטדל,F,Jewish,30
גיטלה,F,Jewish,30
פיחא,F,Druze,30
יוסרא,F,Christian-Arab,30
באנצ'יעלם,F,Jewish,30
עתר,M,Jewish,30
ינעם,M,Jewish,30
לורא,F,Christian-Arab,30
נירי,M,Jewish,30
יוחנה,F,Jewish,30
יוטבת,F,Jewish,30
נזימה,F,Muslim,30
זוזנה,F,Jewish,30
סרייה,F,Muslim,30
רפעת,M,Druze,30
פאבלו,M,Jewish,30
קאלקידאן,F,Jewish,30
פריג',M,Muslim,30
גיין,F,Jewish,30
רופט,M,Jewish,30
ג'ואהר,F,Druze,30
מצעב,M,Muslim,30
אלמצהיי,F,Jewish,30
מרנה,F,Christian-Arab,30
חסני,M,Muslim,30
טילאהון,M,Jewish,30
אזב,F,Jewish,30
אצדה,F,Jewish,30
אפראח,F,Druze,30
חרבייה,F,Muslim,30
אירין,F,Christian-Arab,30
עמיד,M,Christian-Arab,30
אלן,F,Muslim,30
ליאנה,F,Druze,30
קרואן,F,Druze,30
אדמית,F,Jewish,30
רפי,M,Druze,30
מרקל,M,Jewish,30
מירי,F,Muslim,30
מועיד,M,Muslim,30
איהאם,M,Christian-Arab,30
תריזה,F,Christian-Arab,29
פנטיה,F,Jewish,29
רהיג'ה,F,Muslim,29
תמארה,F,Druze,29
סאם,F,Jewish,29
בנימין,M,Muslim,29
יקים,M,Jewish,29
צאלחה,F,Muslim,29
מתוק,M,Jewish,29
אגניהו,M,Jewish,29
אגומס,M,Jewish,29
אסטוול,M,Jewish,29
רדייה,F,Muslim,29
מורט,M,Jewish,29
שכיב,M,Christian-Arab,29
שר-שלום,M,Jewish,29
אסף-יוסף,M,Jewish,29
רג'אד,F,Muslim,29
לואלואה,F,Muslim,29
לטיף,M,Muslim,29
לרה,F,Muslim,29
הילדא,F,Muslim,29
הילדה,F,Muslim,29
סג'דה,F,Muslim,29
אלמזה,F,Muslim,29
ג'ורין,F,Muslim,29
ספנסר,M,Jewish,29
רותאג,F,Muslim,29
וספייה,F,Muslim,29
מובדא,M,Muslim,29
דרי,F,Jewish,29
רוואן,F,Christian-Arab,29
אריאב,M,Jewish,29
זנפירה,F,Jewish,29
רוויד,M,Muslim,29
ג'הד,M,Muslim,29
מאאב,F,Muslim,29
ריתאז',F,Muslim,29
באסמה,F,Druze,29
ירוסלבה,F,Jewish,29
רייאד,M,Muslim,29
ליהוד,M,Jewish,29
ג'יית',M,Muslim,29
קורל,F,Druze,29
לילאן,F,Muslim,29
אדיר,F,Jewish,29
אנג'יל,F,Christian-Arab,29
נאפלה,F,Muslim,29
ראלב,M,Muslim,29
גיהאן,F,Druze,29
סאג'ידה,F,Muslim,29
אנג'ל,F,Druze,29
בדורה,F,Druze,29
חייקה,F,Jewish,29
צ'קולה,M,Jewish,29
צ'לסי,F,Jewish,29
עזדין,M,Muslim,29
וויזרו,F,Jewish,29
מרסיל,M,Muslim,29
מנחם-מנדל,M,Jewish,29
טלעאת,M,Muslim,29
ואפיה,F,Muslim,29
סמדי,F,Jewish,29
מטאדל,F,Jewish,29
כאולה,F,Muslim,29
פריה,F,Jewish,29
מזיד,M,Muslim,29
מיסאא,F,Druze,29
דולת,F,Muslim,29
בשארה,M,Muslim,29
וורקט,M,Jewish,29
אלטער,M,Jewish,29
תייסיר,M,Christian-Arab,29
עודדה,F,Jewish,29
סליאן,F,Muslim,29
ג'ונה,F,Christian-Arab,29
יאגות,F,Muslim,29
ליבגו,F,Jewish,29
עריב,F,Muslim,29
מוניף,M,Muslim,29
טלנש,F,Jewish,29
בסים,M,Christian-Arab,29
סביתאן,M,Muslim,29
דאבע,F,Jewish,29
תיה,F,Christian-Arab,29
איבא,F,Christian-Arab,29
אומילה,F,Muslim,29
ירקונה,F,Jewish,29
סיסאי,F,Jewish,29
זולייט,F,Jewish,29
איבתהאל,F,Muslim,29
סטאר,F,Jewish,29
מורנה,F,Jewish,29
הבטאמו,M,Jewish,29
נארדין,F,Christian-Arab,29
שי-שלום,M,Jewish,29
רועי,F,Jewish,29
רוסלן,M,Muslim,29
וג'ד,M,Druze,29
אורלב,F,Jewish,29
דסיה,M,Jewish,29
טשאגר,M,Jewish,29
בסמאללה,F,Muslim,29
ווגיה,M,Muslim,29
וודו,M,Jewish,29
דלין,F,Muslim,29
אורו,F,Jewish,29
אורחי,M,Jewish,29
שוקי,M,Druze,29
סימן-טוב,M,Jewish,29
אלהם,F,Jewish,29
גבייה,F,Jewish,29
לואחז,F,Muslim,29
דסטה,M,Jewish,29
אבראהים,M,Jewish,29
סיזאר,M,Druze,29
כליר,F,Christian-Arab,29
זידן,M,Muslim,29
מטר,M,Muslim,29
בדר,F,Druze,29
נייל,M,Jewish,29
ניירה,F,Muslim,29
טאונה,F,Jewish,29
נואר,M,Druze,29
אשואק,F,Druze,29
ארים,F,Muslim,29
אשגר,M,Jewish,29
באשי,F,Jewish,29
רומיסאא,F,Muslim,29
והאב,M,Druze,29
שייחה,F,Muslim,29
ממית,F,Jewish,29
לזלי,F,Jewish,29
אורייה,M,Jewish,29
אור-יה,M,Jewish,29
רזיאלה,F,Jewish,29
טאניה,F,Jewish,29
גליל,M,Muslim,29
מתיה,F,Jewish,29
מתיה,M,Jewish,29
ניקדם,F,Jewish,29
מאלכה,F,Muslim,29
דוניה,F,Jewish,29
גיתאי,M,Jewish,29
טרס,M,Jewish,29
גושה,M,Jewish,29
ליראן,M,Druze,29
טזרה,M,Jewish,29
פווזייה,F,Muslim,29
פארז,M,Muslim,29
דנור,M,Jewish,29
בלי,F,Jewish,29
מניה,F,Muslim,29
ריאל,F,Jewish,29
אנסף,F,Muslim,29
נג'ווא,F,Muslim,29
גטנש,F,Jewish,29
גטצ'ו,M,Jewish,29
לייט,M,Muslim,29
מושי,M,Jewish,29
לוקה,F,Jewish,29
מעיין,F,Druze,29
גמילה,F,Jewish,29
עאטף,F,Christian-Arab,29
מוראן,M,Muslim,29
נהיא,F,Muslim,29
רימאן,F,Druze,29
חאטם,M,Muslim,29
מולאו,M,Jewish,29
חני,M,Jewish,29
עאיד,M,Christian-Arab,29
מריס,F,Jewish,29
איסאי,M,Jewish,29
ארגש,F,Jewish,29
חנה,F,Muslim,29
רסמיה,F,Druze,29
ג'אהד,M,Muslim,29
אנגל,M,Jewish,29
אלקסי,M,Jewish,29
ליפז,M,Jewish,29
אגתה,F,Jewish,29
אוסוה,F,Muslim,29
נונו,F,Jewish,29
למיה,F,Druze,29
בלל,M,Muslim,29
עומרי,M,Christian-Arab,29
שמחון,M,Jewish,29
נזהא,F,Muslim,29
קני,M,Jewish,29
לגסה,M,Jewish,29
פליס,F,Jewish,29
גרום,M,Jewish,29
זוהרייה,F,Muslim,29
אדיתה,F,Jewish,29
אב,F,Jewish,29
מכבי,M,Jewish,29
יראה,M,Jewish,28
טיים,M,Muslim,28
צגאי,M,Jewish,28
מעתוק,M,Jewish,28
נואליה,F,Jewish,28
סירוס,M,Jewish,28
שומט,M,Jewish,28
חונה,M,Jewish,28
חופי,M,Jewish,28
סלבה,F,Jewish,28
אחסין,M,Muslim,28
כדיר,F,Muslim,28
אליען,F,Jewish,28
מברטה,F,Jewish,28
נהאיה,F,Christian-Arab,28
זוהי,F,Jewish,28
שורק,M,Jewish,28
גוליה,F,Christian-Arab,28
גולית,F,Christian-Arab,28
וולרי,M,Jewish,28
המסה,F,Druze,28
למיא,F,Druze,28
מולועלם,F,Jewish,28
פרנסיסקו,M,Jewish,28
טלחום,M,Jewish,28
אליטל,F,Jewish,28
ראנייה,F,Christian-Arab,28
רגב,F,Jewish,28
נעשא,F,Jewish,28
ז'קלין,F,Christian-Arab,28
זיקרה,F,Muslim,28
לארין,F,Druze,28
קמאר,F,Muslim,28
אלווין,M,Jewish,28
מריבל,F,Christian-Arab,28
קלרי,F,Jewish,28
ג'אזיה,F,Muslim,28
שאפיק,M,Muslim,28
ראגדה,F,Druze,28
פאיק,M,Christian-Arab,28
מורן,M,Christian-Arab,28
טלא,F,Muslim,28
מנסור,M,Jewish,28
אביצור,M,Jewish,28
מסטוואל,F,Jewish,28
ג'מי,F,Jewish,28
עלוה,F,Jewish,28
אינדי,M,Jewish,28
ריזי,F,Jewish,28
פוראת,M,Druze,28
איליאס,M,Muslim,28
לואנה,F,Jewish,28
רשואן,M,Muslim,28
ג'ולית,F,Christian-Arab,28
רודד,M,Jewish,28
שמעה,F,Jewish,28
גודאי,F,Jewish,28
ישועה,F,Jewish,28
לי-אל,M,Jewish,28
מוכתר,M,Muslim,28
בדווי,M,Muslim,28
מעיין,F,Muslim,28
שרוני,F,Jewish,28
יתרו,M,Jewish,28
אלוין,M,Jewish,28
מוקבל,M,Muslim,28
עאסי,M,Muslim,28
עארין,F,Muslim,28
מטין,M,Jewish,28
גנאן,F,Druze,28
רזינה,F,Jewish,28
מינת,F,Muslim,28
טירי,M,Jewish,28
טל-יה,F,Jewish,28
שנדור,M,Jewish,28
דיאא,F,Druze,28
חיסין,F,Druze,28
נהאר,M,Muslim,28
קבבוש,F,Jewish,28
נג'אח,F,Christian-Arab,28
נגאתי,M,Muslim,28
נגאח,M,Muslim,28
נסמא,F,Muslim,28
צליה,F,Jewish,28
רודיינה,F,Druze,28
בהיג',M,Muslim,28
אזדהאר,F,Druze,28
אשיר,M,Jewish,28
ג'ליל,M,Muslim,28
שפיע,M,Muslim,28
רובים,M,Jewish,28
סעד,M,Christian-Arab,28
קוסר,F,Muslim,28
ג'יסל,F,Jewish,28
לקאא,F,Muslim,28
סאדק,M,Druze,28
עדיאלה,F,Jewish,28
אופל,M,Jewish,28
אג'וד,M,Druze,28
אילנה,F,Christian-Arab,28
יארוסלבה,F,Jewish,28
אדלו,F,Jewish,28
ג'ון,M,Druze,28
מזלית,F,Jewish,28
חילוה,F,Druze,28
רייני,F,Jewish,28
נסטיה,F,Jewish,28
ויאצ'יסלב,M,Jewish,28
אקסל,F,Jewish,28
הוידא,F,Muslim,28
יזי,M,Jewish,28
זארה,F,Jewish,28
זאקלין,F,Jewish,28
אנאל,F,Muslim,28
אורלן,F,Jewish,28
אנראם,F,Muslim,28
אולפת,F,Christian-Arab,28
האני,F,Jewish,28
סטאס,M,Jewish,28
נצרה,F,Muslim,28
זאכי,M,Muslim,28
דיטה,F,Jewish,28
אלחאן,F,Christian-Arab,28
אומיה,M,Muslim,28
איאת,F,Druze,28
פלוריאן,M,Jewish,28
רינטה,F,Jewish,28
עשאל,M,Jewish,28
אסקדר,F,Jewish,28
עירון,M,Jewish,28
עירא,F,Jewish,28
אינה,F,Muslim,28
עבדאלחמיד,M,Muslim,28
אליקו,M,Jewish,28
אלישב,M,Jewish,28
מגיד,M,Druze,28
עירפאן,M,Muslim,28
ג'ורג'ט,F,Christian-Arab,28
עלמקן,M,Jewish,28
חוה,F,Muslim,28
חיירי,M,Muslim,28
אילאיי,M,Jewish,28
טיה,F,Muslim,28
אליאן,M,Druze,28
וורקיט,F,Jewish,28
קאסהון,M,Jewish,28
דרס,M,Jewish,28
פטריק,M,Christian-Arab,28
מילקו,F,Jewish,28
מדא,F,Muslim,28
אבטליון,M,Jewish,28
נאול,F,Muslim,28
רוג'ין,F,Muslim,28
בלודאן,F,Druze,28
מאגיד,M,Muslim,28
אדיל,F,Druze,28
אית,F,Muslim,28
שאיין,F,Jewish,28
נג'ייה,F,Muslim,28
צ'ינגיז,M,Jewish,28
סלוה,F,Christian-Arab,28
פרחנה,F,Muslim,28
פיאר,M,Jewish,28
דקריאת,F,Muslim,28
דוולת,F,Muslim,28
מנוח,M,Jewish,28
קאייד,M,Muslim,28
מואד,M,Muslim,28
מרשל,M,Jewish,28
עבדאלסלאם,M,Muslim,28
אדיר,M,Muslim,28
ניהל,F,Muslim,28
סיגלי,F,Jewish,28
קנוביש,F,Jewish,28
דיני,F,Jewish,28
באקזה,F,Muslim,28
ליאלי,F,Christian-Arab,28
עינד,M,Muslim,28
נג'ד,M,Muslim,28
טניה,F,Christian-Arab,28
אנסטסיה,F,Muslim,28
ניעמאת,F,Muslim,28
נעמה,F,Druze,28
אלנה,F,Muslim,28
סרז',M,Jewish,28
חקם,M,Muslim,28
אירן,M,Jewish,28
עמית,M,Druze,28
נרדה,F,Jewish,28
גראם,F,Druze,28
פסיל,M,Jewish,28
ג'יאנה,F,Christian-Arab,28
רמיז,M,Jewish,28
מיירה,F,Jewish,28
גילאי,M,Jewish,28
רביב,F,Jewish,28
רבחיה,F,Muslim,28
עבודי,M,Jewish,28
באזזאו,M,Jewish,28
לוסין,F,Christian-Arab,28
ענא,F,Muslim,28
מאתיו,M,Christian-Arab,28
צהייה,F,Jewish,28
רסיל,M,Muslim,28
אושן,M,Jewish,28
מונתהה,F,Muslim,28
ארקאדי,M,Jewish,28
חסנין,M,Muslim,28
אפשין,M,Jewish,28
מרסיו,M,Jewish,28
אמן,M,Jewish,28
הייסם,M,Muslim,28
היילה,M,Jewish,28
סג'אא,F,Muslim,28
ממדוח,M,Druze,28
ראקן,M,Muslim,28
אבה,F,Jewish,28
חיילא,F,Jewish,28
לואא,M,Muslim,27
מיתא,F,Muslim,27
מישר,M,Jewish,27
גולי,F,Muslim,27
רננית,F,Jewish,27
מדליין,F,Jewish,27
אושן,F,Jewish,27
מארסיל,M,Druze,27
אלמעתסם,M,Muslim,27
מסלו,F,Jewish,27
סרגו,M,Jewish,27
אזאר,M,Druze,27
פהיד,M,Muslim,27
דיתה,F,Jewish,27
גווין,M,Jewish,27
גוזף,M,Jewish,27
וויניטו,F,Jewish,27
צבחיה,F,Muslim,27
ברנדט,F,Jewish,27
רני,M,Christian-Arab,27
רחביה,M,Jewish,27
אנוור,F,Christian-Arab,27
בנייה,M,Jewish,27
מרני,F,Jewish,27
אפנאן,F,Druze,27
אליאנא,F,Christian-Arab,27
טירוייה,F,Jewish,27
אמיליאנו,M,Jewish,27
ריינא,F,Jewish,27
אמרצ',F,Jewish,27
סויטלנה,F,Jewish,27
בסמא,F,Muslim,27
ריכרדו,M,Jewish,27
סאידה,F,Druze,27
מאיאר,F,Muslim,27
גורשום,M,Jewish,27
זבדר,F,Jewish,27
ג'יבריל,M,Muslim,27
חשן,M,Jewish,27
נרדין,F,Druze,27
רחיבה,F,Muslim,27
מדיה,F,Jewish,27
שירה,F,Muslim,27
ראנד,F,Muslim,27
אוריי,M,Jewish,27
להט,M,Jewish,27
פולט,M,Jewish,27
סאמח,M,Christian-Arab,27
חינה,F,Jewish,27
מרסיל,M,Druze,27
גרנית,F,Jewish,27
גרניט,F,Jewish,27
יטא,F,Jewish,27
פארוק,M,Druze,27
דיאב,M,Druze,27
שמעון-שי,M,Jewish,27
לירואי,M,Jewish,27
לי-נוי,F,Jewish,27
ניקולט,F,Jewish,27
עטף,M,Muslim,27
טלייה,F,Jewish,27
רודי,M,Druze,27
סלמי,M,Muslim,27
פאכר,M,Muslim,27
מינקה,F,Jewish,27
תילאוה,F,Muslim,27
רוחי,F,Jewish,27
תאגריד,F,Muslim,27
רחמה,F,Druze,27
כמלה,F,Muslim,27
מילאנה,F,Muslim,27
ציפרה,F,Jewish,27
מליקה,F,Jewish,27
מליק,M,Muslim,27
נדר,M,Muslim,27
רונא,F,Muslim,27
סווטה,F,Jewish,27
נג'וד,F,Druze,27
רודיאנה,F,Muslim,27
איליה,M,Christian-Arab,27
לינוי,M,Jewish,27
פלורט,F,Jewish,27
מרלון,M,Jewish,27
מרסיל,M,Christian-Arab,27
סדיק,M,Muslim,27
ודיעה,F,Christian-Arab,27
מיליסא,F,Muslim,27
מישל,F,Christian-Arab,27
מישייל,M,Christian-Arab,27
טולי,F,Jewish,27
עיוש,M,Jewish,27
עיזת,M,Muslim,27
רדי,M,Jewish,27
סאנה,F,Muslim,27
מנהלוש,F,Jewish,27
פאטנה,F,Muslim,27
ללו,M,Jewish,27
ג'אקלין,F,Christian-Arab,27
דקר,F,Jewish,27
נוף,F,Druze,27
נועה,F,Muslim,27
ח'אלדה,F,Muslim,27
הוידה,F,Druze,27
הוידה,F,Christian-Arab,27
סיבאל,F,Muslim,27
שינה,F,Muslim,27
אילת,M,Jewish,27
תהלי,F,Jewish,27
מנהל,F,Muslim,27
תמר,F,Christian-Arab,27
עילאיי,M,Jewish,27
שליה,F,Jewish,27
ג'ג'או,M,Jewish,27
לאורה,F,Muslim,27
פטפטה,F,Jewish,27
פלומה,F,Jewish,27
מארים,F,Muslim,27
עסון,F,Muslim,27
ג'ימי,M,Christian-Arab,27
מטיל,F,Jewish,27
נהילה,F,Muslim,27
מרתה,F,Christian-Arab,27
שהיר,M,Muslim,27
זקיה,F,Muslim,27
סמייה,F,Druze,27
רוקן,M,Druze,27
וניאמין,M,Jewish,27
כארמן,F,Christian-Arab,27
מלאק,M,Jewish,27
ליאלי,F,Jewish,27
סאריה,F,Muslim,27
סורא,F,Muslim,27
סופית,F,Jewish,27
אטיטגב,F,Jewish,27
מארינא,F,Christian-Arab,27
דאן,M,Druze,27
אלפר,M,Jewish,27
איסי,M,Jewish,27
טאודרוס,M,Jewish,27
לוגאין,F,Muslim,27
מרקוס,M,Christian-Arab,27
איוון,M,Druze,27
אודית,F,Druze,27
דוויד,M,Jewish,27
יסמה,F,Muslim,27
לי-חן,F,Jewish,27
אביטה,M,Jewish,27
עאוני,M,Druze,27
שיי,M,Jewish,27
עאהדה,F,Muslim,27
נצבת,F,Jewish,27
קרוואן,F,Muslim,27
גינא,F,Druze,27
סאברי,M,Muslim,27
אלאא,M,Muslim,27
קאסנש,F,Jewish,27
מאסטוואל,F,Jewish,27
קארלה,F,Christian-Arab,27
חמדי,F,Muslim,27
ניבי,M,Jewish,27
טגנה,M,Jewish,27
אסתר,F,Muslim,27
סניר,M,Jewish,27
חנון,M,Jewish,27
לוין,M,Jewish,27
קינדה,F,Druze,27
ותין,F,Druze,27
לין,M,Jewish,27
אלקסנדרה,F,Jewish,27
אל-ים,M,Jewish,27
ג'סון,F,Muslim,27
עראף,M,Muslim,27
ברטין,F,Jewish,27
אשבל,F,Jewish,27
רויזי,F,Jewish,27
רויזה,F,Jewish,27
הנס,M,Jewish,27
מולטו,M,Jewish,27
נדה,F,Jewish,27
דג'יטנו,F,Jewish,27
אבקר,M,Muslim,27
הנדי,F,Jewish,27
אלקס,M,Christian-Arab,27
נתאלי,F,Jewish,27
טרז,F,Christian-Arab,27
ימנא,F,Muslim,27
זך,M,Jewish,27
זינאת,F,Druze,27
שבולת,F,Jewish,27
ג'וליאן,F,Jewish,27
נדי,M,Christian-Arab,27
אסתר,F,Christian-Arab,27
סואעד,F,Muslim,27
ראגב,M,Christian-Arab,27
איגנט,M,Jewish,27
באביקר,M,Muslim,27
בן-בנימין,M,Jewish,27
מייסם,F,Christian-Arab,27
ווסן,F,Muslim,27
ממוש,M,Jewish,27
חזנה,F,Druze,27
רבקה,F,Christian-Arab,27
בהירה,F,Muslim,27
קפאייה,F,Muslim,27
ארסניי,M,Jewish,27
קסי,M,Muslim,27
חזקי,M,Jewish,27
אזיטה,F,Jewish,26
לידיא,F,Druze,26
אשג'אן,F,Muslim,26
מונתסאר,M,Muslim,26
בייש,F,Jewish,26
לורא,F,Druze,26
מראוה,F,Muslim,26
איננו,F,Jewish,26
ג'ול,M,Muslim,26
נדזדה,F,Jewish,26
אידן,F,Jewish,26
צ'רנט,M,Jewish,26
גוסטב,M,Jewish,26
סלויה,F,Jewish,26
בשאאר,F,Muslim,26
עודה,F,Muslim,26
גונתן,M,Jewish,26
רחבעם,M,Jewish,26
פעסיא,F,Jewish,26
לייני,F,Jewish,26
אתר,F,Jewish,26
אדור,M,Jewish,26
הללי,M,Jewish,26
שיא,M,Jewish,26
אתמר,M,Jewish,26
עמק,M,Jewish,26
לולו,M,Jewish,26
שלם,F,Jewish,26
ראייה,F,Muslim,26
טירוורק,F,Jewish,26
מייק,M,Christian-Arab,26
אמניה,F,Muslim,26
בלנש,F,Jewish,26
דייאנה,F,Jewish,26
דיאר,F,Druze,26
עאלייה,F,Muslim,26
ריסאן,F,Muslim,26
פיילא,F,Jewish,26
אנטוניה,F,Jewish,26
רוזאנא,F,Muslim,26
בלאיי,M,Jewish,26
אלקסיי,M,Jewish,26
אייצ'או,M,Jewish,26
שרוני,M,Jewish,26
עזיאל,M,Jewish,26
ארנלדו,M,Jewish,26
מימון,M,Druze,26
אמרץ,F,Jewish,26
מיגל,F,Jewish,26
טירן,M,Druze,26
פשה,F,Jewish,26
וידאל,M,Jewish,26
מדונה,F,Christian-Arab,26
זוזו,M,Jewish,26
שרלן,F,Jewish,26
הנריקה,M,Jewish,26
נג'אח,M,Muslim,26
סבחיה,F,Muslim,26
פרוין,F,Jewish,26
מיקל,M,Christian-Arab,26
פרומית,F,Jewish,26
אייאן,M,Muslim,26
קובה,M,Jewish,26
אווה,F,Druze,26
אלמנאו,M,Jewish,26
זובידה,F,Muslim,26
חקמה,F,Muslim,26
רוח,F,Muslim,26
נסיאל,M,Jewish,26
גסון,F,Druze,26
מילה,F,Druze,26
ז'אנין,F,Jewish,26
כוסאי,M,Muslim,26
נימה,F,Jewish,26
אורון,F,Jewish,26
מרסל,F,Druze,26
מויז,M,Jewish,26
אדים,M,Druze,26
אייה,F,Jewish,26
מוזה,F,Muslim,26
מוז'גן,F,Jewish,26
בליינך,M,Jewish,26
פארוק,M,Christian-Arab,26
דיאב,M,Christian-Arab,26
סנפורד,M,Jewish,26
אביינש,F,Jewish,26
ראיאן,F,Muslim,26
פרדי,F,Jewish,26
לאה,F,Muslim,26
לאב,F,Jewish,26
נאהי,F,Muslim,26
דורל,M,Jewish,26
ראמיה,F,Druze,26
בשרה,F,Muslim,26
שימאא,F,Druze,26
גואהר,F,Druze,26
אלזהראא,F,Muslim,26
ניקולה,M,Christian-Arab,26
מנצורה,F,Muslim,26
אנתיסר,F,Muslim,26
יואל,M,Christian-Arab,26
פולינה,F,Christian-Arab,26
דורין,M,Jewish,26
מתיל,F,Christian-Arab,26
כותייבה,M,Muslim,26
גיני,F,Jewish,26
אלכנדרו,M,Jewish,26
סנאה,F,Muslim,26
אנגידאו,M,Jewish,26
רקיע,M,Jewish,26
מגוס,M,Jewish,26
נילופר,F,Jewish,26
קטיה,F,Muslim,26
רוזין,F,Druze,26
אקים,M,Jewish,26
מויסי,M,Jewish,26
אדיבה,F,Druze,26
תיירי,M,Jewish,26
נוורס,F,Muslim,26
ביאטריז,F,Jewish,26
ג'אכלין,F,Christian-Arab,26
באטה,F,Jewish,26
קלאודיה,F,Christian-Arab,26
זמרה,F,Jewish,26
גאדא,F,Muslim,26
ג'ודת,M,Muslim,26
ג'ודי,M,Muslim,26
מרגרית,F,Jewish,26
אנגוד,F,Muslim,26
אנגדאו,M,Jewish,26
ריניה,F,Christian-Arab,26
רולאן,M,Druze,26
גימי,M,Jewish,26
ג'ודה,M,Jewish,26
גדי,M,Muslim,26
רוסיל,F,Druze,26
רוסיטה,F,Jewish,26
איליה,F,Jewish,26
בריטני,F,Jewish,26
עדין,F,Jewish,26
גבל,M,Muslim,26
שרון,F,Muslim,26
מתוקו,M,Jewish,26
איידין,M,Jewish,26
נאדז'דה,F,Jewish,26
נגאת,F,Druze,26
לי אל,M,Jewish,26
כרמן,F,Muslim,26
זיין,F,Jewish,26
נאדם,M,Muslim,26
מילוא,M,Jewish,26
שאנון,F,Jewish,26
רג'ואן,M,Muslim,26
ג'מאל,F,Muslim,26
ראווי,M,Druze,26
ג'רמן,F,Jewish,26
גאודאת,M,Muslim,26
נחלה,M,Christian-Arab,26
תינא,F,Christian-Arab,26
טלעת,M,Druze,26
חירא,F,Muslim,26
סאנדרא,F,Christian-Arab,26
ריה,F,Muslim,26
בוסיה,F,Jewish,26
שדואן,F,Muslim,26
זני,F,Jewish,26
ניל,F,Christian-Arab,26
ג'ולן,F,Muslim,26
ניג'ם,M,Muslim,26
רודי,M,Christian-Arab,26
כאמלה,F,Christian-Arab,26
ואסל,M,Muslim,26
שמוע,F,Muslim,26
גנט,M,Jewish,26
הומה,F,Jewish,26
ענהאל,M,Jewish,26
יזינה,F,Jewish,26
נוראדין,M,Muslim,26
אחינועם,M,Jewish,26
מוניה,M,Jewish,26
עינאב,F,Druze,26
רדא,M,Christian-Arab,26
פרידון,M,Jewish,26
לובאבה,F,Muslim,26
טהר,M,Muslim,26
מסדה,F,Jewish,26
לינדסי,F,Jewish,26
ג'ואן,M,Jewish,26
איווטה,F,Jewish,26
תאיים,M,Muslim,26
מנווה,F,Muslim,26
כאוכב,F,Druze,26
לאורן,F,Jewish,26
לאורי,F,Jewish,26
קאלי,F,Jewish,26
מטיקו,M,Jewish,26
לוראן,M,Jewish,26
ראכל,F,Jewish,26
איזיס,F,Christian-Arab,26
לי-רון,F,Jewish,26
זאינב,F,Muslim,26
רוקאיה,F,Muslim,26
יסאק,M,Jewish,26
דרק,M,Jewish,26
רימי,F,Druze,26
מועייד,M,Muslim,26
ימיקיר,F,Jewish,26
זאהדה,F,Muslim,26
איסמאיל,F,Muslim,26
איוי,F,Jewish,26
כריס,M,Jewish,26
שפיעה,F,Muslim,26
פלה,F,Jewish,26
מארין,F,Muslim,26
ענן,M,Jewish,26
קוסטנדי,M,Christian-Arab,26
רומאו,M,Jewish,26
אביאם,M,Jewish,26
ג'דיר,F,Druze,26
קלוד,M,Christian-Arab,26
סלאפה,F,Muslim,26
אבזו,F,Jewish,26
רונית,F,Christian-Arab,26
מעלי,F,Muslim,26
אפראח,F,Muslim,26
קורטני,F,Jewish,26
סקאי,M,Jewish,26
יודן,M,Jewish,26
צברין,F,Muslim,26
הייזל,F,Jewish,26
אאסר,M,Muslim,26
סירחאן,M,Muslim,26
חורש,M,Jewish,26
פליפ,M,Jewish,25
נאיליה,F,Jewish,25
שון,M,Christian-Arab,25
בות'ינה,F,Muslim,25
איח'לאס,F,Druze,25
וועד,M,Muslim,25
מייקי,F,Jewish,25
אמר,M,Muslim,25
מריסול,F,Christian-Arab,25
מולוקאן,M,Jewish,25
סהרה,F,Druze,25
טריאל,M,Jewish,25
בנצ'י,F,Jewish,25
דין,F,Muslim,25
ווילי,M,Jewish,25
צ'קליט,F,Jewish,25
סיראג',F,Druze,25
לבנון,M,Jewish,25
לביה,F,Jewish,25
וטפה,F,Druze,25
עמרית,F,Jewish,25
קיי,F,Jewish,25
נפס,F,Muslim,25
אלכסנדרה,F,Muslim,25
מלינה,F,Christian-Arab,25
ניסן,F,Muslim,25
סופיא,F,Christian-Arab,25
צפריר,F,Jewish,25
אמארץ',F,Jewish,25
תאים,M,Druze,25
דוני,M,Jewish,25
מענית,F,Jewish,25
עינאיה,F,Christian-Arab,25
קאוקב,F,Muslim,25
אביהוד,M,Jewish,25
סבא,F,Druze,25
דרין,M,Jewish,25
רג'אי,M,Muslim,25
קידן,M,Jewish,25
מוהאנד,M,Muslim,25
ג'וניד,M,Druze,25
ענוג,M,Jewish,25
זבאדר,F,Jewish,25
מלחם,M,Muslim,25
פפי,F,Jewish,25
יכין,F,Muslim,25
ראג'י,M,Druze,25
טלמור,M,Jewish,25
אחיעזר,M,Jewish,25
טמרו,M,Jewish,25
דאן,M,Muslim,25
בדואן,M,Muslim,25
ברהנה,F,Jewish,25
אסף,M,Druze,25
איוון,M,Christian-Arab,25
דתיה,F,Jewish,25
גילבר,M,Jewish,25
מותיים,M,Muslim,25
ואחיד,M,Muslim,25
מניסא,F,Muslim,25
שדי,M,Muslim,25
מריהאן,F,Muslim,25
חלפון,M,Jewish,25
זנב,F,Jewish,25
פריסיליה,F,Jewish,25
נסמה,F,Druze,25
אילינה,F,Muslim,25
זריפה,F,Druze,25
נוואר,F,Muslim,25
אליניב,M,Jewish,25
ואנסה,F,Jewish,25
גנדיי,M,Jewish,25
אימתיאז,F,Muslim,25
ריבאל,M,Muslim,25
קרמן,F,Jewish,25
גאדי,M,Muslim,25
ח'ירי,M,Muslim,25
נסימה,F,Muslim,25
עיטאף,F,Druze,25
עיטאף,F,Christian-Arab,25
סינא,F,Druze,25
יהודה,M,Druze,25
סאנדי,F,Druze,25
צפירה,F,Jewish,25
גאקלין,F,Christian-Arab,25
קרסטין,F,Christian-Arab,25
ניסן,F,Druze,25
כדיג'ה,F,Muslim,25
איבתיסם,F,Muslim,25
איבלין,F,Jewish,25
איסמהאן,F,Muslim,25
יאני,M,Jewish,25
סעריל,F,Jewish,25
כריים,M,Muslim,25
כריסטין,F,Jewish,25
שחאדה,M,Druze,25
אטלאל,F,Muslim,25
ילזבטה,F,Jewish,25
מרדכי-מוטי,M,Jewish,25
נגאת,F,Christian-Arab,25
נסיף,M,Muslim,25
ריוואן,F,Muslim,25
זיידאן,M,Christian-Arab,25
ג'יסלן,F,Jewish,25
אנלי,F,Jewish,25
אניתה,F,Jewish,25
נע'ם,F,Muslim,25
בחמל,F,Jewish,25
עבדלכרים,M,Muslim,25
רגא,M,Christian-Arab,25
אליף,F,Muslim,25
תחייה,F,Muslim,25
רווחי,M,Muslim,25
ניאל,M,Jewish,25
עתירה,F,Jewish,25
נג'וה,F,Druze,25
פאיד,M,Druze,25
ח'מיס,M,Christian-Arab,25
פרנסוא,M,Jewish,25
איידיל,F,Jewish,25
בסי,F,Jewish,25
שירן,F,Druze,25
ניזאם,M,Muslim,25
קוקה,F,Jewish,25
מילאן,M,Muslim,25
באטריז,F,Jewish,25
טונה,F,Jewish,25
עבדיה,M,Jewish,25
לינוי,F,Christian-Arab,25
רולנדה,F,Jewish,25
אלאמין,M,Muslim,25
ריבי,M,Jewish,25
סחאב,F,Muslim,25
קאסאיה,F,Jewish,25
ניסי,F,Jewish,25
יניק,M,Jewish,25
רעאד,M,Muslim,25
רנדא,F,Druze,25
ג'אוהרה,F,Druze,25
ג'אבר,M,Christian-Arab,25
בנאן,M,Muslim,25
אלואיז,F,Jewish,25
צינא,F,Jewish,25
נאביל,M,Muslim,25
סגית,F,Jewish,25
רולאן,F,Muslim,25
אסקדאר,F,Jewish,25
ערד,F,Jewish,25
האנא,F,Muslim,25
סאאר,M,Muslim,25
אנגי,F,Muslim,25
ליבו,F,Jewish,25
מוהיבה,F,Druze,25
פרג,M,Druze,25
טרפו,F,Jewish,25
מוהדי,M,Druze,25
בסטי,F,Jewish,25
רינת,F,Druze,25
טזזו,M,Jewish,25
אחיאל,M,Jewish,25
גודדאו,M,Jewish,25
רואיד,M,Muslim,25
ווגה,F,Jewish,25
רונזה,F,Druze,25
שמאיל,M,Jewish,25
לטיציה,F,Jewish,25
אדריאנה,F,Christian-Arab,25
מאיי,F,Jewish,25
אורור,F,Jewish,25
ארגו,F,Jewish,25
אלקסיס,M,Jewish,25
יארין,F,Druze,25
אדלי,F,Jewish,25
תולאן,F,Muslim,25
הילי,M,Jewish,25
שאולה,F,Jewish,25
יחזקיהו,M,Jewish,25
מקסים,M,Christian-Arab,25
רוזן,M,Jewish,25
קמי,M,Jewish,25
ג'אד,F,Jewish,25
זיזל,F,Jewish,25
ראטב,M,Muslim,25
חנון,F,Muslim,25
נואר,F,Druze,25
בהיג'ה,F,Muslim,25
שאדא,F,Muslim,25
שיהאב,M,Druze,25
פרשד,M,Jewish,25
ביטה,F,Jewish,25
לוריה,F,Jewish,25
לוריאן,F,Muslim,25
מאל,M,Jewish,25
תגיל,F,Jewish,25
קמילה,F,Muslim,25
פייגיל,F,Jewish,25
מורן,M,Muslim,25
כינר,M,Jewish,25
ותיין,F,Muslim,25
שורוק,F,Christian-Arab,25
רסל,M,Jewish,25
דז'ולייטה,F,Jewish,25
יובלי,F,Jewish,25
סאמד,M,Muslim,25
דמוזה,M,Jewish,25
נאניי,F,Jewish,25
נאנא,F,Muslim,25
גודית,F,Jewish,25
בישארה,M,Christian-Arab,25
אנדראה,M,Jewish,25
שאהרה,F,Muslim,25
קאתרין,F,Muslim,25
כטאב,M,Muslim,25
אדולף,M,Jewish,25
שיפי,F,Jewish,25
הבטמנש,F,Jewish,25
אניט,F,Jewish,25
רוזה,F,Druze,25
עקילה,F,Muslim,25
פיפין,F,Jewish,25
אבניל,M,Jewish,25
אשרא,F,Muslim,25
טרוורק,F,Jewish,25
משה-חי,M,Jewish,25
ווידאד,F,Muslim,25
עזלאן,F,Muslim,25
צוקית,F,Jewish,25
סלימה,F,Jewish,25
חאקמה,F,Muslim,25
תניה,F,Muslim,25
לוריאן,F,Christian-Arab,25
עובאידה,M,Muslim,25
אברה,F,Jewish,25
קובי-יעקב,M,Jewish,25
אוטר,M,Jewish,25
פרהוד,M,Muslim,25
זיקרא,F,Muslim,25
סנה,M,Jewish,25
אינשיראח,F,Muslim,25
סבייח,M,Muslim,25
יאמן,M,Christian-Arab,25
נולן,M,Jewish,25
אפינה,F,Jewish,25
ברקט,M,Jewish,25
אמנואל,F,Jewish,25
סאירה,F,Muslim,25
ז'יל,M,Jewish,25
מיא,F,Muslim,25
באג'ס,M,Muslim,25
רחל,F,Druze,25
קריסטיאן,M,Jewish,25
עורובה,F,Muslim,25
לידיה,F,Druze,25
מישר,F,Jewish,25
מינור,F,Jewish,25
סולין,F,Muslim,25
טינה,F,Muslim,25
אסייל,F,Muslim,25
נתלה,F,Jewish,25
עפרה,F,Muslim,25
סילה,F,Druze,25
סילביאן,M,Jewish,25
סנייט,F,Jewish,25
מריפה,F,Muslim,25
שהירה,F,Druze,25
זקלין,F,Christian-Arab,25
ליזה,F,Muslim,25
טובה,F,Muslim,25
טמזי,M,Jewish,25
חולייטה,F,Jewish,25
מישה,F,Jewish,25
מוסא,M,Jewish,25
נוראס,F,Muslim,25
משלין,F,Christian-Arab,25
געלא,F,Jewish,25
נביהא,F,Druze,25
אדי,M,Christian-Arab,25
נריו,M,Jewish,25
פדיה,M,Jewish,25
דימונה,F,Jewish,25
מתא,M,Christian-Arab,24
תנסים,F,Muslim,24
פרסיליה,F,Jewish,24
יפא,F,Muslim,24
ז'יזל,F,Jewish,24
נסיב,M,Muslim,24
שליקו,M,Jewish,24
יענטי,F,Jewish,24
מטקו,M,Jewish,24
אלפו,F,Jewish,24
מארם,F,Muslim,24
מאריתא,F,Christian-Arab,24
אלקסה,F,Jewish,24
מגידה,F,Muslim,24
חיילה,F,Jewish,24
סלאמי,M,Muslim,24
מהה,F,Christian-Arab,24
תיג'אן,F,Muslim,24
גוליאנא,F,Muslim,24
שלהב,F,Jewish,24
נסמה,F,Christian-Arab,24
פרייה,F,Jewish,24
גיזל,F,Muslim,24
טמור,M,Jewish,24
רינתי,F,Jewish,24
נאהי,M,Christian-Arab,24
סיסיליה,F,Jewish,24
חיכמאת,F,Muslim,24
תמרה,F,Christian-Arab,24
נאגם,F,Muslim,24
סלה,M,Jewish,24
עאזי,M,Muslim,24
מזלטו,F,Jewish,24
גולדה,F,Muslim,24
מחאסן,M,Druze,24
ישרון,M,Jewish,24
עאהד,F,Muslim,24
ניקה,M,Jewish,24
ריחאב,F,Christian-Arab,24
מאייר,F,Muslim,24
הנידה,F,Muslim,24
וורקיטו,F,Jewish,24
סולמה,F,Jewish,24
עוביד,M,Muslim,24
מנו,M,Jewish,24
מילנה,F,Muslim,24
ישמעאל,M,Jewish,24
ניר,M,Muslim,24
ניקיטה,F,Jewish,24
אורקיד,F,Muslim,24
מיאור,M,Jewish,24
אורל,M,Jewish,24
ז'אקלין,F,Jewish,24
גליה,F,Muslim,24
אנאטנש,F,Jewish,24
רקיע,F,Jewish,24
חימנה,F,Jewish,24
אמייה,F,Jewish,24
שמרון,M,Jewish,24
גאיל,F,Jewish,24
ניסמא,F,Muslim,24
גביהו,M,Jewish,24
צלינה,F,Jewish,24
מקסים,M,Muslim,24
כינר,F,Jewish,24
קארמן,F,Christian-Arab,24
איאן,M,Christian-Arab,24
איאנה,F,Druze,24
נצאר,M,Muslim,24
נצח,F,Jewish,24
מידאן,M,Muslim,24
אבינתן,M,Jewish,24
מאג'ד,F,Muslim,24
הנדא,F,Muslim,24
סהם,M,Muslim,24
אהובי,F,Jewish,24
מנגסטו,M,Jewish,24
עלאי,M,Muslim,24
זהירה,F,Druze,24
זהדי,M,Muslim,24
סרור,M,Muslim,24
ג'יקוב,M,Jewish,24
געש,M,Jewish,24
נקולא,M,Christian-Arab,24
תוריה,F,Muslim,24
נרג'ס,F,Christian-Arab,24
ייטל,F,Jewish,24
נבראס,F,Muslim,24
רזן,F,Muslim,24
ח'יראללה,M,Muslim,24
אניו,M,Jewish,24
אנגל,F,Jewish,24
רטיל,F,Muslim,24
רשיד,M,Jewish,24
רשי,M,Jewish,24
אוריאן,F,Muslim,24
מסקרם,F,Jewish,24
שימי,F,Jewish,24
חקובו,M,Jewish,24
מירום,M,Jewish,24
קטרינה,F,Muslim,24
קיואן,M,Druze,24
קידר,M,Jewish,24
טרנס,M,Jewish,24
מנוור,M,Muslim,24
למיעה,F,Muslim,24
סלמוויט,F,Jewish,24
נביהה,F,Christian-Arab,24
כריסטין,F,Muslim,24
אידור,M,Jewish,24
שילת,M,Jewish,24
אורדן,M,Jewish,24
מיוריאל,F,Jewish,24
מיטיקו,M,Jewish,24
עבדלרחמאן,M,Muslim,24
דאוויט,M,Jewish,24
נרמאן,F,Muslim,24
הייתאם,M,Muslim,24
אוהילה,F,Muslim,24
מוחמד,F,Muslim,24
סמי,F,Jewish,24
רונן,M,Christian-Arab,24
סגדו,F,Jewish,24
הינד,F,Druze,24
הימת,F,Muslim,24
דאניאל,M,Druze,24
נטשה,F,Muslim,24
זוודיטו,F,Jewish,24
שיבולת,F,Jewish,24
איזבל,F,Christian-Arab,24
ג'וליאנא,F,Muslim,24
שפע,M,Jewish,24
שפרירה,F,Jewish,24
דבש,M,Jewish,24
יוריי,M,Jewish,24
סוראיה,F,Muslim,24
דואבה,F,Muslim,24
נגא,M,Jewish,24
מריתה,F,Christian-Arab,24
שאנטל,F,Jewish,24
אסקנאו,M,Jewish,24
נגד,F,Muslim,24
שתיווי,M,Muslim,24
מנטמר,F,Jewish,24
מנאלו,F,Jewish,24
סומעה,F,Muslim,24
דגה,F,Jewish,24
יוסרי,M,Druze,24
קלמנס,F,Jewish,24
קלודי,F,Jewish,24
הזאע,M,Muslim,24
תמאם,F,Druze,24
אבנט,F,Jewish,24
נגי,M,Jewish,24
אינשרח,F,Muslim,24
רוזית,F,Druze,24
מויס,M,Jewish,24
מוראד,M,Jewish,24
מוקרם,F,Muslim,24
לואא,M,Druze,24
סיון,F,Muslim,24
סעדא,F,Muslim,24
סעד,M,Jewish,24
ברני,M,Jewish,24
לבון,M,Jewish,24
יוסף-יצחק,M,Jewish,24
מסיה,F,Jewish,24
מסטואל,F,Jewish,24
אופרה,F,Jewish,24
פח'רי,M,Druze,24
יונתי,F,Jewish,24
דורוטה,F,Jewish,24
ליילא,F,Muslim,24
מיכה,F,Jewish,24
יבדוקיה,F,Jewish,24
הגאר,F,Muslim,24
יבלטאל,M,Jewish,24
אוייס,M,Muslim,24
סבינה,F,Muslim,24
אריאדנה,F,Jewish,24
רוואן,F,Druze,24
אריף,M,Jewish,24
זלמה,F,Jewish,24
תלם,F,Jewish,24
שבל,M,Muslim,24
ליובה,M,Jewish,24
אקלה,M,Jewish,24
נוראל,F,Muslim,24
זומרוד,F,Jewish,24
זורזט,F,Jewish,24
בראיין,M,Jewish,24
קרינה,F,Muslim,24
ברטו,M,Jewish,24
קרי,M,Jewish,24
זיזי,F,Jewish,24
שדאא,F,Muslim,24
סאנדרה,F,Christian-Arab,24
סאשא,F,Jewish,24
פאד,M,Muslim,24
סבה,F,Jewish,24
האורד,M,Jewish,24
נופל,M,Druze,24
אייסל,F,Jewish,24
איינש,F,Jewish,24
פווזיה,F,Muslim,24
יונון,M,Jewish,24
פואז,M,Christian-Arab,24
אדינו,M,Jewish,24
פהמייה,F,Muslim,24
ראין,M,Muslim,24
בירנית,F,Jewish,24
בכריה,F,Muslim,24
בלטץ',F,Jewish,24
ראונק,F,Druze,24
דייוויד,M,Jewish,24
נהייה,F,Muslim,24
נהידה,F,Muslim,24
ליאם,F,Muslim,24
רהאן,F,Muslim,24
רגד,M,Muslim,24
באר,M,Jewish,24
אשד,F,Jewish,24
חמוס,M,Jewish,24
פדוא,F,Druze,24
פביין,F,Jewish,24
דינורה,F,Jewish,24
פבלינה,F,Jewish,24
פארי,M,Jewish,24
דלה,F,Muslim,24
שומי,M,Jewish,24
ראכאן,M,Muslim,24
אילני,F,Jewish,24
מונל,M,Jewish,24
בורוך,M,Jewish,24
דלה,F,Druze,24
אוסבלדו,M,Jewish,24
אוסאף,F,Druze,24
פאי,F,Jewish,24
דסאליין,M,Jewish,24
רנים,F,Christian-Arab,24
חוף,F,Jewish,24
אלימאמה,F,Muslim,24
אלינועם,F,Jewish,24
אליטה,F,Jewish,24
עטאללה,M,Druze,24
אואיס,M,Muslim,24
חטיב,M,Muslim,24
וועד,F,Druze,24
טיימור,M,Jewish,24
וואגה,F,Jewish,24
וובט,F,Jewish,24
טלה,F,Jewish,24
טל-אור,M,Jewish,24
תראא,F,Druze,23
עזריאלה,F,Jewish,23
עטא,M,Druze,23
והבי,M,Druze,23
עידוא,M,Jewish,23
אלנה,F,Christian-Arab,23
נאבא,F,Muslim,23
רמאח,F,Druze,23
ריסא,F,Jewish,23
מדיסון,F,Jewish,23
סלאמה,M,Christian-Arab,23
חורכה,M,Jewish,23
של,F,Jewish,23
טאקילה,F,Jewish,23
שלגית,F,Jewish,23
גוסון,F,Druze,23
פתח,M,Muslim,23
נסראת,M,Christian-Arab,23
ורוורה,F,Jewish,23
תותי,F,Jewish,23
גיימס,M,Jewish,23
יסמאו,M,Jewish,23
ואסם,M,Muslim,23
נאהי,F,Christian-Arab,23
זיסא,F,Jewish,23
נואי,F,Jewish,23
נוא,F,Muslim,23
בהה,M,Muslim,23
נהאייה,F,Muslim,23
לידיא,F,Muslim,23
אופז,M,Jewish,23
מסגאנאו,M,Jewish,23
סאלמא,F,Muslim,23
פארן,M,Jewish,23
ראשד,M,Druze,23
בהזד,M,Jewish,23
זימרה,F,Jewish,23
לי-אן,F,Jewish,23
בוניטה,F,Jewish,23
לי,F,Muslim,23
מועתסאם,M,Muslim,23
פוול,M,Jewish,23
יולן,F,Jewish,23
דיאמנטה,F,Jewish,23
עדבה,F,Muslim,23
תומא,M,Jewish,23
תומא,M,Christian-Arab,23
מיילין,F,Jewish,23
שר-אל,M,Jewish,23
סנסביל,F,Muslim,23
איכלאס,F,Muslim,23
בלה,F,Muslim,23
יוליו,M,Jewish,23
אוצר,M,Jewish,23
זכייה,F,Druze,23
זיסה,F,Jewish,23
איילת-חן,F,Jewish,23
איירי,F,Jewish,23
זלעלם,M,Jewish,23
רואידה,F,Druze,23
ליאת-לאה,F,Jewish,23
נהוונד,F,Muslim,23
רהב,F,Muslim,23
באבו,M,Jewish,23
יהודיתה,F,Jewish,23
סבאח,F,Christian-Arab,23
יגרדו,F,Jewish,23
שרלוטה,F,Jewish,23
זיוון,F,Jewish,23
סיידי,F,Jewish,23
בניק,M,Jewish,23
בסאן,F,Muslim,23
הדבה,F,Muslim,23
שתילה,F,Muslim,23
אריאלי,M,Jewish,23
חמזא,M,Muslim,23
תלמי,M,Jewish,23
נהאד,F,Christian-Arab,23
ארשיד,M,Muslim,23
ליו,M,Jewish,23
רוזיקה,F,Jewish,23
נגסו,F,Jewish,23
נוראל,M,Jewish,23
בסיל,M,Christian-Arab,23
ברגיט,F,Jewish,23
קרינדל,F,Jewish,23
לודוביק,M,Jewish,23
נורין,F,Jewish,23
לו,M,Jewish,23
ברלנתי,F,Muslim,23
סיהראב,F,Muslim,23
נזים,M,Muslim,23
ברקה,F,Muslim,23
סאדם,M,Muslim,23
דועאה,F,Muslim,23
פול,F,Jewish,23
פזי,M,Jewish,23
חמדאן,M,Druze,23
זעל,M,Muslim,23
ארגויה,F,Jewish,23
אינייש,F,Jewish,23
ליטן,M,Jewish,23
מנלו,F,Jewish,23
יבין,M,Jewish,23
אסתר-אתי,F,Jewish,23
חלפו,M,Jewish,23
תמז,M,Jewish,23
רוחי,M,Druze,23
אפאק,F,Muslim,23
ליליא,F,Druze,23
מריסול,F,Jewish,23
אינעם,F,Muslim,23
קמביז,M,Jewish,23
חסדאי,M,Jewish,23
חסיבה,F,Druze,23
סף,M,Muslim,23
בתינה,F,Muslim,23
לבאד,M,Muslim,23
קמיליה,F,Christian-Arab,23
להיה,F,Jewish,23
אסרסה,F,Jewish,23
אסרסאץ',F,Jewish,23
הושנג,M,Jewish,23
פייזה,F,Muslim,23
פיודר,M,Jewish,23
סאבח,F,Muslim,23
נחליאל,M,Jewish,23
חסנא,F,Druze,23
ג'אקלין,F,Muslim,23
קלים,M,Jewish,23
ג'אקי,M,Jewish,23
קלארה,F,Christian-Arab,23
נזיר,M,Druze,23
ברקן,M,Jewish,23
קמרון,M,Jewish,23
אסצ'אלאו,M,Jewish,23
טיאנה,F,Jewish,23
טטיינה,F,Jewish,23
מילאן,M,Christian-Arab,23
הילדא,F,Christian-Arab,23
רוסיו,F,Jewish,23
זרטיהון,F,Jewish,23
אנתיסאר,F,Druze,23
מנורה,F,Jewish,23
ג'ובראיל,M,Christian-Arab,23
ג'ודי,M,Christian-Arab,23
טוביה,F,Jewish,23
סורא,F,Druze,23
אסממו,M,Jewish,23
אסמר,M,Druze,23
איסמעאיל,M,Muslim,23
רויידה,F,Muslim,23
טרסי,F,Jewish,23
אודה-יה,F,Jewish,23
טריקו,M,Jewish,23
רושדייה,F,Muslim,23
אניעם,F,Jewish,23
נג'ד,M,Druze,23
אירם,F,Muslim,23
אנצאף,F,Muslim,23
נג'ואן,M,Druze,23
אידי,F,Jewish,23
אורוד,F,Muslim,23
גתי,M,Jewish,23
גררדו,M,Jewish,23
יטאיש,F,Jewish,23
נרם,F,Muslim,23
דאנה,F,Christian-Arab,23
סלע,F,Jewish,23
סימנדו,M,Jewish,23
סינדוס,F,Muslim,23
לנס,M,Jewish,23
אני,F,Christian-Arab,23
אנדירה,F,Muslim,23
ייטאייש,F,Jewish,23
כפייה,F,Muslim,23
שימחה,M,Jewish,23
מרגו,F,Christian-Arab,23
קורלי,F,Jewish,23
ג'יידן,M,Jewish,23
מורה,F,Muslim,23
ג'ון,F,Christian-Arab,23
יאגו,M,Jewish,23
עדרא,F,Muslim,23
רחים,M,Jewish,23
אישטו,M,Jewish,23
רחיג,F,Muslim,23
הנדא,F,Jewish,23
סהרה,F,Jewish,23
ויאולה,F,Jewish,23
טקילה,F,Jewish,23
ג'ילה,F,Jewish,23
כמילה,F,Jewish,23
זהאר,M,Muslim,23
איבנה,F,Jewish,23
קונוז,F,Muslim,23
פעסא,F,Jewish,23
גרגוריו,M,Jewish,23
לקאו,M,Jewish,23
רחא,F,Muslim,23
כאות'ר,F,Muslim,23
מקסי,M,Jewish,23
קאתי,F,Jewish,23
סיבה,F,Muslim,23
גאדאללה,M,Muslim,23
קארול,F,Jewish,23
כאתרין,F,Muslim,23
גן,F,Jewish,23
נפנה,F,Muslim,23
מיקלה,F,Jewish,23
פקר,F,Jewish,23
גנאן,F,Christian-Arab,23
ילאו,M,Jewish,23
מיגואל,M,Jewish,23
אנדראס,M,Jewish,23
רחמיל,M,Jewish,23
מאייה,F,Jewish,23
מאידה,F,Muslim,23
אנאל,M,Jewish,23
מאוריצי,M,Jewish,23
רשא,F,Jewish,23
אכיל,M,Druze,23
אנג'ליק,F,Jewish,23
מאודה,F,Muslim,23
אלגנש,F,Jewish,23
סלוה,F,Druze,23
רפאת,M,Muslim,23
שמרת,F,Jewish,23
אטלאי,M,Jewish,23
ניסן,M,Druze,23
צקר,M,Muslim,23
ניעמה,M,Muslim,23
רפאלי,M,Jewish,23
רפאלי,F,Jewish,23
מובדא,M,Druze,23
אן,F,Christian-Arab,23
הרוה,M,Jewish,23
ואזנה,F,Muslim,23
אודי,F,Jewish,23
ניקולטה,F,Jewish,23
ישינאט,F,Jewish,23
גדר,F,Muslim,23
גינדי,M,Jewish,23
פרח,F,Druze,23
פרחד,M,Jewish,23
ורוד,F,Christian-Arab,23
ימר,M,Jewish,23
עכסה,F,Jewish,23
חיכמאת,M,Muslim,23
מאסרשה,M,Jewish,23
מואהב,F,Druze,23
מאמיט,F,Jewish,23
מהיטבאל,F,Jewish,23
רע'ד,F,Muslim,23
גוהר,M,Muslim,23
גוטה,F,Jewish,23
צוהייב,M,Muslim,23
גוזיאן,F,Jewish,23
נירן,F,Jewish,23
ירין,M,Muslim,23
גבין,M,Jewish,23
זאנט,F,Jewish,23
צירי,F,Jewish,23
אמירם,M,Jewish,23
אלמאזה,F,Christian-Arab,23
מכאלה,F,Jewish,23
תריאק,F,Muslim,23
מכרם,M,Christian-Arab,23
מיתקאל,M,Muslim,23
גורדן,M,Jewish,23
גורגינה,F,Christian-Arab,23
גזיה,F,Muslim,23
שלימה,F,Jewish,23
מפיד,M,Muslim,23
יענטע,F,Jewish,23
גוי,F,Jewish,23
ריק,M,Jewish,23
אלפונס,M,Jewish,23
מארייה,F,Muslim,23
ריסאל,F,Muslim,23
דניאל,F,Christian-Arab,23
פאריד,M,Muslim,23
אוסטין,M,Jewish,23
פאיה,F,Jewish,23
יואל,F,Jewish,23
דסליי,M,Jewish,23
אליי,M,Jewish,23
רנאטה,F,Jewish,23
מדאה,F,Jewish,23
ווטט,F,Jewish,23
סוזנה,F,Muslim,23
סולאל,M,Jewish,23
עופה,F,Muslim,23
עזאב,F,Muslim,23
רמו,M,Jewish,23
רמבום,M,Jewish,23
אבובקר,M,Muslim,22
תרי,F,Jewish,22
רנו,F,Jewish,22
אלינועם,M,Jewish,22
מתילדה,F,Christian-Arab,22
אלטש,F,Jewish,22
מנה,F,Jewish,22
עזמי,M,Druze,22
סולונג,F,Jewish,22
אואב,M,Muslim,22
עוני,M,Druze,22
אאליטה,F,Jewish,22
פרנס,F,Jewish,22
פרנאס,M,Muslim,22
אמאנה,F,Druze,22
חייר,M,Muslim,22
חיית,F,Jewish,22
מנואל,M,Christian-Arab,22
אודטה,F,Jewish,22
אודיאל,M,Jewish,22
עיפאף,F,Christian-Arab,22
סובר,M,Jewish,22
ריחאב,F,Druze,22
רפעאת,M,Druze,22
ריטל,F,Jewish,22
סינתיא,F,Christian-Arab,22
אמווה,F,Jewish,22
אכראם,M,Muslim,22
מאזה,F,Jewish,22
חיסן,F,Druze,22
גאלא,F,Muslim,22
אגניה,F,Jewish,22
קאהרה,F,Muslim,22
פרביז,M,Jewish,22
פרהנז,F,Jewish,22
נעמת,F,Druze,22
פרויז,M,Jewish,22
ציבא,F,Muslim,22
ע'ינא,F,Muslim,22
עאאדה,F,Muslim,22
נישאן,M,Druze,22
גווד,M,Muslim,22
אטיהון,F,Jewish,22
ישוורק,F,Jewish,22
סטפן,M,Christian-Arab,22
ניראל,F,Christian-Arab,22
ג'ינט,F,Jewish,22
אוריטל,F,Jewish,22
פראג',M,Druze,22
נצן,F,Jewish,22
ימנגסט,F,Jewish,22
סזר,M,Jewish,22
גמאן,F,Muslim,22
כווכב,F,Muslim,22
מזור,M,Jewish,22
ניני,F,Jewish,22
סתונית,F,Jewish,22
ע'אליה,F,Muslim,22
ג'ריר,M,Muslim,22
קארן,M,Jewish,22
אטנאו,M,Jewish,22
גאקלין,F,Jewish,22
חראא,F,Muslim,22
שימחו,M,Jewish,22
שימרי,M,Jewish,22
נידאא,F,Druze,22
מסרה,F,Muslim,22
יטיב,M,Jewish,22
גרולד,M,Jewish,22
פנטייה,F,Jewish,22
תורייה,F,Muslim,22
גקלין,F,Christian-Arab,22
איבט,F,Christian-Arab,22
ג'ליל,M,Druze,22
סרינה,F,Muslim,22
איברהים,M,Jewish,22
איבו,M,Jewish,22
כליפה,M,Muslim,22
ניאל,F,Jewish,22
ג'והר,M,Muslim,22
נשווה,F,Muslim,22
דאינה,F,Jewish,22
טהרה,F,Jewish,22
כריסתינא,F,Christian-Arab,22
ג'וני,F,Jewish,22
תייא,F,Christian-Arab,22
כרמיאל,M,Jewish,22
איו,M,Jewish,22
שיהנאז,F,Muslim,22
ג'ינא,F,Christian-Arab,22
ניהד,M,Muslim,22
ניווין,F,Christian-Arab,22
זוהדיה,F,Muslim,22
חרמונה,F,Jewish,22
נטה,F,Jewish,22
ג'אן,M,Druze,22
ג'בור,M,Christian-Arab,22
נחם,M,Jewish,22
נטאלי,F,Christian-Arab,22
ג'אן,M,Muslim,22
נתן-אל,M,Jewish,22
טהונה,F,Jewish,22
אור-ים,F,Jewish,22
ג'ולייט,F,Christian-Arab,22
ג'ולינאר,F,Muslim,22
קינדו,M,Jewish,22
כתרינה,F,Christian-Arab,22
מרדית,F,Jewish,22
ג'וד,M,Jewish,22
ג'ודאת,M,Muslim,22
זוסיאן,F,Jewish,22
פוליה,F,Jewish,22
יוסי,M,Druze,22
טוודה,F,Jewish,22
מייזי,F,Jewish,22
פיחא,F,Muslim,22
לדיסלב,M,Jewish,22
נזים,M,Jewish,22
אייהו,F,Jewish,22
חסיא,F,Jewish,22
איזל,M,Muslim,22
ספינאז,F,Muslim,22
ספוות,M,Muslim,22
לבינה,F,Jewish,22
ג'האן,F,Christian-Arab,22
שיבלי,M,Muslim,22
לוסילה,F,Jewish,22
סניה,F,Jewish,22
סניורה,F,Jewish,22
חניאל,F,Jewish,22
שומה,F,Muslim,22
ביסאן,M,Muslim,22
אדיסעלם,F,Jewish,22
עדוא,M,Jewish,22
עדאי,M,Muslim,22
ראגחה,F,Muslim,22
לומא,F,Christian-Arab,22
זיוון,M,Jewish,22
זייד,M,Christian-Arab,22
בלינה,F,Jewish,22
לוליא,F,Muslim,22
איילין,F,Christian-Arab,22
ביינה,F,Muslim,22
ראן,F,Jewish,22
בינאן,F,Muslim,22
אילדה,F,Jewish,22
איליא,M,Druze,22
לוריאן,F,Druze,22
בידור,F,Muslim,22
בחיתה,F,Muslim,22
אברש,M,Jewish,22
לורנס,M,Muslim,22
רביבה,F,Jewish,22
סאמה,F,Muslim,22
דמי,F,Jewish,22
מייסאם,F,Muslim,22
לוסי,F,Muslim,22
לוסיין,F,Jewish,22
באכר,M,Muslim,22
דסליין,M,Jewish,22
דניס,F,Christian-Arab,22
מנצור,M,Jewish,22
תוחפה,F,Muslim,22
דניאלה,F,Druze,22
לטיפה,F,Jewish,22
בורוג,F,Muslim,22
בורלי,F,Jewish,22
לטיף,M,Christian-Arab,22
זימרו,M,Jewish,22
סנז'אנה,F,Jewish,22
שואל,M,Jewish,22
איליין,F,Muslim,22
לוקא,M,Christian-Arab,22
ביילסאן,F,Druze,22
תלה,F,Muslim,22
ערסאן,M,Muslim,22
עשור,M,Jewish,22
ויקו,M,Jewish,22
סאפה,F,Muslim,22
פאול,M,Christian-Arab,22
שריהאן,F,Christian-Arab,22
סאנדרה,F,Muslim,22
שהאר,M,Muslim,22
רהף,F,Christian-Arab,22
רדיק,M,Jewish,22
אתיר,M,Druze,22
רואן,M,Druze,22
נואה,F,Jewish,22
מונוור,F,Muslim,22
חן-לי,F,Jewish,22
לילאנה,F,Jewish,22
מוישי,M,Jewish,22
ענאן,F,Druze,22
ענוג,F,Jewish,22
ענבל,M,Jewish,22
אוליביה,F,Christian-Arab,22
ערה,F,Jewish,22
רוז'ה,M,Christian-Arab,22
לייבי,M,Jewish,22
סילינה,F,Druze,22
ליית',M,Druze,22
אקאבר,F,Muslim,22
רוזן,F,Jewish,22
נגס,F,Jewish,22
ארמונה,F,Jewish,22
רוג'ינה,F,Muslim,22
אסטרלה,F,Jewish,22
אנשיראח,F,Muslim,22
אסאלה,F,Christian-Arab,22
זרובבל,M,Jewish,22
סימוני,F,Jewish,22
סימור,M,Jewish,22
רוסל,M,Jewish,22
סגאא,F,Muslim,22
עמיאור,M,Jewish,22
הייפה,F,Muslim,22
מנאע,M,Muslim,22
שתייה,F,Muslim,22
לינאר,F,Druze,22
אספהאן,F,Muslim,22
רוממה,F,Jewish,22
שאכר,M,Christian-Arab,22
רוסלאן,M,Jewish,22
רופיידה,F,Muslim,22
אנריק,M,Jewish,22
מרסי,M,Muslim,22
שאאם,F,Muslim,22
סמאה,F,Muslim,22
נג'אח,M,Druze,22
אניעם,M,Jewish,22
עליזה,F,Muslim,22
היפה,F,Muslim,22
עלמנך,M,Jewish,22
סולנז',F,Jewish,22
תדמור,M,Jewish,22
ליקא,F,Muslim,22
אסכנדר,M,Muslim,22
נג'לא,F,Druze,22
חג'אג',M,Muslim,22
אל-רואי,M,Jewish,22
עיתאב,F,Druze,22
המס,F,Muslim,22
וטאן,F,Muslim,22
וורקיה,M,Jewish,22
טיטה,F,Jewish,22
סואד,F,Muslim,22
איתאי,M,Jewish,22
אנהאר,F,Druze,22
חיתאם,F,Druze,22
ריבאל,M,Druze,22
לנדא,F,Muslim,22
למיה,F,Christian-Arab,22
ח'לא,F,Muslim,22
אנטואנת,F,Christian-Arab,22
גיאה,M,Jewish,22
טירן,F,Jewish,22
תאיר,M,Christian-Arab,22
וואאם,F,Muslim,22
טלל,M,Muslim,22
וארדה,F,Muslim,22
ואלריה,F,Jewish,22
ריתא,F,Druze,22
רמאל,F,Muslim,22
משי,M,Jewish,22
מארווה,F,Muslim,22
ריקו,M,Jewish,22
אלן,M,Christian-Arab,22
מואיס,M,Jewish,22
אלהיין,M,Jewish,22
נאהל,M,Muslim,22
גוהר,F,Muslim,22
גינט,F,Jewish,22
גיסלה,F,Jewish,22
נסרינה,F,Muslim,22
גין,F,Jewish,22
מעיינה,F,Jewish,22
אזאנאו,M,Jewish,22
סטאניסלב,M,Jewish,22
גיבי,M,Jewish,22
נסב,F,Druze,22
מפרט,F,Jewish,22
אזר,M,Jewish,22
שלג,F,Jewish,22
יציק,M,Jewish,22
אחלאץ,F,Muslim,22
גוון,F,Jewish,22
אליף,M,Muslim,21
רסול,M,Muslim,21
חיו,M,Jewish,21
אורייאן,M,Jewish,21
ברצ'יקו,F,Jewish,21
קנת',M,Jewish,21
בת',F,Jewish,21
בשא,F,Jewish,21
וירה,F,Christian-Arab,21
ברהנה,M,Jewish,21
מועיין,M,Muslim,21
שורוג,F,Muslim,21
טיליה,F,Jewish,21
וויליאם,M,Christian-Arab,21
וולאא,F,Druze,21
סיראנש,F,Jewish,21
אהדאב,F,Muslim,21
עז,M,Druze,21
עורייב,F,Muslim,21
אלכסנדר,M,Muslim,21
שוקת,M,Muslim,21
נורמא,F,Christian-Arab,21
בריס,M,Jewish,21
זופן,F,Jewish,21
קמל,M,Jewish,21
בת-אור,F,Jewish,21
קלמנטין,F,Jewish,21
לוזית,F,Jewish,21
אלמוורק,F,Jewish,21
רלא,F,Muslim,21
אלמהדי,M,Muslim,21
רלו,M,Jewish,21
וודים,M,Jewish,21
ברג'יט,F,Jewish,21
דנאור,M,Jewish,21
לויס,F,Jewish,21
נוראי,F,Muslim,21
זופיה,F,Jewish,21
מאראם,F,Muslim,21
מימי,F,Christian-Arab,21
יסמינה,F,Christian-Arab,21
פרידריך,M,Jewish,21
מיא,F,Druze,21
גמא,M,Jewish,21
גנדיה,F,Muslim,21
משואה,F,Jewish,21
סוסן,F,Christian-Arab,21
סיהרא,F,Jewish,21
ג'אקלין,F,Jewish,21
קלואי,F,Christian-Arab,21
ראחמה,F,Muslim,21
ראובנה,F,Jewish,21
בלין,F,Jewish,21
ילין,F,Muslim,21
מאריאן,F,Christian-Arab,21
ריסאל,F,Druze,21
אלשן,M,Jewish,21
נאהד,M,Druze,21
סיסיל,F,Jewish,21
וואסף,M,Muslim,21
רישא,F,Jewish,21
נאהב,F,Jewish,21
רעדה,F,Muslim,21
דניסה,F,Jewish,21
יהון,M,Jewish,21
לאורנט,M,Jewish,21
נטף,M,Jewish,21
ג'והיינה,F,Muslim,21
סאיף,M,Muslim,21
סקיי,M,Jewish,21
חפץ,M,Jewish,21
סיסאיי,M,Jewish,21
חילווה,F,Muslim,21
גיאנה,F,Muslim,21
מטירה,F,Muslim,21
גיאד,M,Muslim,21
גיהן,F,Muslim,21
סטה,M,Jewish,21
גנענדיל,F,Jewish,21
שומרון,M,Jewish,21
יהושבע,F,Jewish,21
אונה,F,Jewish,21
לוקה,M,Christian-Arab,21
נומי,F,Jewish,21
סנם,F,Jewish,21
מייסרה,F,Muslim,21
דעד,F,Muslim,21
סלווה,F,Christian-Arab,21
מינאלה,M,Jewish,21
ריחן,F,Jewish,21
אמנש,F,Jewish,21
מהנאז,F,Jewish,21
אמבאו,M,Jewish,21
נאוראס,F,Muslim,21
רימון,M,Muslim,21
אלברו,M,Jewish,21
מואניס,M,Muslim,21
ויק,M,Jewish,21
מרו,F,Jewish,21
קינדה,M,Jewish,21
קייט,M,Jewish,21
ראנדה,F,Druze,21
אנאיה,F,Jewish,21
טמי,F,Jewish,21
ז'קלין,F,Muslim,21
גטאס,M,Christian-Arab,21
גטאנך,M,Jewish,21
וינוס,F,Christian-Arab,21
שריתי,F,Jewish,21
אבתיהל,F,Muslim,21
מליקאן,F,Muslim,21
עדות,F,Jewish,21
רבאח,M,Druze,21
זילבר,M,Jewish,21
בידה,F,Jewish,21
אדיסה,M,Jewish,21
קטורה,F,Jewish,21
קטף,F,Druze,21
שיכה,F,Muslim,21
איהאם,F,Muslim,21
ג'ורג'ינה,F,Jewish,21
ואלי,F,Jewish,21
אנאור,F,Muslim,21
צ'אלצ'או,M,Jewish,21
גורין,F,Muslim,21
גזלאן,F,Muslim,21
פרס,M,Muslim,21
פרנסוא,M,Christian-Arab,21
אדיבה,F,Jewish,21
אמרה,F,Muslim,21
אממה,F,Jewish,21
אלארי,F,Jewish,21
סנה,F,Jewish,21
בוסה,F,Jewish,21
סבה,F,Muslim,21
ערפת,F,Muslim,21
ג'יאנא,F,Christian-Arab,21
ג'יאד,M,Muslim,21
קורנית,F,Jewish,21
פטימה,F,Jewish,21
עינם,M,Jewish,21
אנאט,F,Jewish,21
אלאין,M,Jewish,21
מוד,F,Jewish,21
ג'י,M,Jewish,21
בדוי,M,Muslim,21
לי-טל,F,Jewish,21
ערוא,M,Muslim,21
הדה,F,Muslim,21
הדאיה,F,Druze,21
יארין,F,Jewish,21
מריוס,M,Christian-Arab,21
באני,F,Jewish,21
רדה,M,Jewish,21
סוהאר,F,Muslim,21
טסמה,M,Jewish,21
ירא,F,Muslim,21
אחיטוב,M,Jewish,21
אחיהוד,M,Jewish,21
אח'יל,M,Druze,21
חממה,F,Jewish,21
מונהאל,M,Druze,21
מוריס,M,Muslim,21
סרור,M,Druze,21
סראי,F,Druze,21
וניה,F,Jewish,21
אור-חי,M,Jewish,21
ג'ין,M,Jewish,21
הודליה,F,Jewish,21
עירי,M,Jewish,21
אישטה,M,Jewish,21
אנגם,F,Muslim,21
ריאהם,F,Druze,21
רחמא,F,Muslim,21
אבינר,M,Jewish,21
אבים,M,Jewish,21
טניה,F,Muslim,21
אתר,F,Muslim,21
שגף,F,Muslim,21
הדריאל,M,Jewish,21
קופל,M,Jewish,21
זבו,F,Jewish,21
מסטוול,F,Jewish,21
את'אר,F,Muslim,21
אשנפי,M,Jewish,21
מיליסה,F,Jewish,21
הענדיל,F,Jewish,21
גולנאר,F,Muslim,21
פלי,F,Jewish,21
אנדריאן,M,Jewish,21
אנו,F,Jewish,21
נבט,F,Jewish,21
רחיליה,F,Jewish,21
אוילין,F,Jewish,21
מותעב,M,Muslim,21
קאתרין,F,Christian-Arab,21
ג'סאן,M,Druze,21
פטריסיו,M,Jewish,21
ארקדיי,M,Jewish,21
ארתיום,M,Jewish,21
רואסי,F,Muslim,21
אנטול,M,Jewish,21
רותי,F,Muslim,21
מנארה,F,Muslim,21
לניר,M,Jewish,21
נברו,F,Jewish,21
נהאל,F,Druze,21
מונג'ד,M,Druze,21
הונידה,F,Christian-Arab,21
הומאם,M,Muslim,21
רודא,F,Muslim,21
ארל,M,Jewish,21
רוג'אן,F,Muslim,21
זריהון,M,Jewish,21
עאייד,M,Muslim,21
אטאר,F,Muslim,21
מקלוף,M,Jewish,21
סוקראט,M,Druze,21
מוח'תאר,M,Muslim,21
סבלה,F,Jewish,21
קאתיה,F,Christian-Arab,21
כולוד,F,Muslim,21
נינאל,F,Jewish,21
מירבי,F,Jewish,21
קארולין,F,Muslim,21
דודו,F,Jewish,21
אינדה,F,Jewish,21
רוואה,F,Muslim,21
רוהיפה,F,Muslim,21
נדיה,F,Druze,21
אודל,M,Jewish,21
מחמאד,M,Muslim,21
מחול,F,Jewish,21
אנס,F,Druze,21
תובא,F,Muslim,21
ויולה,F,Christian-Arab,21
ויטלינה,F,Jewish,21
תלגה,F,Muslim,21
זפירה,F,Jewish,21
ליין,F,Jewish,21
לייבל,M,Jewish,21
היבאת,F,Muslim,21
היות,F,Jewish,21
הייל,M,Muslim,21
עמל,F,Muslim,21
מזול,F,Jewish,21
טוביאו,F,Jewish,21
פיליב,M,Christian-Arab,21
טאלל,M,Muslim,21
דאניל,M,Druze,21
סמואל,M,Muslim,21
סהיל,M,Muslim,21
תאופיקה,F,Muslim,21
אסינת,F,Muslim,21
אסטריה,F,Jewish,21
איעד,M,Muslim,21
רון,M,Christian-Arab,21
רומיק,M,Jewish,21
אקי,M,Jewish,21
נגלא,F,Christian-Arab,21
אקראם,M,Muslim,21
מליזה,F,Jewish,21
הילין,F,Christian-Arab,21
זמנאיי,F,Jewish,21
מולדת,F,Jewish,21
נגיבה,F,Muslim,21
אפתח'אר,F,Muslim,21
לילאן,F,Jewish,21
גבעון,M,Jewish,21
גביר,M,Jewish,21
גבריה,M,Jewish,21
גבריאלה,F,Christian-Arab,21
סיאמק,M,Jewish,21
פירחיה,F,Jewish,21
ישיטו,F,Jewish,21
זאביק,M,Jewish,21
ניעאם,F,Muslim,21
כאייד,M,Muslim,21
שירז,M,Jewish,21
יוריק,M,Jewish,21
אסתרלה,F,Jewish,21
רויד,M,Muslim,21
אינתסר,F,Muslim,21
טרקיין,M,Jewish,21
יאודה,M,Jewish,21
עלמה,F,Muslim,21
אסמרו,M,Jewish,21
שאוק,F,Muslim,21
אסקר,M,Jewish,21
סולף,F,Muslim,21
סולנז,F,Jewish,21
נגוס,M,Jewish,21
סלו,M,Jewish,21
מסרשה,F,Jewish,21
פרדה,F,Jewish,21
רניא,F,Muslim,21
מדלן,F,Christian-Arab,21
חוסרו,M,Jewish,21
קפא,F,Muslim,21
קנוע,F,Muslim,21
ברנדית,F,Christian-Arab,21
לואא,F,Muslim,21
איילן,F,Druze,21
שושה,F,Jewish,21
פרזד,M,Jewish,21
וראד,M,Muslim,21
ורדי,F,Muslim,21
פרדריקה,F,Jewish,21
ורדי,F,Jewish,21
גליתי,F,Jewish,21
אוריתי,F,Jewish,21
אבאינש,F,Jewish,20
תע'ריד,F,Muslim,20
אבוהאי,M,Jewish,20
אבזה,F,Jewish,20
ווינשט,F,Jewish,20
ווללה,F,Jewish,20
מהבש,F,Jewish,20
אלכסנדרינה,F,Jewish,20
אלמועתז,M,Muslim,20
שמעה,F,Muslim,20
אורני,F,Jewish,20
דלידה,F,Muslim,20
ברכי,F,Jewish,20
זולפה,F,Muslim,20
נח'לה,M,Christian-Arab,20
מסא,F,Muslim,20
סוסו,M,Jewish,20
מנר,F,Muslim,20
מנפרד,M,Jewish,20
תסניים,F,Muslim,20
פכריה,F,Muslim,20
שפראו,M,Jewish,20
ניקולא,M,Jewish,20
גדי,M,Christian-Arab,20
גובראן,M,Christian-Arab,20
ישיוואס,M,Jewish,20
גודי,M,Muslim,20
מולויה,F,Jewish,20
תיה,F,Jewish,20
כאוכב,F,Christian-Arab,20
צליק,M,Jewish,20
ניצבת,F,Jewish,20
מקסימה,F,Jewish,20
מחאר,F,Muslim,20
מייאל,F,Jewish,20
אינתסאר,F,Druze,20
פיימן,M,Jewish,20
רוזיית,F,Christian-Arab,20
אקיף,M,Jewish,20
הלנה,F,Muslim,20
טרוסאו,F,Jewish,20
סהיר,M,Druze,20
זקריאת,F,Muslim,20
אסול,F,Jewish,20
נג'לה,F,Druze,20
נגסה,M,Jewish,20
רוזאן,F,Jewish,20
רוזאלין,F,Christian-Arab,20
זנאש,F,Jewish,20
יאלאו,M,Jewish,20
אפקאר,F,Muslim,20
יזאנו,F,Jewish,20
מוחסין,M,Muslim,20
ארין,F,Druze,20
טיאב,F,Muslim,20
סיליה,F,Druze,20
זמנה,F,Jewish,20
לייבה,M,Jewish,20
אינסף,F,Muslim,20
שבו,M,Jewish,20
אינייה,F,Jewish,20
יאנה,F,Christian-Arab,20
גאזי,M,Christian-Arab,20
מזייד,M,Druze,20
גאלדה,F,Jewish,20
קאייס,M,Muslim,20
טאטינה,F,Jewish,20
טהור,M,Jewish,20
ארנולדו,M,Jewish,20
אוטאן,F,Muslim,20
מירבל,F,Jewish,20
פיזה,F,Druze,20
דוד,F,Jewish,20
ליפה,M,Jewish,20
אסילה,F,Muslim,20
מיליא,F,Christian-Arab,20
דאנייה,F,Muslim,20
אטילה,M,Jewish,20
מחבובה,F,Muslim,20
גוזפין,F,Jewish,20
עבדלרחים,M,Muslim,20
מסעוד,M,Christian-Arab,20
נרקיס,F,Muslim,20
גויס,F,Christian-Arab,20
הופ,F,Jewish,20
שבלי,M,Druze,20
אינדלאו,M,Jewish,20
ארלית,F,Christian-Arab,20
ליונאל,M,Jewish,20
ארני,M,Jewish,20
רוסתם,M,Muslim,20
לליטה,F,Jewish,20
לליה,F,Jewish,20
רוסיילה,F,Muslim,20
רוסלין,F,Jewish,20
סימור,F,Jewish,20
חלדיה,F,Muslim,20
סטלינה,F,Jewish,20
סוקיינה,F,Muslim,20
מקוריה,M,Jewish,20
פידא,M,Druze,20
פטלוורק,F,Jewish,20
מוח'לס,M,Christian-Arab,20
מוזל,F,Jewish,20
רזאל,M,Jewish,20
רות,F,Christian-Arab,20
אניל,F,Jewish,20
למיתא,F,Christian-Arab,20
למלמו,M,Jewish,20
לסטר,M,Jewish,20
לניר,F,Jewish,20
לנור,F,Jewish,20
לנוי,F,Jewish,20
נהאיה,F,Druze,20
אינגדאו,M,Jewish,20
יאר,F,Jewish,20
מסטפה,M,Muslim,20
אינאדיס,F,Jewish,20
אודאי,M,Muslim,20
צהאיי,F,Jewish,20
אחמיד,M,Muslim,20
מחריבן,F,Jewish,20
גרמה,M,Jewish,20
גרלדין,F,Jewish,20
ייבגני,M,Jewish,20
שנטאל,F,Jewish,20
רואל,M,Jewish,20
ליבל,F,Jewish,20
רואה,M,Jewish,20
מיעאד,F,Muslim,20
וליה,F,Jewish,20
קוותר,F,Muslim,20
הודל,F,Jewish,20
נהונד,F,Muslim,20
הת'ר,F,Jewish,20
מרסיל,F,Muslim,20
אנז'לינה,F,Jewish,20
רחלית,F,Jewish,20
אנדרה,M,Christian-Arab,20
לתין,F,Druze,20
אביחן,M,Jewish,20
מירצה,M,Jewish,20
רדן,F,Muslim,20
שדמית,F,Jewish,20
ניזמי,M,Jewish,20
איבתיהאל,F,Muslim,20
סרל,F,Jewish,20
ג'ם,M,Jewish,20
מונטסר,M,Muslim,20
טספיה,M,Jewish,20
צ'מרה,M,Jewish,20
צ'לצ'או,M,Jewish,20
שלום-שי,M,Jewish,20
פתון,F,Muslim,20
יקו,M,Jewish,20
פנינת,F,Jewish,20
גרטרוד,F,Jewish,20
פלילה,F,Jewish,20
אנאהיד,F,Muslim,20
עדלה,F,Christian-Arab,20
זוהאד,F,Muslim,20
עבודי,M,Muslim,20
ניהאל,F,Druze,20
הולואגרש,F,Jewish,20
רידה,M,Muslim,20
נאנסי,F,Jewish,20
ריבל,F,Jewish,20
אנג'לה,F,Muslim,20
נאפד,M,Muslim,20
אנגלינה,F,Christian-Arab,20
מרצל,F,Jewish,20
סלטאנה,F,Muslim,20
סלחה,F,Jewish,20
מילין,F,Muslim,20
מנואה,F,Muslim,20
ג'יאנה,F,Druze,20
בדיר,M,Muslim,20
רג'אא,F,Druze,20
לי-עד,F,Jewish,20
הבת,F,Muslim,20
סאומר,M,Druze,20
סאומהון,F,Jewish,20
אנבר,M,Jewish,20
גורי,F,Druze,20
מיראי,F,Christian-Arab,20
ז'ורז'ט,F,Jewish,20
נאית,F,Jewish,20
זימרת,F,Jewish,20
בודור,F,Muslim,20
בובי,M,Jewish,20
מיירון,M,Jewish,20
לזרו,M,Jewish,20
לטיפה,F,Druze,20
ניהאד,M,Druze,20
כרולין,F,Christian-Arab,20
ריהאן,F,Druze,20
נוח'ה,F,Muslim,20
בית,F,Jewish,20
מרגריט,F,Christian-Arab,20
ג'ומאנא,F,Muslim,20
אגי,F,Jewish,20
מליק,M,Jewish,20
בחטיאר,M,Jewish,20
שוהרה,F,Jewish,20
דריה,F,Muslim,20
עתידה,F,Jewish,20
עתיי,M,Jewish,20
דשה,F,Jewish,20
איוואן,M,Druze,20
מורן,F,Christian-Arab,20
נידה,F,Muslim,20
נידא,F,Christian-Arab,20
כרמלה,F,Christian-Arab,20
סאי,M,Jewish,20
ראף,F,Muslim,20
אילחם,M,Jewish,20
בילאסאן,F,Muslim,20
אלאנורה,F,Jewish,20
ריואן,F,Muslim,20
וג'די,M,Christian-Arab,20
עיישה,F,Jewish,20
גרוב,F,Muslim,20
ז'וליה,F,Jewish,20
ז'וליאן,M,Jewish,20
סטיבן,M,Christian-Arab,20
אוריאנה,F,Muslim,20
גפראן,F,Muslim,20
נר,M,Jewish,20
שרי,M,Jewish,20
ראז,M,Druze,20
לוקס,M,Christian-Arab,20
לוצ'יה,F,Jewish,20
סלווין,M,Jewish,20
אמיליה,F,Christian-Arab,20
רייאן,M,Druze,20
אמנדה,F,Muslim,20
אמלמל,F,Jewish,20
סוויטלנה,F,Jewish,20
סאעד,M,Muslim,20
עדלא,F,Muslim,20
חפידה,F,Muslim,20
מרה,M,Jewish,20
ג'והינה,F,Druze,20
ג'ויל,F,Muslim,20
סאיר,M,Muslim,20
זוהרי,M,Muslim,20
סקרלט,F,Jewish,20
סילאן,F,Druze,20
חגלה,F,Druze,20
טייסיר,M,Muslim,20
פרמרז,M,Jewish,20
גיאורג,M,Jewish,20
גיאה,F,Jewish,20
גיית,M,Druze,20
עבד,M,Jewish,20
ילינה,F,Jewish,20
מוסלח,M,Druze,20
בלור,F,Jewish,20
לוסיין,M,Jewish,20
פאחר,M,Muslim,20
קלימו,M,Jewish,20
ג'אנית,F,Muslim,20
שי-שמעון,M,Jewish,20
מורגן,M,Jewish,20
בן-עמי,M,Jewish,20
בן-אור,M,Jewish,20
אבטיסאם,F,Muslim,20
וואס,M,Muslim,20
אלהין,M,Jewish,20
אלקו,M,Jewish,20
מארינה,F,Christian-Arab,20
ריצ'ל,F,Jewish,20
תירזה,F,Jewish,20
דסלאי,M,Jewish,20
לאורנס,F,Jewish,20
לאונטי,M,Jewish,20
שוני,F,Jewish,20
מרזוקה,F,Muslim,20
נוראן,F,Druze,20
ויקי,F,Christian-Arab,20
ויקטורין,F,Jewish,20
מהרטה,F,Jewish,20
מאריוס,M,Christian-Arab,20
תאליה,F,Druze,20
מאריבל,F,Christian-Arab,20
יסניה,F,Jewish,20
שמילה,F,Jewish,20
גנוה,F,Druze,20
מהללאל,M,Jewish,20
טוליפ,F,Druze,20
קלמי,F,Jewish,20
זולאי,F,Jewish,20
חוזימה,F,Muslim,20
סיראג',M,Christian-Arab,20
ריקי,M,Jewish,20
טלאע,M,Muslim,20
וובעלם,F,Jewish,20
מים,F,Jewish,20
ריתאל,F,Druze,20
מג'דולין,F,Christian-Arab,20
תאניה,F,Christian-Arab,20
וויויאן,F,Jewish,20
נוראן,M,Muslim,20
נוריאן,F,Muslim,20
דנטה,M,Jewish,20
בסימה,F,Druze,20
לוי-יצחק,M,Jewish,20
שועאע,F,Christian-Arab,20
עומרן,M,Muslim,20
רנאן,M,Muslim,20
מדעאן,M,Muslim,20
משעל,M,Muslim,20
מישלי,F,Jewish,20
מתניה,F,Jewish,20
חיה-שרה,F,Jewish,20
סיוזנה,F,Jewish,20
סאלם,F,Muslim,20
איטן,F,Jewish,20
וירוניקה,F,Jewish,20
חסיד,M,Jewish,20
חסיבה,F,Muslim,20
קרימאן,F,Muslim,20
מופדי,M,Muslim,20
וודיטו,F,Jewish,20
מוכיד,M,Muslim,20
הימן,M,Muslim,20
עלמצהאי,F,Jewish,20
ליס,F,Jewish,20
אסמעין,M,Muslim,20
אסמרלדה,F,Jewish,20
שאנה,F,Muslim,20
שנדי,F,Jewish,20
מת'יו,M,Jewish,20
אב,M,Jewish,20
שורי,F,Jewish,20
טגה,F,Jewish,20
עאתקה,F,Muslim,20
עבדאלראוף,M,Muslim,20
גלנאר,F,Muslim,20
תפחה,F,Jewish,20
חיאת,F,Christian-Arab,19
תרואת,F,Muslim,19
אללי,M,Jewish,19
אלנורה,F,Jewish,19
טירינגו,F,Jewish,19
חודאיפה,M,Muslim,19
אבי-חי,M,Jewish,19
רעד,M,Druze,19
מבראטו,M,Jewish,19
גיל-לי,F,Jewish,19
ימי,M,Jewish,19
ילק,M,Jewish,19
גילאת,F,Jewish,19
גימס,M,Jewish,19
אזאל,F,Muslim,19
גייס,M,Muslim,19
תחיה,F,Muslim,19
תאמיר,M,Muslim,19
פאתינה,F,Christian-Arab,19
קרולינה,F,Christian-Arab,19
מופלח,M,Druze,19
לוגן,M,Jewish,19
ולנטינה,F,Muslim,19
טולאי,F,Muslim,19
נזירה,F,Christian-Arab,19
ברתוקן,F,Jewish,19
סיזר,M,Christian-Arab,19
דינור,M,Jewish,19
יוזפינה,F,Jewish,19
סאלין,F,Muslim,19
איילאו,M,Jewish,19
איילה,M,Jewish,19
איילן,F,Jewish,19
ברנדי,F,Jewish,19
נורהאן,F,Druze,19
נוריהאן,F,Muslim,19
בקלו,M,Jewish,19
קרם,F,Muslim,19
אג'וד,M,Muslim,19
מייסה,F,Druze,19
מייסון,M,Jewish,19
אופלי,F,Jewish,19
אוסימה,F,Muslim,19
דילארה,F,Muslim,19
ג'אוד,M,Muslim,19
לאנא,F,Muslim,19
קלרין,F,Jewish,19
ג'אמיל,M,Muslim,19
קרביש,F,Jewish,19
נושין,F,Jewish,19
איינו,M,Jewish,19
סיידה,F,Muslim,19
זיגי,M,Jewish,19
אייריס,F,Jewish,19
מורגאנה,F,Muslim,19
ג'אנין,F,Jewish,19
פדיל,M,Christian-Arab,19
ג'בר,M,Christian-Arab,19
זוליה,F,Jewish,19
לאלה,F,Jewish,19
ולאדיסלב,M,Jewish,19
וירא,F,Christian-Arab,19
ראבאל,M,Muslim,19
דנילו,M,Jewish,19
דמלאש,M,Jewish,19
פארג',M,Muslim,19
ראיפה,F,Druze,19
ראין,M,Druze,19
אוני,M,Jewish,19
אוסאיד,M,Muslim,19
פאולו,M,Christian-Arab,19
סנייה,F,Muslim,19
סנתיא,F,Christian-Arab,19
חניטל,F,Jewish,19
חפצי-בה,F,Jewish,19
סידרא,F,Druze,19
ג'די,M,Christian-Arab,19
ג'די,M,Druze,19
קלארה,F,Jewish,19
דסלה,M,Jewish,19
פאטינה,F,Muslim,19
דניו,M,Jewish,19
ראמא,F,Christian-Arab,19
אילדיקו,F,Jewish,19
אילהם,F,Muslim,19
ביזואיהו,F,Jewish,19
ראנם,M,Muslim,19
כרמלה,F,Muslim,19
ממויה,M,Jewish,19
כתר,M,Jewish,19
ג'ויסי,F,Jewish,19
ג'וליאנוס,M,Christian-Arab,19
ג'ווד,M,Muslim,19
ניאז,M,Muslim,19
פאוזיה,F,Christian-Arab,19
סילאר,F,Muslim,19
שומוע,F,Muslim,19
בכורה,F,Jewish,19
מונעם,M,Christian-Arab,19
ראשל,F,Druze,19
בזואיהו,F,Jewish,19
בזונש,F,Jewish,19
קיאן,M,Jewish,19
קיאנו,M,Jewish,19
ג'ון,F,Muslim,19
ג'ונאס,M,Jewish,19
ג'ולן,M,Muslim,19
ג'וליו,M,Jewish,19
כרמיה,F,Jewish,19
ניגינה,F,Jewish,19
איוואן,M,Muslim,19
ביניאם,M,Jewish,19
ראין,M,Jewish,19
ראמין,M,Jewish,19
ניהאי,F,Druze,19
דיאלא,F,Druze,19
יונונה,F,Jewish,19
לטיף,M,Jewish,19
רג'א,F,Christian-Arab,19
בהייה,F,Druze,19
זין,M,Muslim,19
מיריאם,F,Muslim,19
בהזאד,M,Jewish,19
דוריד,M,Muslim,19
דורן,F,Jewish,19
כרימה,F,Druze,19
ג'ופראן,F,Muslim,19
ראסל,M,Muslim,19
מליס,F,Jewish,19
חנה,M,Jewish,19
הגוס,M,Jewish,19
ליאורית,F,Jewish,19
סביחה,F,Jewish,19
ויטוריה,F,Jewish,19
עדליה,F,Muslim,19
בהמן,M,Jewish,19
בהאאלדין,M,Muslim,19
רג'יד,M,Muslim,19
רגא,M,Druze,19
רגדא,F,Muslim,19
מוניף,M,Druze,19
שימרון,M,Jewish,19
ניהאיה,F,Christian-Arab,19
כנז,F,Muslim,19
דוקאן,M,Druze,19
קורנל,M,Jewish,19
שדואן,M,Muslim,19
שהד,M,Druze,19
שד'א,F,Muslim,19
באטריסה,F,Jewish,19
ענה-אל,F,Jewish,19
כנען,F,Jewish,19
עגור,M,Jewish,19
ונטורה,F,Jewish,19
ג'ילאן,F,Druze,19
מרגורי,F,Jewish,19
מרגיט,F,Jewish,19
איד,M,Muslim,19
אילריון,M,Jewish,19
באנצ'יאמלק,F,Jewish,19
ליאורי,M,Jewish,19
יבלטל,M,Jewish,19
רואבי,F,Muslim,19
את'יר,F,Muslim,19
אתגר,F,Jewish,19
חמיד,M,Druze,19
חמידי,M,Muslim,19
זכיה,F,Christian-Arab,19
מיצ'ל,M,Jewish,19
יוסף-חי,M,Jewish,19
דולורס,F,Jewish,19
קוטייבה,M,Muslim,19
ג'מבר,M,Jewish,19
זהוה,F,Muslim,19
קוסטה,M,Christian-Arab,19
קורוש,M,Jewish,19
הדסי,F,Jewish,19
עראם,F,Muslim,19
אבלין,F,Muslim,19
עסיל,F,Muslim,19
מונאיה,F,Druze,19
ליהב,M,Jewish,19
ארתורו,M,Jewish,19
תדסה,M,Jewish,19
דומיאנא,F,Christian-Arab,19
סאבין,F,Muslim,19
קבלאן,M,Druze,19
מראן,F,Muslim,19
מרבאת,F,Muslim,19
ג'נינה,F,Jewish,19
ג'מלה,F,Muslim,19
מילא,F,Jewish,19
אוטיליה,F,Jewish,19
רואד,F,Muslim,19
תאג,M,Muslim,19
טיאה,F,Jewish,19
ליזר,M,Jewish,19
ליזת,F,Jewish,19
רוואנד,F,Muslim,19
שירהאן,F,Muslim,19
מזיונה,F,Muslim,19
איאנאו,M,Jewish,19
סאאידה,F,Muslim,19
סרקאלם,F,Jewish,19
סרקיס,M,Christian-Arab,19
קבה,F,Jewish,19
מנחם-מענדל,M,Jewish,19
רוברטו,M,Christian-Arab,19
ארם,M,Druze,19
אריאן,M,Muslim,19
מויסר,F,Druze,19
סימאא,F,Muslim,19
ויוריקה,F,Jewish,19
תאהר,M,Muslim,19
אבניאל,M,Jewish,19
רוזי,M,Druze,19
אצ'נפה,M,Jewish,19
עאביר,F,Muslim,19
וסוולוד,M,Jewish,19
וסאם,F,Christian-Arab,19
ניסרין,F,Druze,19
אטקה,M,Jewish,19
איאט,F,Muslim,19
לייה,F,Muslim,19
אראלי,M,Jewish,19
סן,M,Jewish,19
סדאן,F,Muslim,19
ליליאנה,F,Muslim,19
לילין,F,Jewish,19
אסרבב,F,Jewish,19
אסצ'אלו,M,Jewish,19
שיריהאן,F,Muslim,19
מזן,F,Muslim,19
וסאם,F,Druze,19
אגניהו,F,Jewish,19
אגסאן,F,Muslim,19
אינרה,F,Jewish,19
הינדא,F,Muslim,19
יאייש,F,Jewish,19
הימאן,F,Muslim,19
הימאן,M,Muslim,19
מריתא,F,Christian-Arab,19
אגריה,F,Jewish,19
ישיאמבט,F,Jewish,19
צורישדי,M,Jewish,19
ישמח,M,Jewish,19
ציפיה,F,Jewish,19
זאידה,F,Druze,19
סטרנא,F,Jewish,19
עאדלה,F,Muslim,19
זאכי,M,Druze,19
אסצ'לו,M,Jewish,19
תהאני,F,Druze,19
סולפה,F,Muslim,19
שאני,F,Jewish,19
לינאר,F,Muslim,19
רומיסא,F,Muslim,19
תדי,M,Jewish,19
רוניאל,F,Jewish,19
שאוכאת,M,Muslim,19
ליסיה,F,Jewish,19
טרנה,F,Jewish,19
הליל,M,Muslim,19
זקלין,F,Muslim,19
זר,F,Jewish,19
זרבאיל,M,Jewish,19
אביעוז,M,Jewish,19
טרין,F,Jewish,19
המיה,F,Jewish,19
אטליה,F,Jewish,19
סטצ'ין,F,Jewish,19
זאד,M,Muslim,19
זאהיה,F,Muslim,19
אגרון,M,Jewish,19
ז'ניפר,F,Jewish,19
מוטי-מרדכי,M,Jewish,19
עלוית,F,Jewish,19
טריז,F,Christian-Arab,19
ללא,M,Jewish,19
רועית,F,Jewish,19
סמאח,M,Muslim,19
ירינה,F,Jewish,19
צוראל,M,Jewish,19
דאוד,M,Jewish,19
מחיסן,M,Muslim,19
אטיל,F,Jewish,19
פכרייה,F,Muslim,19
אבילין,F,Jewish,19
אסמאהן,F,Muslim,19
ליפמן,M,Jewish,19
לקמאן,M,Muslim,19
לסיה,F,Jewish,19
אודין,M,Jewish,19
אודית,F,Jewish,19
טקלו,F,Jewish,19
זרפה,F,Jewish,19
רופאידה,F,Muslim,19
אירווין,M,Jewish,19
עביידה,M,Muslim,19
יחזקיאל,M,Jewish,19
מסעודה,F,Muslim,19
אטאקילט,F,Jewish,19
מיראן,F,Druze,19
סטין,M,Jewish,19
טארג,M,Muslim,19
סטן,M,Jewish,19
הריס,M,Jewish,19
רחימה,F,Muslim,19
רחמי,F,Muslim,19
אנדריא,M,Christian-Arab,19
וונדה,M,Jewish,19
מספן,M,Jewish,19
שניאור-זלמן,M,Jewish,19
גרמן,F,Jewish,19
ירד,M,Jewish,19
גונזלו,M,Jewish,19
ירום,F,Jewish,19
צגנש,F,Jewish,19
אישטבן,M,Jewish,19
מנוה,F,Druze,19
לנון,M,Jewish,19
חאליד,M,Muslim,19
רקאל,F,Jewish,19
נארם,F,Muslim,19
מאווה,F,Jewish,19
אנג'לינא,F,Christian-Arab,19
אנגלו,M,Jewish,19
אודי,M,Muslim,19
וידי,F,Jewish,19
מאזין,M,Muslim,19
גרי,F,Jewish,19
גקלין,F,Muslim,19
צ'יקו,M,Jewish,19
צ'לה,M,Jewish,19
טסרו,F,Jewish,19
תמיר,M,Christian-Arab,19
הריסון,M,Jewish,19
הרבה,M,Jewish,19
וג'דאן,M,Druze,19
טנגוט,F,Jewish,19
מאיכל,M,Christian-Arab,19
אמת,M,Jewish,19
אלאן,F,Muslim,19
אדורד,M,Jewish,19
אדיל,F,Jewish,19
פרנקו,M,Christian-Arab,19
גורוב,F,Muslim,19
גזלה,F,Jewish,19
גורית,F,Jewish,19
גורן,F,Jewish,19
ריבר,M,Jewish,19
ואדיע,M,Muslim,19
מנהלו,F,Jewish,19
סללאם,M,Muslim,19
אמזר,M,Jewish,19
רימונה,F,Christian-Arab,19
מאמון,M,Druze,19
אמסאלו,M,Jewish,19
סוואר,F,Druze,19
סוהל,M,Christian-Arab,19
וג'ד,M,Christian-Arab,19
אמנדין,F,Jewish,19
סלימאן,M,Muslim,19
אזל,M,Druze,19
גסי,M,Jewish,19
שניאל,F,Jewish,19
מיגן,F,Jewish,19
סטי,F,Jewish,19
מלקמה,F,Jewish,19
טמסגין,M,Jewish,19
אלול,F,Jewish,19
ריף,M,Muslim,19
ריתאב,F,Muslim,19
וואלא,F,Muslim,19
וואפא,F,Muslim,19
וובו,M,Jewish,19
עטלה,M,Muslim,19
ריני,F,Jewish,19
אלרעי,M,Jewish,19
רינתה,F,Jewish,19
אורייתא,F,Jewish,19
יעלת-חן,F,Jewish,19
שלמה,M,Druze,19
סלימן,M,Jewish,19
טללו,F,Jewish,19
ווסן,F,Jewish,19
רמונד,M,Jewish,19
רנד,F,Druze,19
טינה,F,Christian-Arab,19
סולטאנה,F,Druze,19
גליקא,F,Jewish,19
ורדי,M,Jewish,19
טגב,F,Jewish,19
רמון,F,Jewish,19
תבאת,F,Muslim,19
טילדה,F,Jewish,19
עורוא,M,Muslim,19
נאג'ם,F,Muslim,19
רלוקה,F,Jewish,19
אלמקן,M,Jewish,19
מג'דל,F,Muslim,19
מג'ידה,F,Muslim,19
לואיזה,F,Christian-Arab,19
בריל,F,Jewish,19
סיתה,F,Muslim,19
חיזגיל,M,Jewish,19
אליאת,F,Jewish,19
אלידן,M,Jewish,19
אליוסף,M,Jewish,19
שמש,M,Jewish,19
שנדל,F,Jewish,19
עזאת,M,Christian-Arab,19
מגולי,F,Jewish,19
אלירון,F,Jewish,19
מדנקיה,F,Jewish,19
מדליין,F,Muslim,19
אלינא,F,Jewish,19
רמינה,F,Jewish,19
פדל,M,Christian-Arab,18
פדל,M,Druze,18
חסן,M,Jewish,18
קית,M,Jewish,18
ג'אנט,F,Muslim,18
ולא,M,Druze,18
מסאל,F,Muslim,18
עזאל,F,Muslim,18
סירה,F,Muslim,18
ימרוט,F,Jewish,18
פרדי,M,Christian-Arab,18
גמיעאן,M,Muslim,18
סורל,M,Jewish,18
רנתה,F,Jewish,18
לאקה,M,Jewish,18
פהימה,F,Druze,18
דיויד,M,Christian-Arab,18
סאלאם,F,Muslim,18
אוקסנה,F,Muslim,18
שרביל,M,Christian-Arab,18
סערי,F,Jewish,18
חסן,F,Druze,18
שרה-שרית,F,Jewish,18
שרהלה,F,Jewish,18
גלאדיס,F,Christian-Arab,18
עבאס,M,Druze,18
סחלב,F,Jewish,18
טבלט,F,Jewish,18
חיי,F,Jewish,18
ולאדה,F,Jewish,18
טויה,F,Jewish,18
זולפיה,F,Jewish,18
קן,M,Jewish,18
נזמיה,F,Druze,18
מרדוש,M,Jewish,18
ניאל,F,Muslim,18
כתרינא,F,Christian-Arab,18
חפיזה,F,Druze,18
אייאיו,M,Jewish,18
נזיקו,F,Jewish,18
לבב,F,Jewish,18
לדיסלאו,M,Jewish,18
רישר,M,Jewish,18
מגדולין,F,Christian-Arab,18
יניל,M,Druze,18
גית,M,Druze,18
גיצא,F,Jewish,18
גלאל,M,Jewish,18
מעזוז,M,Muslim,18
אורני,M,Jewish,18
גינאת,F,Muslim,18
תאריד,F,Muslim,18
אואן,F,Muslim,18
עבדאלמגיד,M,Muslim,18
גילן,M,Jewish,18
פראת,F,Muslim,18
פרבנה,F,Jewish,18
פרג'ה,F,Muslim,18
אלחארת,M,Muslim,18
נאגי,M,Jewish,18
אלן,M,Druze,18
סוכאינה,F,Muslim,18
תאניה,F,Muslim,18
תאסיר,M,Muslim,18
נזילה,F,Jewish,18
נזימה,F,Jewish,18
פהמי,M,Christian-Arab,18
ממוס,M,Jewish,18
כרסטין,F,Christian-Arab,18
ג'וליא,F,Druze,18
מוקי,M,Jewish,18
סעדי,M,Jewish,18
סיוואר,F,Druze,18
דלילה,F,Druze,18
דלין,F,Druze,18
תאסנים,F,Muslim,18
ווגיהה,F,Muslim,18
סלביה,F,Christian-Arab,18
חוור,F,Muslim,18
תסאהיל,F,Muslim,18
פרטונה,F,Jewish,18
מימה,F,Jewish,18
מילכו,F,Jewish,18
אלקסיה,F,Jewish,18
תורכיה,F,Druze,18
ילאק,M,Jewish,18
אלורא,F,Muslim,18
ריפאן,F,Muslim,18
ריפעה,F,Muslim,18
נאדיר,M,Muslim,18
חנן,F,Druze,18
שורי,M,Jewish,18
קסאיה,F,Jewish,18
קייאן,F,Muslim,18
ברנהרד,M,Jewish,18
קעקאע,M,Muslim,18
קראמה,F,Muslim,18
תמסגן,M,Jewish,18
תמר,M,Muslim,18
תמרה,F,Druze,18
חיכמאת,M,Druze,18
ים,F,Druze,18
סטאי,M,Jewish,18
גיז'רמו,M,Jewish,18
אלקעקאע,M,Muslim,18
עטה,F,Jewish,18
וובטו,M,Jewish,18
אוג'ני,F,Jewish,18
תאמם,F,Muslim,18
ברהני,M,Jewish,18
נורלין,F,Muslim,18
יואלי,M,Jewish,18
יודיטה,F,Jewish,18
איואן,M,Christian-Arab,18
איווי,F,Jewish,18
שייח'ה,F,Muslim,18
קרון,F,Jewish,18
קריג,M,Jewish,18
ברטי,F,Jewish,18
איינדיס,F,Jewish,18
רימונד,M,Christian-Arab,18
אמאיה,F,Jewish,18
מאמיה,F,Jewish,18
אזאנו,F,Jewish,18
יעקב-ישראל,M,Jewish,18
אלה,M,Jewish,18
רפאיל,M,Christian-Arab,18
טלי,M,Jewish,18
פהימה,F,Christian-Arab,18
פוזה,F,Muslim,18
דיאאלדין,M,Muslim,18
תיקוה,F,Jewish,18
מלישו,F,Jewish,18
תייה,F,Muslim,18
קריסתיאן,M,Christian-Arab,18
תוליב,F,Druze,18
תוליין,F,Muslim,18
שרול,F,Jewish,18
וואד,F,Muslim,18
סוהלה,F,Muslim,18
סוהם,F,Jewish,18
וועאד,F,Muslim,18
מטבי,M,Jewish,18
פסיא,F,Jewish,18
וורוניק,F,Jewish,18
מינו,M,Jewish,18
מרשד,M,Muslim,18
רימון,M,Druze,18
אמורה,F,Muslim,18
והבה,M,Druze,18
והבה,M,Muslim,18
גטה,F,Jewish,18
ז'וליט,F,Jewish,18
נרדוס,F,Jewish,18
רילאם,F,Muslim,18
רייסה,F,Jewish,18
אמילה,F,Muslim,18
בקרי,M,Muslim,18
מירות,F,Muslim,18
תימורה,F,Jewish,18
תינא,F,Muslim,18
זורה,F,Jewish,18
קטיה,F,Druze,18
כריסתין,F,Muslim,18
פואאד,M,Muslim,18
דיאן,M,Muslim,18
זוסיא,M,Jewish,18
בערל,M,Jewish,18
תורי,F,Jewish,18
פרנקה,F,Jewish,18
גזאצ'או,M,Jewish,18
סוהיל,F,Muslim,18
אלאן,M,Christian-Arab,18
מוג'הד,M,Muslim,18
אמיר,F,Jewish,18
אהרון-רוני,M,Jewish,18
דורין,F,Druze,18
ניגר,F,Jewish,18
מוריד,M,Muslim,18
איגי,M,Jewish,18
ראג'דה,F,Muslim,18
ראג'ה,F,Muslim,18
ראג'ח,M,Druze,18
נוראיה,F,Muslim,18
ראגד,M,Muslim,18
רידאן,M,Muslim,18
מודי,M,Muslim,18
מרצ'לו,M,Jewish,18
חג'אזי,M,Muslim,18
נסטסיה,F,Jewish,18
ייזן,M,Muslim,18
אנאטולי,M,Jewish,18
אנאי,F,Jewish,18
טלמון,M,Jewish,18
וג'דאן,F,Druze,18
וידיאן,F,Druze,18
סוליקו,F,Jewish,18
ננו,F,Jewish,18
ננט,F,Jewish,18
יקאבה,F,Jewish,18
רידא,M,Druze,18
אנג'אם,F,Druze,18
עינאא,F,Muslim,18
ואסף,M,Druze,18
נופרה,F,Druze,18
יואל,M,Muslim,18
איינור,F,Jewish,18
זידה,F,Druze,18
דונרה,F,Jewish,18
כרואן,F,Druze,18
ג'יאן,F,Muslim,18
דיאלא,F,Christian-Arab,18
דסלי,M,Jewish,18
נאשד,M,Druze,18
גרארד,M,Jewish,18
אנגלה,F,Christian-Arab,18
איתיאל,F,Jewish,18
מרעי,M,Druze,18
נועז,M,Jewish,18
שימשון,M,Jewish,18
סאהר,F,Christian-Arab,18
פזיה,F,Jewish,18
דוניס,F,Jewish,18
יוסיפה,F,Jewish,18
ראיה,F,Christian-Arab,18
בירקו,M,Jewish,18
בלאיינך,M,Jewish,18
מחפוזה,F,Muslim,18
מקבלה,F,Jewish,18
צבייה,F,Jewish,18
נביד,M,Jewish,18
אנהבל,F,Jewish,18
אנדרי,F,Jewish,18
וחטנג,M,Jewish,18
וחידה,F,Druze,18
וונדה,F,Jewish,18
מירן,F,Muslim,18
ראיף,M,Christian-Arab,18
ראיין,F,Muslim,18
ראין,F,Muslim,18
ביסאן,F,Christian-Arab,18
ראכז,M,Muslim,18
ג'יזל,F,Druze,18
מורסל,M,Muslim,18
חרמון,M,Jewish,18
מיכאילו,M,Jewish,18
לפיד,M,Jewish,18
אנט,F,Christian-Arab,18
נלידה,F,Jewish,18
גוליא,F,Christian-Arab,18
גולין,F,Muslim,18
צגה,F,Jewish,18
התאף,F,Muslim,18
אדם,F,Jewish,18
אדן,F,Jewish,18
תואר,F,Jewish,18
וילסון,M,Jewish,18
אילהי,M,Jewish,18
ניהד,F,Muslim,18
סופיקה,F,Jewish,18
בייה,F,Jewish,18
ירושלמית,F,Jewish,18
ירח,M,Jewish,18
גוליאנה,F,Jewish,18
עביד,M,Muslim,18
סוקינה,F,Muslim,18
מיטלי,F,Jewish,18
יחייא,M,Muslim,18
ביבי,F,Jewish,18
בטהה,F,Jewish,18
סרין,F,Jewish,18
איבתהאג',F,Muslim,18
קוצאי,M,Muslim,18
ג'לאא,M,Druze,18
איליאנה,F,Christian-Arab,18
סילביא,F,Christian-Arab,18
חנא,M,Jewish,18
עלייה,F,Jewish,18
אירי,F,Jewish,18
למאא,F,Muslim,18
נג'ואן,F,Druze,18
אנניה,F,Jewish,18
אנית,F,Jewish,18
ח'וזימה,F,Muslim,18
ראשל,F,Christian-Arab,18
מסימו,M,Jewish,18
כלארא,F,Christian-Arab,18
טאבי,F,Jewish,18
טאדילו,M,Jewish,18
בוני,M,Jewish,18
רונלדו,M,Jewish,18
רונן,M,Muslim,18
אסטפאן,M,Christian-Arab,18
לירין,F,Jewish,18
ירין,F,Christian-Arab,18
צופי,F,Jewish,18
ופה,F,Muslim,18
ופייה,F,Muslim,18
וצאל,F,Muslim,18
איקרם,F,Muslim,18
יגן,M,Jewish,18
בולסלב,M,Jewish,18
ג'נאט,F,Muslim,18
זינוביי,M,Jewish,18
מליך,M,Jewish,18
אילית,F,Jewish,18
עהאד,M,Muslim,18
בהגאת,M,Muslim,18
בהגה,F,Muslim,18
נייתן,M,Jewish,18
בדר,M,Christian-Arab,18
בדור,F,Druze,18
בביקר,M,Muslim,18
שהנדה,F,Muslim,18
וקאס,M,Muslim,18
מחבוב,M,Muslim,18
מזמור,F,Jewish,18
מרלן,M,Jewish,18
אסייה,F,Muslim,18
יוסף,F,Jewish,18
פיבל,M,Jewish,18
ג'ס,M,Jewish,18
מראם,M,Muslim,18
מרבת,F,Christian-Arab,18
סביה,F,Jewish,18
ויוליט,F,Christian-Arab,18
נהלא,F,Christian-Arab,18
איסמא,F,Muslim,18
אסעאף,F,Muslim,18
פלאי,F,Jewish,18
סטפי,F,Jewish,18
זקיר,M,Jewish,18
זנש,F,Jewish,18
רהא,F,Muslim,18
מלכית,F,Jewish,18
ג'רארד,M,Jewish,18
פטנה,M,Jewish,18
דומיניקה,F,Jewish,18
יועאד,F,Muslim,18
סנדקו,M,Jewish,18
שרן,F,Jewish,18
איסבלה,F,Jewish,18
רויטל,F,Muslim,18
לימור,F,Druze,18
תיאם,M,Muslim,18
גו,M,Jewish,18
ניקולי,M,Jewish,18
טשלה,M,Jewish,18
סדרא,F,Muslim,18
ויוט,F,Jewish,18
יבגן,M,Jewish,18
נתנה,F,Jewish,18
ג'ראר,M,Jewish,18
סיבו,F,Jewish,18
הודאל,M,Jewish,18
שדמה,F,Jewish,18
ליאנא,F,Christian-Arab,18
באגס,M,Muslim,18
באדרה,F,Druze,18
יאסמה,F,Muslim,18
אפנאן,M,Muslim,18
ישראלי,M,Jewish,18
פיתר,M,Christian-Arab,18
מוירה,F,Jewish,18
מלוכ,F,Druze,18
תמאם,M,Druze,18
תמאר,F,Christian-Arab,18
טרקין,M,Jewish,18
מראל,F,Christian-Arab,18
מראל,F,Muslim,18
פיטיגה,F,Jewish,18
אויס,M,Druze,18
זמי,M,Jewish,18
נגלה,F,Druze,18
פירחית,F,Jewish,18
גהאן,F,Druze,18
ע'זל,F,Druze,18
סיאח,M,Druze,18
זאזה,M,Jewish,18
זאירה,F,Jewish,18
אפקר,F,Muslim,18
אפראם,M,Christian-Arab,18
אפרתי,F,Jewish,18
סנדי,F,Druze,18
ענאדל,F,Muslim,18
כדרה,F,Muslim,18
כואכב,F,Muslim,18
כווסר,F,Muslim,18
ניסה,F,Jewish,18
ענבר,F,Muslim,18
הודיה,F,Muslim,18
זליחה,F,Druze,18
זלינה,F,Jewish,18
יושבה,M,Jewish,18
נתיב,F,Jewish,18
ארז,F,Jewish,18
ליילי,F,Jewish,18
חמד,F,Jewish,18
סגא,F,Druze,18
סגאר,M,Muslim,18
מריי,F,Jewish,18
אינג'וד,F,Muslim,18
אשבל,M,Jewish,18
קאטרין,F,Jewish,18
מזיין,F,Muslim,18
רובחי,M,Muslim,18
ארתחאב,F,Muslim,18
ארקיה,F,Muslim,18
ענאב,F,Druze,18
תאארה,F,Muslim,18
סנאיט,F,Jewish,18
רווה,F,Jewish,18
היילה,F,Jewish,18
היאת,F,Muslim,18
נדי,F,Jewish,18
ליהו,M,Jewish,18
ליהוד,F,Jewish,18
לידיסיה,F,Jewish,18
מילאנה,F,Christian-Arab,18
כבי,F,Jewish,18
עאדי,M,Muslim,18
דבורה-לאה,F,Jewish,18
ליון,M,Jewish,18
גאנדי,M,Muslim,18
גאנה,F,Jewish,18
ארם,M,Muslim,18
ארמו,M,Jewish,18
שג'ף,F,Muslim,18
אריאן,F,Muslim,18
תליא,F,Muslim,18
רנים,M,Christian-Arab,18
רנייה,F,Muslim,18
לאמיה,F,Muslim,18
סאלווה,F,Muslim,18
דילן,M,Druze,18
פהדי,M,Muslim,18
מדיין,M,Druze,18
אליזה,F,Druze,18
אבד,M,Muslim,18
סלבו,M,Jewish,17
מישלה,F,Jewish,17
תרות,F,Muslim,17
סלאבה,M,Jewish,17
אבה,M,Jewish,17
תרואת,M,Muslim,17
אלינעם,F,Jewish,17
גליל,M,Druze,17
אורלי,M,Jewish,17
מעאלי,F,Druze,17
מסרשאו,M,Jewish,17
נפך,F,Jewish,17
טגנש,F,Jewish,17
סורייה,F,Jewish,17
אליא,F,Muslim,17
אליאיר,M,Jewish,17
אליסאר,F,Christian-Arab,17
שטו,M,Jewish,17
זוהאד,F,Christian-Arab,17
אוקה,M,Jewish,17
אוקטאי,M,Jewish,17
ג'אדאללה,M,Muslim,17
ג'אדה,F,Christian-Arab,17
ינטא,F,Jewish,17
ינטי,F,Jewish,17
ינטפו,F,Jewish,17
גלדיס,F,Christian-Arab,17
ורוניקה,F,Muslim,17
שקדיה,F,Jewish,17
גבראן,M,Muslim,17
צעירה,F,Jewish,17
אינון,M,Jewish,17
רוביק,M,Jewish,17
אדנץ',F,Jewish,17
ששיטו,F,Jewish,17
שת,M,Jewish,17
אגניו,M,Jewish,17
ענאב,F,Muslim,17
נהא,F,Druze,17
ליוסיה,F,Jewish,17
כאמיליה,F,Muslim,17
גאנת,F,Muslim,17
צפייה,F,Muslim,17
גאלינה,F,Jewish,17
אוואב,M,Muslim,17
אוואיס,M,Muslim,17
הילל,F,Jewish,17
נהאיא,F,Muslim,17
טובל,F,Jewish,17
טאדלו,M,Jewish,17
זאן,F,Jewish,17
כדיה,F,Jewish,17
רובאן,F,Muslim,17
רובי,F,Muslim,17
אשוט,M,Jewish,17
הידי,F,Jewish,17
אריך,M,Jewish,17
רוואידה,F,Muslim,17
ארואד,F,Druze,17
נדיא,F,Muslim,17
שאריף,M,Muslim,17
עמד,M,Muslim,17
גבטה,F,Jewish,17
אודין,F,Jewish,17
סביר,M,Jewish,17
כהרמאן,F,Muslim,17
גאדי,M,Druze,17
גאון,M,Jewish,17
יאקות,F,Druze,17
מריטה,F,Christian-Arab,17
רוונק,F,Muslim,17
גד,M,Druze,17
גדה,F,Muslim,17
עבדרבה,M,Muslim,17
רוזה,M,Jewish,17
רוזט,F,Muslim,17
שפק,F,Muslim,17
רוחי,M,Christian-Arab,17
הלאא,F,Muslim,17
דוי,M,Jewish,17
דויט,M,Jewish,17
סאבא,F,Muslim,17
מילאגרוס,F,Christian-Arab,17
אוטרי,M,Jewish,17
אולביה,F,Jewish,17
נהוראי,F,Jewish,17
רוא,F,Druze,17
ליבית,F,Jewish,17
ליבנה,F,Muslim,17
אינאל,F,Muslim,17
זמרתיה,F,Jewish,17
אקלו,M,Jewish,17
גוברין,M,Muslim,17
גואדה,M,Jewish,17
רויי,M,Jewish,17
עלמיתו,F,Jewish,17
ויוליית,F,Christian-Arab,17
כורדיה,F,Muslim,17
ג'קסון,M,Jewish,17
זהאר,F,Muslim,17
עסריה,F,Muslim,17
עקל,M,Druze,17
אתיופיה,F,Jewish,17
נגיה,F,Jewish,17
אעתימאד,F,Muslim,17
רוטשילד,M,Jewish,17
ישראלית,F,Jewish,17
מייאס,F,Muslim,17
סהייב,M,Muslim,17
דאלידא,F,Muslim,17
גרר,M,Jewish,17
הלגה,F,Jewish,17
זקרייה,M,Muslim,17
תאימה,F,Muslim,17
רדא,F,Druze,17
קארל,M,Jewish,17
נילית,F,Jewish,17
סנדיאן,F,Muslim,17
באנצ'אמלק,F,Jewish,17
מונטהא,F,Muslim,17
מונטי,M,Jewish,17
אולגא,F,Christian-Arab,17
שאנל,F,Druze,17
רוידה,F,Christian-Arab,17
נג'לה,F,Christian-Arab,17
אסייה,M,Jewish,17
אסיל,M,Christian-Arab,17
אסואר,F,Muslim,17
ניללי,F,Muslim,17
ג'נטה,F,Jewish,17
מרבת,F,Druze,17
אימה,F,Jewish,17
הדאייה,F,Muslim,17
סונדוס,F,Druze,17
טזה,F,Jewish,17
טחיר,M,Jewish,17
אסקנדר,M,Christian-Arab,17
מרלי,F,Jewish,17
שאוקת,M,Muslim,17
ליני,F,Jewish,17
בווקט,M,Jewish,17
בוז'נה,F,Jewish,17
אברהם,M,Christian-Arab,17
מיריאן,F,Jewish,17
אילייה,M,Jewish,17
קוג'אן,M,Muslim,17
באשה,F,Jewish,17
רגיה,F,Muslim,17
שהדי,M,Muslim,17
רומל,M,Christian-Arab,17
איסתיר,F,Jewish,17
גוהר,F,Jewish,17
מוטקה,M,Jewish,17
מויזס,M,Jewish,17
איקה,M,Jewish,17
איקו,M,Jewish,17
האזאר,F,Muslim,17
נג'יבה,F,Druze,17
צהר,F,Jewish,17
זריפה,F,Jewish,17
סמיין,F,Jewish,17
מוחלס,M,Druze,17
רוסי,F,Jewish,17
ערפה,M,Muslim,17
לטי,F,Jewish,17
בוסאינה,F,Muslim,17
לטפי,M,Muslim,17
קווה,M,Jewish,17
ג'משיד,M,Jewish,17
ג'יסיקה,F,Christian-Arab,17
מיעאד,M,Muslim,17
מסי,F,Jewish,17
סואלי,F,Jewish,17
הנאדה,F,Muslim,17
מרסאל,F,Muslim,17
גוויל,F,Christian-Arab,17
טרוור,M,Jewish,17
טרוייה,F,Jewish,17
אנטל,F,Jewish,17
בז,M,Jewish,17
בחור,M,Jewish,17
יוסף-אסף,M,Jewish,17
סאגידה,F,Muslim,17
מורתדא,M,Muslim,17
שיפראו,M,Jewish,17
זוביידה,F,Muslim,17
ששה,F,Jewish,17
מנן,F,Jewish,17
טהני,F,Muslim,17
אירוינג,M,Jewish,17
מוחיאלדין,M,Muslim,17
מוופק,M,Christian-Arab,17
רשראש,M,Druze,17
הנדייה,F,Muslim,17
הנריטה,F,Jewish,17
ראפיף,F,Muslim,17
עתיה,F,Jewish,17
פאג'ר,F,Muslim,17
חנה-חן,F,Jewish,17
חנא,M,Muslim,17
שוטא,M,Jewish,17
מונתאסר,M,Muslim,17
טיבי,M,Jewish,17
עובייד,M,Muslim,17
גולי,F,Christian-Arab,17
הרשי,M,Jewish,17
טפליגה,F,Jewish,17
טקה,M,Jewish,17
הרבי,M,Jewish,17
הרון,M,Jewish,17
טורו,F,Jewish,17
בילגו,F,Jewish,17
בימראו,M,Jewish,17
ולי,F,Jewish,17
עגל,M,Muslim,17
ביטאו,M,Jewish,17
ראניא,F,Christian-Arab,17
לורינה,F,Jewish,17
מקוריאו,M,Jewish,17
מקטה,M,Jewish,17
הרטה,F,Jewish,17
גוסי,M,Muslim,17
לריסה,F,Muslim,17
אנדריה,M,Christian-Arab,17
עינת,F,Muslim,17
רשלה,F,Jewish,17
ראלי,F,Jewish,17
ביסט,M,Jewish,17
חפידה,F,Druze,17
סיגל,F,Muslim,17
לורט,F,Christian-Arab,17
ביכה,F,Muslim,17
מיכאי,M,Jewish,17
אוגן,M,Jewish,17
סלמאוויט,F,Jewish,17
אנטואנט,F,Jewish,17
סינאל,M,Muslim,17
אישתיאק,F,Muslim,17
ריא,F,Druze,17
אנדרגה,M,Jewish,17
אנדאלאו,M,Jewish,17
צ'קול,M,Jewish,17
אנגיל,F,Christian-Arab,17
מאג'ידה,F,Muslim,17
אודט,F,Christian-Arab,17
סניה,M,Jewish,17
טורן,F,Jewish,17
סאסי,F,Jewish,17
דרגה,M,Jewish,17
דוראר,M,Muslim,17
פטי,F,Jewish,17
שריטה,F,Jewish,17
טיילור,M,Jewish,17
גריב,M,Muslim,17
גורגיט,F,Jewish,17
ואלה,F,Muslim,17
עימרי,M,Jewish,17
מנהל,M,Christian-Arab,17
אנג'י,F,Druze,17
זיוי,F,Jewish,17
זיגו,M,Jewish,17
נופג'ה,F,Druze,17
לוליה,F,Muslim,17
בליין,F,Jewish,17
דעאס,M,Muslim,17
סאנע,F,Muslim,17
אבינט,F,Jewish,17
אביסף,M,Jewish,17
מוברק,M,Muslim,17
מאיסא,F,Christian-Arab,17
מאיק,M,Christian-Arab,17
איילין,F,Druze,17
סאדר,M,Muslim,17
שועיב,M,Muslim,17
לויד,M,Jewish,17
קתרינה,F,Jewish,17
ראהד,M,Muslim,17
לומה,F,Muslim,17
סלינא,F,Christian-Arab,17
יפעתי,F,Jewish,17
גוריון,M,Jewish,17
גורמי,M,Jewish,17
ייטי,F,Jewish,17
ריזה,F,Jewish,17
פניאל,F,Jewish,17
רייכל,F,Jewish,17
רפי,M,Christian-Arab,17
סלוואה,F,Muslim,17
סליאור,M,Jewish,17
חגילו,F,Jewish,17
מירונה,F,Jewish,17
ג'וליית,F,Muslim,17
עדאל,M,Jewish,17
עדיה,M,Jewish,17
לוטפיה,F,Christian-Arab,17
אדיבה,F,Christian-Arab,17
אדיל,M,Muslim,17
יפטוסרה,F,Jewish,17
מאייסה,F,Muslim,17
אלא,F,Jewish,17
גיבטה,F,Jewish,17
שלמית,F,Jewish,17
רינט,M,Jewish,17
דוריטה,F,Jewish,17
יונאן,M,Muslim,17
מלך,F,Muslim,17
קרינה,F,Christian-Arab,17
ברהום,M,Muslim,17
נוריין,F,Muslim,17
סוליאנה,F,Jewish,17
סוליימן,M,Jewish,17
מטווי,M,Jewish,17
וסיל,M,Jewish,17
אמזרי,M,Jewish,17
והאב,M,Muslim,17
פסה,F,Jewish,17
בריג'ט,F,Jewish,17
לואן,M,Jewish,17
נאהלה,F,Muslim,17
גנרייטה,F,Jewish,17
נסראלדין,M,Muslim,17
אלשד,M,Jewish,17
יודיתה,F,Jewish,17
קידיסט,F,Jewish,17
ברוש,M,Jewish,17
מופק,M,Druze,17
איימי,F,Druze,17
נאונילה,F,Jewish,17
נאוראי,M,Jewish,17
אמון,M,Jewish,17
מאניסה,F,Muslim,17
מאנל,F,Muslim,17
אלורה,F,Muslim,17
אבי-עד,M,Jewish,17
אורייט,F,Jewish,17
אוריל,M,Jewish,17
גניפר,F,Christian-Arab,17
ילין,M,Jewish,17
יישי,F,Jewish,17
אלקי,F,Jewish,17
אלמראו,M,Jewish,17
יוהנתן,M,Jewish,17
סאלין,F,Jewish,17
פדהצור,M,Jewish,17
מייאר,M,Muslim,17
סאידה,F,Christian-Arab,17
להלי,F,Jewish,17
קסאי,F,Jewish,17
אלחאן,F,Druze,17
נאגח,F,Muslim,17
ווטין,F,Muslim,17
סאיה,F,Muslim,17
לאה,F,Druze,17
חסי,F,Jewish,17
דללין,M,Jewish,17
יוהניס,M,Jewish,17
מארסיל,M,Muslim,17
אלנור,F,Jewish,17
סוזאנה,F,Muslim,17
גילאור,F,Jewish,17
גין,F,Christian-Arab,17
אושריה,F,Jewish,17
שמטוב,M,Jewish,17
עזרה,M,Jewish,17
אלחוסיין,M,Muslim,17
רסמיה,F,Christian-Arab,17
סלאף,F,Muslim,17
סיראן,F,Muslim,17
ווללאו,M,Jewish,17
עוסמן,M,Muslim,17
ספא,M,Muslim,17
ג'וזי,F,Jewish,17
שיבלי,M,Christian-Arab,17
רמאל,M,Jewish,17
גליל,M,Christian-Arab,17
אורל,F,Jewish,17
עופראן,F,Muslim,17
פרחית,F,Jewish,17
ימינה,F,Jewish,17
מהארן,M,Muslim,17
ימקיר,F,Jewish,17
מכארם,F,Muslim,17
סירינא,F,Muslim,17
פדלאללה,M,Druze,17
דילאן,F,Muslim,17
זוייה,F,Jewish,17
זוהייר,M,Druze,17
ספירית,F,Jewish,17
ג'ואל,F,Muslim,17
נטעיה,F,Jewish,17
איזל,M,Druze,17
דילאן,M,Druze,17
עזאם,M,Christian-Arab,17
מתן-חיים,M,Jewish,17
ימן,F,Muslim,17
ימנה,F,Muslim,17
מרייה,F,Jewish,17
שביב,M,Christian-Arab,17
ליזטה,F,Jewish,17
אבקילש,F,Jewish,17
חמאדי,M,Muslim,17
מדללה,F,Druze,17
מיקיילה,F,Jewish,17
תקיי,M,Muslim,17
רנדל,M,Jewish,17
חיביט,F,Jewish,17
ג'ד,M,Jewish,17
קלודיו,M,Jewish,17
ג'אפר,M,Muslim,17
פדוה,F,Druze,17
דייל,F,Jewish,17
אליזבט,F,Muslim,17
מל,M,Jewish,16
גמאר,F,Muslim,16
אליסבט,F,Jewish,16
אליסר,F,Druze,16
מתין,F,Muslim,16
מתילד,F,Jewish,16
שי-שלמה,M,Jewish,16
מוראם,F,Muslim,16
גמלה,F,Muslim,16
גלעד,F,Jewish,16
פרהנאז,F,Jewish,16
רמי,F,Jewish,16
עזיז,M,Druze,16
עזו,M,Muslim,16
טינטין,F,Jewish,16
חולוד,F,Christian-Arab,16
חולה,F,Druze,16
משוש,F,Jewish,16
עבאד,M,Muslim,16
זוהיירה,F,Muslim,16
ספי,M,Druze,16
פדור,M,Jewish,16
קלוד,F,Christian-Arab,16
קלודין,F,Muslim,16
תאניא,F,Christian-Arab,16
טירנית,F,Jewish,16
עורסאן,M,Christian-Arab,16
אלמאז,F,Jewish,16
רמדן,M,Muslim,16
ינסאו,F,Jewish,16
עבדאלחלים,M,Muslim,16
רמאח,F,Christian-Arab,16
אלמוש,F,Jewish,16
רכס,M,Jewish,16
רכאז,F,Muslim,16
ווטאן,F,Muslim,16
ווהבי,M,Muslim,16
טיראן,F,Jewish,16
טים,M,Muslim,16
גנה,M,Jewish,16
פרי-אל,F,Jewish,16
מהלט,F,Jewish,16
מישו,M,Jewish,16
אלזהרא,F,Muslim,16
טלאל,M,Christian-Arab,16
וואטין,F,Muslim,16
יסעור,M,Jewish,16
שמחו,M,Jewish,16
גילס,M,Jewish,16
נצאנט,F,Jewish,16
נצ'ו,M,Jewish,16
ווגר,M,Jewish,16
טל-אל,F,Jewish,16
שחרי,M,Jewish,16
אוסלין,F,Druze,16
ולאא,M,Muslim,16
איחלס,F,Muslim,16
מור-מרדכי,M,Jewish,16
קלקידן,M,Jewish,16
קלב,F,Jewish,16
ריצ'ארד,M,Christian-Arab,16
מארלא,F,Christian-Arab,16
אלסדיק,M,Muslim,16
נאדר,M,Jewish,16
ריצ'רד,M,Christian-Arab,16
ילין,F,Druze,16
סאכר,M,Muslim,16
קלרט,F,Jewish,16
קלרה,F,Muslim,16
שי,M,Muslim,16
אדגרד,M,Jewish,16
תחריד,F,Muslim,16
תורכייה,F,Muslim,16
אלול,M,Jewish,16
משאל,M,Jewish,16
ריסי,F,Jewish,16
ריסאן,M,Muslim,16
מארה,M,Jewish,16
מימי,F,Muslim,16
תאמים,M,Muslim,16
ווארד,M,Christian-Arab,16
וובסרה,F,Jewish,16
טלה,F,Muslim,16
וירגיניה,F,Jewish,16
ולה,F,Jewish,16
ולאדי,M,Jewish,16
שרהאן,F,Muslim,16
שראז,F,Muslim,16
יעל,F,Muslim,16
פריבורז,M,Jewish,16
גנעשא,F,Jewish,16
אבידר,M,Jewish,16
אביאסף,M,Jewish,16
טל-שחר,F,Jewish,16
וואלה,F,Muslim,16
מילן,M,Druze,16
אזה,F,Jewish,16
גיום,M,Jewish,16
אמוויש,F,Jewish,16
איזאק,M,Jewish,16
ג'והן,M,Jewish,16
איזרו,M,Jewish,16
אמור,M,Muslim,16
אמיל,F,Jewish,16
אמון,M,Muslim,16
אלבין,M,Jewish,16
תגסת,F,Jewish,16
טדפה,F,Jewish,16
אזנג,F,Jewish,16
מטיקה,F,Jewish,16
וופיקה,F,Muslim,16
סלוואן,F,Muslim,16
רפול,M,Jewish,16
רפאעי,M,Muslim,16
אמיתיי,M,Jewish,16
אמיליאן,M,Jewish,16
ג'וייס,F,Jewish,16
ג'ול,M,Jewish,16
ממי,F,Jewish,16
קנדי,F,Jewish,16
ברק,M,Muslim,16
אייבן,M,Jewish,16
אייאסו,M,Jewish,16
גזאלה,F,Christian-Arab,16
נסיל,F,Muslim,16
אורי-משה,M,Jewish,16
עיזאת,M,Druze,16
סוהם,F,Muslim,16
אמליה,F,Muslim,16
ריחן,F,Muslim,16
נאל,M,Jewish,16
מרק,M,Muslim,16
ריוה,F,Jewish,16
טמורי,M,Jewish,16
גושן,M,Jewish,16
יעקבה,F,Jewish,16
מיקאל,M,Muslim,16
מיראי,F,Jewish,16
פדוה,F,Christian-Arab,16
פדה,F,Druze,16
לאה-ליאת,F,Jewish,16
וג'וד,F,Muslim,16
אנא,F,Muslim,16
ייטב,F,Jewish,16
חואטו,M,Jewish,16
מטוקו,M,Jewish,16
עוטמאן,M,Muslim,16
עודאי,M,Christian-Arab,16
ואג'די,M,Muslim,16
אוגט,F,Jewish,16
איתן,F,Jewish,16
מיימנה,F,Muslim,16
מיימונה,F,Muslim,16
ניברט,M,Jewish,16
ברנדל,F,Jewish,16
נזהה,F,Druze,16
קסאיי,F,Jewish,16
אכלס,F,Muslim,16
ריאד',M,Muslim,16
ריאל,F,Muslim,16
מאג'יד,M,Muslim,16
אנגל,F,Christian-Arab,16
נרין,F,Jewish,16
נוריס,F,Muslim,16
קסם,M,Muslim,16
ברנדן,M,Jewish,16
אורי-אל,M,Jewish,16
יקתרינה,F,Jewish,16
צאלח,M,Jewish,16
רשדיה,F,Muslim,16
אבינועם,F,Jewish,16
איתיה,M,Jewish,16
מוהלל,M,Muslim,16
רחילה,F,Jewish,16
ואטין,F,Muslim,16
רחל-לאה,F,Jewish,16
גולני,M,Jewish,16
אחמד,F,Muslim,16
ניגיסט,F,Jewish,16
סידוניה,F,Jewish,16
דמיטרי,M,Christian-Arab,16
יואנה,F,Christian-Arab,16
דלה,F,Jewish,16
צ'קלה,M,Jewish,16
מרסיל,F,Druze,16
גויל,F,Christian-Arab,16
צדק,M,Jewish,16
צדיקה,F,Muslim,16
גולנורה,F,Jewish,16
צבריה,F,Muslim,16
רחב,F,Muslim,16
לרון,M,Jewish,16
אנטסר,F,Muslim,16
למעה,F,Muslim,16
סינאל,F,Druze,16
סינאם,F,Muslim,16
לנואל,F,Jewish,16
נברט,M,Jewish,16
פוז,F,Druze,16
יונאס,M,Jewish,16
שוקי,M,Christian-Arab,16
ברטינה,F,Jewish,16
נורמן,F,Muslim,16
סאלמי,F,Muslim,16
שייה,M,Jewish,16
הנרייט,F,Christian-Arab,16
גריר,M,Muslim,16
אחיעם,M,Jewish,16
ירושלם,F,Jewish,16
רות,F,Muslim,16
רז'ין,F,Jewish,16
ח'זנה,F,Druze,16
דמקץ',F,Jewish,16
אוסמאן,M,Muslim,16
קריסטופר,M,Jewish,16
ברהן,F,Jewish,16
קריס,M,Christian-Arab,16
זהירה,F,Jewish,16
עלאה,M,Muslim,16
טקקל,F,Jewish,16
טרונך,M,Jewish,16
טרודי,F,Jewish,16
סמדר,F,Druze,16
ניריה,M,Jewish,16
שלבה,M,Jewish,16
טאקלה,F,Jewish,16
תיאה,F,Christian-Arab,16
מיקלוש,M,Jewish,16
מספינט,M,Jewish,16
דאבה,F,Jewish,16
סלסבילה,F,Muslim,16
אג'ואד,M,Druze,16
מירבת,F,Druze,16
בראדלי,M,Jewish,16
לודויג,M,Jewish,16
בראנה,F,Jewish,16
סאמייה,F,Christian-Arab,16
אניס,M,Jewish,16
אנינה,F,Jewish,16
ללא,F,Jewish,16
עלאאדין,M,Muslim,16
עלואן,M,Muslim,16
דיאן,M,Jewish,16
כריסתינה,F,Christian-Arab,16
ג'וספין,F,Jewish,16
שרחביל,M,Muslim,16
אג'ואד,M,Muslim,16
ויאלטה,F,Jewish,16
איקבאל,F,Christian-Arab,16
איפתיסם,F,Muslim,16
מוטיע,M,Druze,16
ופיה,F,Druze,16
שפאעה,F,Muslim,16
פלה,F,Muslim,16
מוחרם,M,Muslim,16
אנתסר,F,Muslim,16
לירם,F,Jewish,16
אסגד,F,Jewish,16
אסטברק,F,Muslim,16
מרלן,F,Druze,16
כרין,F,Muslim,16
סאדן,F,Muslim,16
פורטון,F,Jewish,16
בסריון,M,Jewish,16
נוראלהודא,F,Muslim,16
סוסו,F,Muslim,16
גוהן,M,Jewish,16
רונאלד,M,Jewish,16
רון-אל,M,Jewish,16
תאימא,F,Muslim,16
טרלן,M,Jewish,16
סהל,M,Muslim,16
אביעם,M,Jewish,16
רומיאל,M,Jewish,16
כריסטין,F,Druze,16
שימון,M,Jewish,16
ג'ורג'יית,F,Christian-Arab,16
ז'רום,M,Jewish,16
צחלה,F,Jewish,16
סהארה,F,Muslim,16
עלמוורק,F,Jewish,16
מילגרוס,F,Jewish,16
מיליא,F,Druze,16
רולנדו,M,Jewish,16
לינל,F,Druze,16
אסמת,F,Muslim,16
אסמרץ,F,Jewish,16
נגוד,F,Druze,16
היסם,M,Druze,16
אסרסץ',F,Jewish,16
נגח,F,Muslim,16
יהעלם,M,Jewish,16
דניזה,F,Jewish,16
בנט,M,Jewish,16
ראודור,M,Jewish,16
גובראיל,M,Christian-Arab,16
גוד,M,Christian-Arab,16
גוהיינה,F,Muslim,16
לימור,M,Jewish,16
שאן,M,Jewish,16
איסו,M,Jewish,16
עלמצהיי,F,Jewish,16
ויטא,F,Jewish,16
סילס,M,Jewish,16
מלווינה,F,Jewish,16
יזבלה,F,Jewish,16
מועזז,F,Muslim,16
מועאוויה,M,Muslim,16
אבתיהאג',F,Druze,16
אבתהאג',F,Druze,16
מרטון,M,Jewish,16
שפיק,M,Jewish,16
מסעד,M,Druze,16
לים,F,Druze,16
ציצינו,F,Jewish,16
גדעאן,M,Druze,16
עמאדאלדין,M,Muslim,16
עלקי,F,Jewish,16
סגל,F,Jewish,16
הילת,F,Jewish,16
שאשיטו,F,Jewish,16
נגש,M,Jewish,16
ארגוואן,F,Muslim,16
דוריאנה,F,Jewish,16
קורל,F,Muslim,16
פח'ר,M,Muslim,16
ראוידה,F,Muslim,16
בנא,F,Muslim,16
יאווה,F,Jewish,16
תאויל,F,Muslim,16
פיסהה,M,Jewish,16
נתיבה,F,Jewish,16
יורית,F,Jewish,16
גברא,M,Christian-Arab,16
גבינש,F,Jewish,16
ארגואן,F,Druze,16
מרין,M,Jewish,16
עמיליה,F,Jewish,16
היכל,F,Jewish,16
אינדיה,F,Jewish,16
אינזה,F,Jewish,16
ליי,F,Jewish,16
מייקל,M,Muslim,16
ניעמת,F,Muslim,16
כאוסר,F,Druze,16
דבריטו,F,Jewish,16
רוהאן,F,Muslim,16
חמאמה,F,Muslim,16
תאג',F,Druze,16
אווילין,F,Jewish,16
סילין,F,Jewish,16
סיליה,F,Christian-Arab,16
ארטורו,M,Jewish,16
שבת,M,Jewish,16
מרילנה,F,Jewish,16
מומין,M,Muslim,16
גאלי,F,Jewish,16
סאהרה,F,Christian-Arab,16
זיידה,F,Muslim,16
כאמיליא,F,Muslim,16
רוד,M,Jewish,16
ליואא,M,Muslim,16
ארנסטינה,F,Jewish,16
ליוי,M,Jewish,16
סבסטיאן,M,Christian-Arab,16
פיליפה,M,Jewish,16
אגון,M,Jewish,16
מיראי,F,Muslim,16
שתוה,F,Muslim,16
ארש,M,Jewish,16
רובר,M,Jewish,16
רובנס,M,Jewish,16
אשגריה,M,Jewish,16
בירין,F,Muslim,16
ראינה,F,Jewish,16
שולום,M,Jewish,16
שוכריה,F,Muslim,16
מוסעד,M,Muslim,16
זייס,M,Jewish,16
מזייד,M,Muslim,16
אטינקוט,M,Jewish,16
נהד,F,Muslim,16
שגה,F,Jewish,16
אינאל,M,Muslim,16
איאל,M,Christian-Arab,16
קאסייה,F,Jewish,16
קאנאו,M,Jewish,16
הומא,F,Jewish,16
ענאיה,F,Christian-Arab,16
זלאלם,M,Jewish,16
זהרית,F,Jewish,16
זהרואן,F,Muslim,16
חשמה,F,Muslim,16
מורני,F,Jewish,16
ונוס,F,Jewish,16
ביסאל,F,Muslim,16
רואיידה,F,Muslim,16
ליב,F,Druze,16
אשרי,F,Jewish,16
רהפ,F,Muslim,16
מילאא,F,Muslim,16
פייאד,M,Muslim,16
אילאנה,F,Jewish,16
איכרם,F,Muslim,16
מריאה,F,Muslim,16
מוסטפא,M,Druze,16
טורל,M,Jewish,16
וילנה,F,Jewish,16
אומן,F,Muslim,16
איאר,F,Muslim,16
שיראן,F,Muslim,16
מראון,M,Muslim,16
עקרם,M,Muslim,16
טאובה,F,Muslim,16
אולה,F,Muslim,16
מוניב,M,Christian-Arab,16
באוקטו,M,Jewish,16
דולפין,F,Jewish,16
ניוה,F,Jewish,16
נווית,F,Jewish,16
דולין,F,Christian-Arab,16
נימאר,M,Druze,16
כיואן,M,Muslim,16
ג'רי,F,Jewish,16
סילוי,F,Jewish,16
זליק,M,Jewish,16
ויליאם,M,Muslim,16
סונדוס,F,Christian-Arab,16
שהין,M,Jewish,16
מזאל,F,Muslim,16
ג'סוב,M,Muslim,16
סאברה,F,Muslim,16
סאבר,M,Druze,16
בבו,M,Jewish,16
בבה,F,Jewish,16
נהרואן,F,Muslim,16
ג'מי,M,Jewish,16
איליאן,M,Jewish,16
ראסן,M,Muslim,16
ראפי,M,Christian-Arab,16
בידאא,F,Muslim,16
ראנייא,F,Muslim,16
בייה,M,Jewish,16
ג'נין,F,Muslim,16
קהרמאן,F,Muslim,16
ג'נט,F,Druze,16
ג'נה,F,Druze,16
כלאפו,M,Jewish,16
כיתאם,F,Muslim,16
שיקו,M,Jewish,16
ליאון,M,Christian-Arab,16
ג'יסלה,F,Jewish,16
סארין,F,Muslim,16
לי-עד,M,Jewish,16
האניה,F,Christian-Arab,16
בהאר,F,Muslim,16
בהאן,F,Muslim,16
אברהם-חיים,M,Jewish,16
זיסו,M,Jewish,16
מיידה,F,Muslim,16
ולים,M,Christian-Arab,16
ניטה,F,Jewish,16
כלסום,F,Muslim,16
ג'מיעה,F,Muslim,16
רבחה,F,Muslim,16
בונא,F,Jewish,16
בוכור,M,Jewish,16
יהאל,F,Jewish,16
פאדה,F,Muslim,16
מניסה,F,Muslim,16
בונה,F,Jewish,16
סנטיה,F,Jewish,16
אברון,M,Jewish,16
איליאנא,F,Muslim,16
אולנה,F,Muslim,16
קוסטנטין,M,Jewish,16
זהור,F,Christian-Arab,16
ג'ית,M,Druze,16
מריאל,M,Jewish,16
שווק,F,Muslim,16
מדיחה,F,Druze,16
שמעוני,M,Jewish,16
פרבין,F,Jewish,16
וולרי,F,Jewish,16
אליאנור,F,Jewish,16
מדיאן,M,Druze,16
מתאל,F,Muslim,16
מדלינה,F,Jewish,16
מכרם,F,Muslim,16
אבי,M,Christian-Arab,16
תרוות,M,Muslim,15
תפארה,F,Jewish,15
סלבטור,M,Jewish,15
חיות,F,Jewish,15
סלאווא,F,Jewish,15
מיתה,F,Druze,15
וונדמו,M,Jewish,15
שיהאב,M,Christian-Arab,15
שיבת,F,Jewish,15
קלבה,F,Jewish,15
אבוחי,M,Jewish,15
חזקאל,M,Jewish,15
חזאם,M,Muslim,15
סיתונית,F,Jewish,15
סורלה,F,Jewish,15
סורייה,F,Christian-Arab,15
עבדוללה,M,Muslim,15
גמרה,F,Jewish,15
אליציה,F,Jewish,15
מתן-משה,M,Jewish,15
דרלין,F,Jewish,15
ג'ים,M,Jewish,15
ג'לנאר,F,Muslim,15
רבה,F,Muslim,15
מריאמי,F,Jewish,15
ידידה,M,Jewish,15
אולינה,F,Jewish,15
לי,F,Christian-Arab,15
בוסתן,M,Jewish,15
סילבאן,M,Jewish,15
תכלת,M,Jewish,15
רמז,M,Muslim,15
סירג',M,Muslim,15
וונדים,M,Jewish,15
חופני,M,Jewish,15
רסלן,M,Muslim,15
עופרת,F,Jewish,15
חסניה,F,Muslim,15
ג'בל,M,Druze,15
פדלאללה,M,Muslim,15
נטאלי,F,Muslim,15
קלודין,F,Druze,15
גלעדי,M,Jewish,15
עבדאלפתאח,M,Muslim,15
עופר,M,Druze,15
עזריקם,M,Jewish,15
מיריי,F,Christian-Arab,15
זיק,M,Jewish,15
זימבול,F,Jewish,15
מונירה,F,Jewish,15
מסטוואל,M,Jewish,15
נייג'ל,M,Jewish,15
קודס,F,Muslim,15
בואדי,F,Muslim,15
רבית,F,Jewish,15
לי-אב,M,Jewish,15
ערוא,M,Druze,15
סבה,M,Jewish,15
עדריאל,M,Jewish,15
לי-מור,F,Jewish,15
בהיג',M,Christian-Arab,15
שהריאר,M,Jewish,15
שהראם,M,Jewish,15
אורסיו,M,Jewish,15
מעיופה,F,Muslim,15
פרח,F,Christian-Arab,15
נאג'ד,M,Muslim,15
רישה,F,Jewish,15
ג'ברא,M,Christian-Arab,15
ג'דעאן,M,Druze,15
לאורה,F,Christian-Arab,15
קיסר,M,Christian-Arab,15
תיסייר,M,Muslim,15
זויה,F,Christian-Arab,15
זוזט,F,Jewish,15
איבון,F,Druze,15
איברהים,M,Muslim,15
זהייה,F,Christian-Arab,15
זהיה,F,Christian-Arab,15
סאקר,M,Druze,15
האגוב,M,Christian-Arab,15
לי-דור,M,Jewish,15
ריתה,F,Jewish,15
מברוק,M,Muslim,15
גילאון,M,Jewish,15
גינאדי,M,Jewish,15
גיסון,M,Jewish,15
גינענדיל,F,Jewish,15
חוגי,M,Jewish,15
חוטר,M,Jewish,15
סיפן,F,Jewish,15
בטול,F,Muslim,15
נוהה,F,Christian-Arab,15
נוואל,F,Christian-Arab,15
קדר,M,Muslim,15
נילי,F,Druze,15
נילאי,F,Druze,15
ליאו,M,Muslim,15
שיפא,F,Druze,15
פריהוט,F,Jewish,15
נץ,M,Jewish,15
טל-חיים,M,Jewish,15
מנדר,F,Jewish,15
אהל,M,Jewish,15
יוכבת,F,Jewish,15
דילבר,F,Jewish,15
ולאה,F,Muslim,15
בדר,F,Christian-Arab,15
כלייר,F,Christian-Arab,15
ג'נבייב,F,Jewish,15
איליאן,F,Jewish,15
בטחה,F,Jewish,15
לאפי,M,Christian-Arab,15
אלענה,F,Jewish,15
נאדירה,F,Muslim,15
ריפעאת,M,Muslim,15
טגאו,M,Jewish,15
דייב,M,Muslim,15
סקיילר,F,Jewish,15
בשן,M,Jewish,15
בשירה,F,Muslim,15
לארין,F,Jewish,15
ג'אהן,F,Muslim,15
יסף,M,Jewish,15
זינש,F,Jewish,15
זינט,F,Jewish,15
זכריא,M,Christian-Arab,15
רגינה,F,Muslim,15
באסלה,F,Muslim,15
סונדיס,F,Muslim,15
עציונה,F,Jewish,15
שהירה,F,Christian-Arab,15
מהיב,M,Muslim,15
משב,M,Jewish,15
ריעאן,M,Druze,15
מינא,F,Christian-Arab,15
עטואה,M,Muslim,15
רינאל,F,Jewish,15
רינאד,M,Muslim,15
סיסיליה,F,Christian-Arab,15
גיוליה,F,Jewish,15
אור-חן,F,Jewish,15
פטאם,F,Muslim,15
כמר,F,Muslim,15
ג'קומו,M,Jewish,15
נילס,M,Jewish,15
סילוואן,F,Muslim,15
חסד,F,Jewish,15
ולריה,F,Christian-Arab,15
מייסא,F,Druze,15
קמיל,M,Christian-Arab,15
נסראללה,M,Christian-Arab,15
פריסה,F,Jewish,15
ז'אן,M,Christian-Arab,15
נצן,M,Jewish,15
תמרי,M,Jewish,15
סרקלם,F,Jewish,15
ג'ראח,M,Muslim,15
כורם,M,Jewish,15
פיקרה,F,Jewish,15
רדה,M,Muslim,15
סנדקה,M,Jewish,15
דונה,F,Christian-Arab,15
סופייה,F,Jewish,15
מאסטוול,F,Jewish,15
נאהיד,F,Jewish,15
עיאדה,F,Muslim,15
וואסם,M,Muslim,15
אלה-לי,F,Jewish,15
אלדמע,F,Jewish,15
מהראן,M,Jewish,15
אילושה,M,Jewish,15
וילן,M,Jewish,15
אדלין,F,Christian-Arab,15
אומנייה,F,Muslim,15
לורון,M,Jewish,15
בירגיט,F,Jewish,15
יאסמין,F,Jewish,15
אתמאר,F,Muslim,15
עפנאן,M,Muslim,15
אמאן,M,Muslim,15
גיאנה,F,Jewish,15
אזיז,M,Jewish,15
שמגר,M,Jewish,15
מערבי,M,Jewish,15
יעוז,M,Jewish,15
נוי,F,Muslim,15
בינם,M,Jewish,15
זמד,F,Jewish,15
נזלי,F,Jewish,15
ריממה,F,Jewish,15
מאלכה,F,Druze,15
מאלי,F,Muslim,15
אלגה,F,Jewish,15
חבקוק,M,Jewish,15
פסל,F,Jewish,15
נקדימון,M,Jewish,15
נסיים,F,Muslim,15
שלינה,F,Jewish,15
שלף,M,Jewish,15
עומר,F,Muslim,15
עומאיר,M,Muslim,15
טליע,M,Muslim,15
הוניידה,F,Muslim,15
סבינג',F,Jewish,15
זליח'ה,F,Druze,15
חמדן,M,Muslim,15
חצב,M,Jewish,15
חיל,F,Jewish,15
רפידה,F,Muslim,15
מאלא,F,Jewish,15
אמלקו,M,Jewish,15
מלקם,M,Jewish,15
גרדה,F,Jewish,15
עאשה,F,Muslim,15
ג'ויל,F,Druze,15
נוני,M,Jewish,15
נוני,F,Jewish,15
שולים,M,Jewish,15
זיינב,F,Jewish,15
שריד,M,Jewish,15
אטקילט,F,Jewish,15
אטנקוט,M,Jewish,15
גאלה,F,Druze,15
הונניאו,M,Jewish,15
נזילה,F,Muslim,15
לדיסיה,F,Jewish,15
קנדלה,F,Jewish,15
ברצ'קו,F,Jewish,15
סטיוון,M,Jewish,15
עיוש,F,Muslim,15
עייאשה,F,Muslim,15
עיזאת,M,Christian-Arab,15
מאיר,M,Muslim,15
ארסטה,F,Jewish,15
אשואג,F,Muslim,15
רובי,F,Christian-Arab,15
רובייר,M,Christian-Arab,15
רואנה,F,Jewish,15
מזגבו,M,Jewish,15
בירהן,M,Jewish,15
בלאינך,M,Jewish,15
פרנציסקה,F,Jewish,15
פרנז,F,Jewish,15
יוזה,M,Jewish,15
זוכרה,F,Jewish,15
זיו,M,Muslim,15
זיאנה,F,Muslim,15
סבליי,M,Jewish,15
ענברה,F,Muslim,15
שתיה,F,Muslim,15
דבינה,F,Jewish,15
פייט,F,Jewish,15
פיליף,M,Jewish,15
מנאלה,M,Jewish,15
רוגינא,F,Muslim,15
רוגין,F,Muslim,15
לאה,F,Christian-Arab,15
ג'וואד,M,Druze,15
אדיל,M,Druze,15
תורכי,M,Druze,15
אנאא,F,Muslim,15
יטייש,F,Jewish,15
פרשיד,M,Jewish,15
נסאף,F,Muslim,15
אביבי,M,Jewish,15
חאתם,F,Muslim,15
סינטיהו,F,Jewish,15
סאהרה,F,Druze,15
כנזי,F,Muslim,15
כפאח,F,Druze,15
גאשו,M,Jewish,15
גאקלין,F,Muslim,15
נהא,F,Christian-Arab,15
מוגוס,M,Jewish,15
אוביט,F,Jewish,15
עין,F,Jewish,15
ואכד,M,Muslim,15
ואכד,M,Druze,15
איתן,M,Druze,15
וז'ה,M,Jewish,15
פתייה,F,Muslim,15
שלביה,F,Jewish,15
רודשל,M,Jewish,15
רודין,M,Druze,15
מרייה,F,Muslim,15
גאלב,M,Christian-Arab,15
דוניז,F,Jewish,15
דוניאנא,F,Muslim,15
מקבול,M,Muslim,15
נס-לי,F,Jewish,15
גראח,M,Muslim,15
פנטאיה,F,Jewish,15
עיניה,F,Jewish,15
מייאר,F,Druze,15
מסוד,M,Jewish,15
ג'ולין,F,Jewish,15
מייאן,F,Muslim,15
אור-ים,M,Jewish,15
נדי,M,Jewish,15
ארואד,F,Muslim,15
רודיינה,F,Christian-Arab,15
ויין,M,Jewish,15
עהד,F,Druze,15
קייד,M,Muslim,15
רשביל,M,Jewish,15
רשאא,F,Muslim,15
אנג'לינה,F,Muslim,15
רחמים-רמי,M,Jewish,15
מאהה,F,Muslim,15
פלר,F,Jewish,15
בריה,F,Jewish,15
קראון,F,Muslim,15
ברייני,F,Jewish,15
ברנו,M,Jewish,15
סאי,F,Jewish,15
יולנדה,F,Christian-Arab,15
אור,M,Muslim,15
נרין,F,Druze,15
יטנברש,F,Jewish,15
גוסטאבו,M,Jewish,15
גוסון,F,Christian-Arab,15
און,F,Jewish,15
שרי,F,Muslim,15
מייסם,M,Christian-Arab,15
לוסיה,F,Christian-Arab,15
ראול,M,Muslim,15
ראחלה,F,Muslim,15
ניצחיה,F,Jewish,15
ניצוך,F,Jewish,15
סברי,M,Christian-Arab,15
עמיטל,M,Jewish,15
עמישדי,M,Jewish,15
היידן,M,Jewish,15
יאן,F,Druze,15
ליחי,F,Jewish,15
שון,M,Muslim,15
ראזק,M,Muslim,15
דסלן,M,Jewish,15
סאנה,F,Jewish,15
פתנה,F,Muslim,15
ריאה,F,Jewish,15
מאדי,F,Jewish,15
ריאאם,F,Muslim,15
רטיבה,F,Muslim,15
סלמנש,F,Jewish,15
נדאל,M,Muslim,15
דבלט,F,Jewish,15
עבוד,M,Christian-Arab,15
עבלה,F,Druze,15
שיריאל,F,Jewish,15
ארג'ואן,F,Druze,15
שבבאו,M,Jewish,15
שבא,F,Muslim,15
הזל,F,Jewish,15
אנדראו,M,Jewish,15
עינאיאת,F,Muslim,15
סוהייל,M,Druze,15
אנדריאס,M,Jewish,15
רשל,F,Christian-Arab,15
מחרז,M,Druze,15
מחפוד,M,Muslim,15
איווה,F,Muslim,15
ניהאד,F,Druze,15
קחבר,M,Jewish,15
ג'זיל,F,Christian-Arab,15
יאל,F,Jewish,15
אוהד,M,Druze,15
חמד,M,Jewish,15
ניגיאר,F,Jewish,15
סידר,F,Christian-Arab,15
חרות,M,Jewish,15
פגר,F,Muslim,15
דמיד,M,Jewish,15
דמטרי,M,Jewish,15
מחסנה,F,Druze,15
גוסיאן,F,Jewish,15
צ'ילוט,M,Jewish,15
עיראן,M,Druze,15
הרדוף,F,Jewish,15
שאפי,M,Muslim,15
שאשע,F,Jewish,15
אציק,M,Jewish,15
רוזיט,F,Jewish,15
אבנית,F,Jewish,15
פורת,F,Muslim,15
סודקי,M,Druze,15
רשיקה,F,Muslim,15
מוזיאן,F,Muslim,15
יראון,M,Jewish,15
יקיין,F,Muslim,15
ירבבו,F,Jewish,15
אנזליקה,F,Jewish,15
רחיל,F,Christian-Arab,15
נגיסטה,F,Jewish,15
אפתיחאר,F,Muslim,15
ישראל,F,Jewish,15
עאאד,M,Muslim,15
נשידה,F,Muslim,15
יזבלם,F,Jewish,15
סגל,M,Jewish,15
רזלן,F,Muslim,15
אנטואן,M,Jewish,15
סינאא,F,Muslim,15
חאפז,M,Druze,15
ג'ונייד,M,Druze,15
פודא,F,Muslim,15
יוהאניס,M,Jewish,15
שיילו,F,Jewish,15
אנחלה,F,Jewish,15
מנווא,F,Muslim,15
מנואר,M,Muslim,15
מיליסא,F,Christian-Arab,15
הנריקה,F,Jewish,15
מוזנא,F,Muslim,15
נופא,F,Muslim,15
אייתן,M,Jewish,15
מועאד,M,Druze,15
ססר,M,Jewish,15
איינור,F,Muslim,15
גברו,M,Jewish,15
יחזקל,M,Jewish,15
מיטל,F,Muslim,15
מקונט,M,Jewish,15
אניאלה,F,Jewish,15
למיא,F,Christian-Arab,15
לנדה,F,Jewish,15
דמלש,M,Jewish,15
אוסנאת,F,Muslim,15
אסתר-מלכה,F,Jewish,15
רויאם,F,Muslim,15
זעים,M,Muslim,15
זנטה,F,Jewish,15
טרקו,M,Jewish,15
עלמצהאיי,F,Jewish,15
חמאדה,F,Druze,15
אורגוואן,F,Muslim,15
לוני,F,Jewish,15
מנאהל,F,Druze,15
ברהני,F,Jewish,15
מלכות,F,Muslim,15
ג'ולן,M,Druze,15
מיננה,F,Muslim,15
ח'וריה,F,Muslim,15
חכאם,M,Muslim,15
סלמלק,M,Jewish,15
יהושע-שי,M,Jewish,15
פאי,F,Muslim,15
בנדיקט,M,Jewish,15
גוואנה,F,Muslim,15
תיאסיר,M,Muslim,15
ח'מיסה,F,Muslim,15
שלבי,F,Jewish,15
אד,M,Jewish,15
מלפיה,F,Jewish,15
לוזה,F,Jewish,15
בראק,M,Muslim,15
איריס,F,Muslim,15
אירינה,F,Christian-Arab,15
מרנה,F,Muslim,15
מוחמדין,M,Muslim,15
הנאה,F,Muslim,15
הנאדה,F,Druze,15
עלינא,F,Jewish,15
עוגן,F,Jewish,15
ולידה,F,Jewish,15
רולי,F,Jewish,15
סדקי,M,Muslim,15
ציורי,F,Jewish,15
איינהו,M,Jewish,15
איינה,F,Jewish,15
נג'וואן,F,Muslim,15
לית',M,Druze,15
רוסליה,F,Jewish,15
פלורידה,F,Jewish,15
טרפה,F,Jewish,15
מילגרוס,F,Christian-Arab,15
אסעיד,M,Muslim,15
סוריא,F,Christian-Arab,15
שפאא,F,Druze,15
אורגל,F,Jewish,15
צופיא,F,Muslim,15
צדיק,M,Muslim,15
ח'יזראן,F,Muslim,15
אנשראח,F,Christian-Arab,15
אנרם,F,Muslim,15
אסובלו,M,Jewish,15
רונה,M,Jewish,15
רונילי,F,Jewish,15
שאהין,M,Christian-Arab,15
נשאאת,M,Muslim,15
קטליה,F,Christian-Arab,15
פוריאל,F,Muslim,15
לוטוף,M,Christian-Arab,15
לוטפיה,F,Druze,15
שיך,M,Muslim,15
כפיה,F,Muslim,15
צח-יצחק,M,Jewish,15
נוראל,F,Jewish,15
עדינו,M,Jewish,15
סוסן,F,Druze,15
מזמור,M,Jewish,15
מחבה,F,Muslim,15
עבטאן,M,Muslim,15
מלודי,F,Christian-Arab,15
תאייר,M,Muslim,15
הלאל,F,Muslim,15
סימאר,M,Druze,15
רומא,M,Jewish,15
רומיאל,F,Jewish,15
רומיאו,M,Jewish,15
הליה,F,Jewish,15
פראת,M,Muslim,15
נפאל,F,Jewish,15
מלקות,F,Muslim,15
רנת,M,Jewish,15
ג'אניית,F,Muslim,15
שיאן,F,Jewish,15
שי-שמואל,M,Jewish,15
מוראן,F,Druze,15
שווקת,M,Muslim,15
אבבו,M,Jewish,15
מדינה,F,Muslim,15
מדיין,F,Muslim,15
רנט,F,Jewish,15
אליושה,M,Jewish,15
מתיל,F,Muslim,15
שמעיהו,M,Jewish,15
שמעי,M,Jewish,15
תפאחה,F,Muslim,14
אלייז'ה,M,Jewish,14
חיאל,M,Jewish,14
שמש,F,Muslim,14
אליזה,F,Christian-Arab,14
רן,M,Muslim,14
תרה,F,Jewish,14
תשרין,F,Druze,14
לאית',M,Muslim,14
מהאב,M,Muslim,14
מהאני,F,Druze,14
אליאט,F,Jewish,14
רבבה,F,Jewish,14
בזואייהו,F,Jewish,14
בז'נה,F,Jewish,14
ראשון,M,Jewish,14
רבחייה,F,Muslim,14
סבאר,M,Muslim,14
ערף,M,Muslim,14
שרלי,M,Christian-Arab,14
בוריסלבה,F,Jewish,14
רבו,M,Jewish,14
זינא,F,Druze,14
חנא,F,Muslim,14
חנה,M,Christian-Arab,14
אברך,M,Jewish,14
מגי,F,Christian-Arab,14
עזה,F,Jewish,14
בניה,F,Jewish,14
בנין,M,Jewish,14
ראגי,M,Christian-Arab,14
ראדיה,F,Druze,14
ראביה,F,Muslim,14
ראבי,M,Muslim,14
שועאע,M,Muslim,14
ג'ורג'יט,F,Christian-Arab,14
זאד,F,Muslim,14
ז'ראר,M,Jewish,14
צחור,M,Jewish,14
קתיבה,M,Muslim,14
בסיל,M,Druze,14
בסמללה,F,Muslim,14
בסמאן,M,Muslim,14
אטהון,F,Jewish,14
סמארה,F,Druze,14
ח'אולה,F,Christian-Arab,14
זרמה,F,Jewish,14
ח'ייריה,F,Muslim,14
מיטא,F,Jewish,14
גוליאן,F,Jewish,14
שאוגי,M,Muslim,14
אסטילה,F,Jewish,14
מרלין,M,Jewish,14
שאים,M,Druze,14
דאלה,F,Muslim,14
דאלאל,F,Muslim,14
נשואן,F,Druze,14
דארה,F,Jewish,14
שירין,M,Jewish,14
מרטה,F,Christian-Arab,14
נג'י,M,Muslim,14
נג'וה,F,Christian-Arab,14
איקי,M,Jewish,14
נרלי,F,Jewish,14
פיריאל,F,Druze,14
דאמן,M,Muslim,14
דאמן,M,Druze,14
סהארה,F,Druze,14
אסנאת,F,Muslim,14
רומא,F,Muslim,14
אסעאף,F,Druze,14
שאמל,M,Druze,14
מוכרם,M,Muslim,14
אסראה,F,Muslim,14
נגוא,F,Christian-Arab,14
חליל,M,Jewish,14
סדל,F,Muslim,14
רוכן,M,Druze,14
אסרר,F,Muslim,14
נגט,M,Jewish,14
אעמר,M,Muslim,14
גואן,F,Christian-Arab,14
אדיסלם,F,Jewish,14
כריסטו,M,Christian-Arab,14
קטלה,M,Jewish,14
ג'ורג'י,M,Jewish,14
ג'ורג',M,Muslim,14
קטרין,F,Druze,14
סוסאנה,F,Jewish,14
מייסר,M,Muslim,14
שרחה,F,Druze,14
זורה,M,Jewish,14
תיריזא,F,Christian-Arab,14
בקה,F,Jewish,14
קרלין,F,Jewish,14
בראד,M,Jewish,14
בראאה,M,Druze,14
קרסטינה,F,Christian-Arab,14
נוריה,M,Jewish,14
דנבולו,F,Jewish,14
אנסטסיה,F,Christian-Arab,14
הנא,F,Jewish,14
טרוב,F,Muslim,14
רולי,M,Jewish,14
וידאד,F,Christian-Arab,14
אדריאנו,M,Christian-Arab,14
אדראג'ו,M,Jewish,14
עלמנאו,M,Jewish,14
פאטום,F,Muslim,14
דסאש,F,Jewish,14
דסאלן,M,Jewish,14
דנסה,F,Jewish,14
ראדו,M,Jewish,14
בנדר,F,Muslim,14
ציסנה,F,Jewish,14
ציבי,F,Jewish,14
גואנה,F,Druze,14
נירו,M,Jewish,14
ח'תאם,F,Druze,14
גוטע,F,Jewish,14
ז'ולייטה,F,Jewish,14
עאכף,M,Muslim,14
שכרי,M,Muslim,14
מיחאי,M,Jewish,14
אסתרינה,F,Jewish,14
איסאר,M,Muslim,14
יאבגני,M,Jewish,14
אהדא,F,Muslim,14
חלידה,F,Jewish,14
סמניש,F,Jewish,14
יזאק,M,Jewish,14
מיסלון,F,Druze,14
ברה,F,Jewish,14
לוג'יאן,F,Muslim,14
מנג'ד,M,Muslim,14
מינצא,F,Jewish,14
טרוי,M,Jewish,14
ח'ולה,F,Druze,14
חכים,M,Druze,14
בניאמין,M,Muslim,14
מועטאז,M,Muslim,14
אבשג,F,Jewish,14
סיימור,M,Jewish,14
אוראליה,F,Jewish,14
ישמבט,F,Jewish,14
גברי,M,Muslim,14
גדפאו,M,Jewish,14
גואן,M,Christian-Arab,14
אנטיסאר,F,Muslim,14
אניבל,M,Jewish,14
רושדיה,F,Druze,14
רותי,F,Druze,14
ח'יזראן,F,Druze,14
טיבבו,M,Jewish,14
אהוד,F,Muslim,14
דמלאו,M,Jewish,14
סלמאן,M,Druze,14
חאלוד,F,Muslim,14
חים,M,Jewish,14
איימאר,M,Druze,14
שוקרייה,F,Muslim,14
איילן,F,Muslim,14
דיראר,M,Muslim,14
איוונה,F,Muslim,14
מיליסה,F,Christian-Arab,14
אוגני,F,Jewish,14
הנריית,F,Christian-Arab,14
סובח,M,Muslim,14
אירסיל,M,Jewish,14
אירוין,M,Jewish,14
אייתן,F,Muslim,14
איירי,M,Jewish,14
ירדאו,M,Jewish,14
רחיב,M,Druze,14
לקץ',F,Jewish,14
לילק,F,Druze,14
אפרתה,F,Jewish,14
ליליאנה,F,Christian-Arab,14
מילדה,F,Jewish,14
אודיה,M,Jewish,14
ע'ראם,F,Muslim,14
טאיו,M,Jewish,14
גדם,F,Jewish,14
יאיל,M,Druze,14
אנדרס,M,Christian-Arab,14
רזקאללה,M,Muslim,14
חכימה,F,Muslim,14
חאמזי,M,Muslim,14
פלי,M,Jewish,14
עמיאלה,F,Jewish,14
הילן,F,Christian-Arab,14
רוחיה,F,Druze,14
שארי,F,Jewish,14
רוזנה,F,Muslim,14
רוזאנה,F,Jewish,14
סמרא,F,Muslim,14
יאזאן,M,Muslim,14
יאור,M,Jewish,14
דורותה,F,Jewish,14
איתהאל,F,Jewish,14
רתיב,M,Muslim,14
אישי,M,Jewish,14
צגרדה,F,Jewish,14
צגאנש,F,Jewish,14
אחמד,M,Jewish,14
אחמאד,M,Muslim,14
דורוטי,F,Jewish,14
ג'יאהד,M,Muslim,14
ג'זאלה,F,Muslim,14
קורט,M,Jewish,14
ראובת,F,Jewish,14
בנאן,F,Druze,14
יאלמוורק,F,Jewish,14
יאלו,M,Jewish,14
חמדאלה,M,Muslim,14
זממו,F,Jewish,14
ניגוסה,M,Jewish,14
כרמל,F,Christian-Arab,14
סידי,F,Jewish,14
פבריציו,M,Jewish,14
מירצ'ה,M,Jewish,14
מוואדה,F,Muslim,14
רשלין,F,Jewish,14
שירי,M,Jewish,14
גבייהו,M,Jewish,14
ארבין,M,Jewish,14
לייזה,F,Jewish,14
ליידי,F,Jewish,14
מרין,F,Druze,14
מוללין,M,Jewish,14
עינאד,M,Druze,14
סוהיילה,F,Druze,14
עינר,M,Jewish,14
אנדריאנה,F,Jewish,14
הניה,F,Christian-Arab,14
אחסו,F,Jewish,14
כאיד,M,Christian-Arab,14
גבייאו,M,Jewish,14
מחאמד,M,Muslim,14
היוות,F,Jewish,14
אינז,F,Jewish,14
ליטב,F,Jewish,14
לייאן,F,Jewish,14
כאיס,M,Muslim,14
שומרי,M,Jewish,14
גונל,F,Jewish,14
נמיר,M,Jewish,14
צ'אד,M,Jewish,14
אנדלו,M,Jewish,14
רשד,M,Muslim,14
סלנה,F,Jewish,14
אביגל,M,Jewish,14
אכתמאל,F,Muslim,14
מרסלין,F,Muslim,14
רשאד,M,Christian-Arab,14
ריאן,F,Druze,14
דניאלי,M,Jewish,14
בריטו,F,Jewish,14
נז'אח,F,Muslim,14
לואל,M,Jewish,14
קרה,F,Jewish,14
ברין,F,Muslim,14
שעלאן,M,Druze,14
בליהון,M,Jewish,14
לוסיאן,M,Christian-Arab,14
נועם,F,Druze,14
ראחיק,F,Muslim,14
גאלה,F,Muslim,14
עינם,F,Jewish,14
קייסר,M,Christian-Arab,14
ג'וליטה,F,Jewish,14
כרמלי,F,Jewish,14
מזנה,F,Muslim,14
ארטמיי,M,Jewish,14
ליזא,F,Christian-Arab,14
נדימה,F,Christian-Arab,14
ארייה,M,Jewish,14
סנאייט,F,Jewish,14
וייצ'סלב,M,Jewish,14
עמשה,F,Muslim,14
הזר,F,Muslim,14
נזיהא,F,Druze,14
שוריק,M,Jewish,14
סעידה,F,Druze,14
גוסלין,F,Christian-Arab,14
אחיאב,M,Jewish,14
נדינה,F,Jewish,14
שבלי,M,Muslim,14
אינדיס,F,Jewish,14
מריים,F,Jewish,14
גאנט,F,Jewish,14
כארם,M,Druze,14
כארין,F,Muslim,14
גבאר,M,Muslim,14
סאדיק,M,Muslim,14
דורו,M,Jewish,14
נסאיים,F,Muslim,14
פנטאי,F,Jewish,14
עוודה,M,Muslim,14
סולמאן,M,Muslim,14
חואא,F,Muslim,14
כפאיא,F,Muslim,14
פאוז,F,Muslim,14
יהאלי,F,Jewish,14
סאף,M,Muslim,14
ויקטור,M,Muslim,14
סיירה,F,Jewish,14
ססילי,F,Jewish,14
גאסן,M,Muslim,14
ליוניל,M,Christian-Arab,14
ליויו,M,Jewish,14
מוגירה,M,Muslim,14
מנהל,M,Druze,14
ואילה,F,Muslim,14
נאסיף,M,Druze,14
אנגאו,M,Jewish,14
ואקד,M,Muslim,14
ואפד,M,Druze,14
טלמה,F,Jewish,14
טמיר,F,Jewish,14
אנאור,M,Muslim,14
אנאאל,F,Jewish,14
אלאי,M,Jewish,14
מלאת,F,Jewish,14
פנואל,M,Jewish,14
יטברק,M,Jewish,14
ייגור,M,Jewish,14
צ'ומה,F,Jewish,14
צ'אלאצ'או,M,Jewish,14
נסאל,M,Jewish,14
אביו,M,Jewish,14
סלינה,F,Druze,14
יוחים,M,Jewish,14
פדי,M,Jewish,14
סיוור,F,Muslim,14
אייהו,M,Jewish,14
אייהאם,M,Muslim,14
יאסיר,M,Muslim,14
וסיפה,F,Muslim,14
סורה,F,Jewish,14
דדו,M,Jewish,14
אגר,F,Jewish,14
אגזאו,M,Jewish,14
אגמית,F,Jewish,14
איידן,F,Jewish,14
קינדה,F,Christian-Arab,14
מיראג,F,Muslim,14
אדיל,M,Jewish,14
אורחן,F,Jewish,14
אהרוני,M,Jewish,14
אמלמאל,F,Jewish,14
ארקם,M,Muslim,14
ארקיהון,M,Jewish,14
ארסלן,M,Jewish,14
אש,M,Jewish,14
רואעה,F,Muslim,14
מזין,F,Muslim,14
נוין,F,Christian-Arab,14
בכרי,M,Muslim,14
נאירוז,F,Muslim,14
אלאמר,F,Jewish,14
מאייר,M,Jewish,14
אמר,M,Jewish,14
טמרט,M,Jewish,14
רייצה,F,Jewish,14
עיאת,F,Muslim,14
ז'וזה,M,Jewish,14
ג'וזף,M,Druze,14
מיק,M,Jewish,14
דרו,M,Jewish,14
קאוטר,F,Muslim,14
טאטיינה,F,Jewish,14
ונסה,F,Muslim,14
אינג'י,F,Jewish,14
שדה,F,Jewish,14
ג'רמיה,M,Jewish,14
נזיר,M,Christian-Arab,14
שחלה,F,Jewish,14
סטיי,M,Jewish,14
נסים,F,Druze,14
טהאר,M,Muslim,14
מטאוע,M,Muslim,14
קאסיה,F,Jewish,14
כאתרינה,F,Christian-Arab,14
כוות'ר,F,Muslim,14
קאמילה,F,Jewish,14
קאמי,M,Jewish,14
סבירה,F,Jewish,14
סנדרה,F,Druze,14
סראי,F,Muslim,14
זוהאר,M,Muslim,14
מרגה,F,Jewish,14
ג'ילבר,M,Jewish,14
חווא,F,Muslim,14
רייחן,F,Jewish,14
אמיני,F,Muslim,14
ג'ודה,M,Muslim,14
שיבלי,M,Druze,14
איזבלה,F,Christian-Arab,14
שייאל,F,Jewish,14
שיח'ה,F,Druze,14
ג'וי,M,Christian-Arab,14
אייאנאו,M,Jewish,14
מוצטפה,M,Muslim,14
ברקן,F,Jewish,14
קנאנה,F,Muslim,14
רימן,F,Muslim,14
אמגאד,F,Muslim,14
אמחמד,M,Muslim,14
רים,F,Jewish,14
פסיל,F,Jewish,14
נקאא,F,Muslim,14
אמואג,F,Muslim,14
ספי,M,Muslim,14
כתרין,F,Muslim,14
ג'יי,F,Jewish,14
נוחם,M,Jewish,14
בילאר,F,Druze,14
זמינה,F,Jewish,14
זמורד,F,Druze,14
רואאיה,F,Muslim,14
ת'אבת,M,Druze,14
פייביש,M,Jewish,14
יוסר,M,Muslim,14
יוספי,M,Jewish,14
דוהא,F,Muslim,14
פידאה,F,Muslim,14
ביאטריסה,F,Jewish,14
מואב,M,Muslim,14
אמג'אד,F,Muslim,14
ביל,M,Jewish,14
אדמס,M,Jewish,14
שיראן,F,Jewish,14
ענר,F,Jewish,14
אתי-אסתר,F,Jewish,14
הובא,F,Muslim,14
מלכיה,F,Jewish,14
נסיר,M,Druze,14
גטנת,M,Jewish,14
פרלין,F,Jewish,14
אזדהר,F,Muslim,14
גיונאי,F,Jewish,14
אמאן,F,Druze,14
אמבצ'או,M,Jewish,14
גנענדל,F,Jewish,14
זהא,F,Muslim,14
זבלו,M,Jewish,14
זביידה,F,Muslim,14
נינת,F,Jewish,14
באייש,F,Jewish,14
נהיל,M,Muslim,14
זינאש,F,Jewish,14
פטפט,F,Jewish,14
מאסאל,F,Muslim,14
אמאליה,F,Muslim,14
אלהן,M,Jewish,14
עטף,F,Muslim,14
טליא,F,Jewish,14
עטרשאן,F,Druze,14
אודאל,M,Jewish,14
טוודרוס,M,Jewish,14
אור-דוד,M,Jewish,14
פחר,M,Muslim,14
פח'רייה,F,Muslim,14
ניהיא,F,Muslim,14
ג'ימי,M,Muslim,14
ניווין,F,Druze,14
ביזונש,F,Jewish,14
לורדנה,F,Jewish,14
לוריאל,F,Jewish,14
ולא,F,Christian-Arab,14
עדה,F,Muslim,14
ספידה,F,Jewish,14
קלתום,F,Muslim,14
שרא,F,Muslim,14
גיליל,M,Jewish,14
אלוינה,F,Jewish,14
סילוה,F,Jewish,14
באסמלה,F,Muslim,14
רדאי,M,Jewish,14
וילהלם,M,Jewish,14
וייצמן,M,Jewish,14
עדלי,M,Jewish,14
רדואן,M,Christian-Arab,14
באנצ'יגזה,F,Jewish,14
ריסאם,F,Druze,14
אמאליא,F,Muslim,14
אם,F,Muslim,14
מארי,F,Druze,14
גייא,M,Jewish,14
קמר,M,Muslim,14
ספוואן,M,Muslim,14
קלימנטי,M,Jewish,14
מאשי,F,Jewish,14
אלפטינה,F,Jewish,14
מארייא,F,Muslim,14
רישאר,M,Jewish,14
מאריס,F,Muslim,14
אלונה,F,Muslim,14
סאייד,M,Muslim,14
דיוה,F,Jewish,14
סיה,F,Jewish,14
קלריטה,F,Jewish,14
ג'אודת,M,Christian-Arab,14
שטערנה,F,Jewish,14
טג'ו,M,Jewish,14
אדברד,M,Jewish,14
תורקי,M,Muslim,14
אלפא,F,Jewish,14
דיליארה,F,Jewish,14
מרבין,M,Jewish,14
מושקה,F,Jewish,14
ג'ני,F,Christian-Arab,14
ג'נת,F,Muslim,14
שהלה,F,Muslim,14
בבי,M,Jewish,14
ליאונורה,F,Jewish,14
בהאא,F,Christian-Arab,14
בדרי,M,Muslim,14
ביאדגלין,M,Jewish,14
ראפע,M,Christian-Arab,14
מוקיד,M,Muslim,14
איזדהר,F,Muslim,14
קלמו,M,Jewish,14
מלאני,F,Christian-Arab,14
חוסאן,M,Muslim,14
ראפי,M,Druze,14
ביהאן,F,Muslim,14
ראפאת,M,Druze,14
נילאן,F,Druze,14
רג'אא,F,Christian-Arab,14
רג'אא,M,Muslim,14
בהגאת,M,Druze,14
קוסטיה,M,Jewish,14
אזאוונט,F,Jewish,14
שמוך,F,Muslim,14
אושיר,M,Jewish,14
גילה,F,Muslim,14
גין,M,Jewish,14
מנדריה,F,Jewish,14
ריתה,F,Muslim,14
וויאן,F,Jewish,14
איבה,F,Muslim,14
דריס,M,Muslim,14
פאדיא,F,Muslim,14
פאדיא,F,Christian-Arab,14
האדיה,F,Druze,14
האבטו,M,Jewish,14
בהג'ה,F,Druze,14
ליאא,F,Muslim,14
בהאי,M,Muslim,14
סולומיה,F,Jewish,14
סולו,M,Jewish,14
פקרו,M,Jewish,14
גנאם,M,Muslim,14
גנאל,F,Jewish,14
רמה,F,Druze,14
נאאיל,M,Muslim,14
אורפל,F,Jewish,14
פרומיט,F,Jewish,14
רכאן,M,Druze,14
אלמזן,F,Muslim,14
רלי,M,Jewish,14
ג'דוע,M,Muslim,14
קלארא,F,Christian-Arab,14
ג'וג'ו,M,Jewish,14
ג'והר,F,Muslim,14
תינה,F,Muslim,14
תינה,F,Jewish,14
מסגנו,M,Jewish,14
זוהרי,F,Jewish,14
ספניה,M,Jewish,14
אילין,M,Jewish,14
ניחה,F,Jewish,14
ג'מרה,M,Jewish,14
נואר,F,Christian-Arab,14
רבי,F,Jewish,14
שרת,M,Jewish,14
שרף,M,Druze,14
הבטה,F,Jewish,14
הבאת,F,Muslim,14
האימאנוט,F,Jewish,14
וילים,M,Christian-Arab,14
לי-נס,F,Jewish,14
בהיה,F,Christian-Arab,14
בהיג',M,Druze,14
וולדה,M,Jewish,14
אלמאז,F,Muslim,14
סירג',F,Muslim,14
חיזראן,F,Muslim,14
חווה,F,Muslim,14
מהדר,F,Jewish,14
טגן,M,Jewish,14
וקטוריה,F,Christian-Arab,14
ספירו,M,Christian-Arab,14
קלייר,F,Christian-Arab,14
פדילה,F,Druze,14
פהדה,F,Druze,14
סאלח,M,Jewish,14
סאלוה,F,Muslim,14
ורד,M,Jewish,14
תג'ויד,F,Muslim,14
עותניאל,M,Jewish,14
אילינה,F,Christian-Arab,14
אליאנה,F,Druze,14
מיתאל,F,Muslim,14
אבובאקר,M,Muslim,14
חטאם,F,Muslim,14
אבאנוב,M,Christian-Arab,14
אלייאן,F,Jewish,14
מורגאן,M,Muslim,14
סכות,F,Druze,14
טגנייה,M,Jewish,14
שווכת,M,Muslim,14
קוראל,F,Druze,14
ג'יסיכא,F,Christian-Arab,14
טאבע,F,Jewish,14
מושאיל,M,Jewish,14
ג'לאן,F,Muslim,14
אור-יוסף,M,Jewish,14
מזלטוב,F,Jewish,14
איעתידאל,F,Muslim,14
נגאח,F,Christian-Arab,14
מלווין,M,Jewish,14
אביץ',M,Jewish,14
מנון,F,Jewish,14
סהיר,F,Christian-Arab,14
היתאף,F,Muslim,14
חליל,M,Muslim,14
הליין,F,Jewish,14
הלייל,M,Muslim,14
אגרו,M,Jewish,14
ראג'א,F,Muslim,14
פרגה,F,Muslim,14
אליזבתה,F,Jewish,14
מגנניה,F,Jewish,14
חבה,F,Jewish,13
חיראללה,M,Muslim,13
חאמד,M,Druze,13
סלמאן,M,Jewish,13
סלסו,M,Jewish,13
רסילה,F,Muslim,13
אלינה,F,Christian-Arab,13
רמירו,M,Jewish,13
חלאם,F,Muslim,13
סמאין,M,Jewish,13
סמאת,F,Muslim,13
חלימי,F,Muslim,13
סימון,F,Muslim,13
סמואל,M,Druze,13
אביק,M,Jewish,13
אבילינה,F,Jewish,13
מלורי,F,Jewish,13
נאג'ד,F,Muslim,13
אלמיהו,M,Jewish,13
אלמנו,M,Jewish,13
מג'דיה,F,Muslim,13
מג'ד,F,Christian-Arab,13
אלמונתסר,M,Muslim,13
רמאז,F,Muslim,13
מגדאד,M,Muslim,13
אלחביב,M,Muslim,13
אלחוסין,M,Muslim,13
מהד,M,Muslim,13
חלי-רחל,F,Jewish,13
זניה,F,Jewish,13
סמיהן,F,Muslim,13
סילנאט,F,Jewish,13
זנאו,M,Jewish,13
זנב,F,Muslim,13
מירלא,F,Jewish,13
תלי,F,Jewish,13
ריפאל,F,Muslim,13
ריפקה,F,Muslim,13
אלפארוק,M,Muslim,13
ריקי-רבקה,F,Jewish,13
מאריתא,F,Muslim,13
אלזבט,F,Jewish,13
רע'ד,F,Druze,13
מהירה,F,Druze,13
מהנא,M,Christian-Arab,13
מבארק,M,Muslim,13
אלן,F,Druze,13
סמרוויט,F,Jewish,13
חמי,F,Jewish,13
חמידאן,M,Muslim,13
סילווה,F,Jewish,13
סילונה,F,Jewish,13
סנז,F,Jewish,13
זישא,M,Jewish,13
מיריה,F,Jewish,13
מליכה,F,Jewish,13
תלאא,F,Muslim,13
רינאת,F,Druze,13
מאקה,F,Jewish,13
רינאד,M,Druze,13
אמאלי,F,Muslim,13
אלוליד,M,Muslim,13
רעננה,F,Jewish,13
תלאוה,F,Muslim,13
זיין,F,Druze,13
זיינאלדין,M,Muslim,13
ססקיה,F,Jewish,13
סעאד,M,Muslim,13
אבתיהאג,F,Muslim,13
מירז,F,Jewish,13
תימנה,F,Jewish,13
סייאח,M,Muslim,13
אמיד,M,Jewish,13
נאורס,M,Druze,13
מאס,F,Christian-Arab,13
מאמו,M,Jewish,13
סיוונה,F,Jewish,13
סיון,F,Christian-Arab,13
חסא,F,Jewish,13
זומורוד,F,Muslim,13
חפציה,F,Jewish,13
זהנה,F,Muslim,13
סידיג,M,Muslim,13
סידניי,M,Jewish,13
זוהדי,M,Druze,13
סראנש,F,Jewish,13
אמריק,M,Jewish,13
אמירית,F,Jewish,13
אמן,M,Muslim,13
רייאן,F,Jewish,13
רייצי,F,Jewish,13
ריין,M,Druze,13
אלבייר,M,Christian-Arab,13
אלבצ'או,M,Jewish,13
חתאם,M,Muslim,13
זהיר,F,Muslim,13
סיבא,F,Christian-Arab,13
אגור,M,Jewish,13
אגט,F,Jewish,13
ריזיק,M,Muslim,13
אמרש,F,Jewish,13
אמר,F,Christian-Arab,13
ריחאני,F,Muslim,13
מוג'יב,M,Muslim,13
אמנון,M,Druze,13
ריחנה,F,Muslim,13
זארי,F,Jewish,13
סיאן,F,Jewish,13
זאודיה,F,Jewish,13
זאיס,M,Jewish,13
ז'ינה,F,Muslim,13
עאוד,M,Muslim,13
עאודה,F,Muslim,13
אדאי,F,Jewish,13
מאזה,F,Muslim,13
נאסרי,M,Muslim,13
נאעמה,F,Druze,13
ריאנה,F,Christian-Arab,13
אנאניה,F,Jewish,13
אל-אור,M,Jewish,13
אל-נתן,M,Jewish,13
אלאה,F,Jewish,13
ז'וז'נה,F,Jewish,13
עאייש,M,Muslim,13
עבד,F,Muslim,13
ז'ורז',M,Jewish,13
עאלי,M,Muslim,13
מיקיאס,M,Jewish,13
אדואר,M,Jewish,13
אדגו,M,Jewish,13
טבריו,M,Jewish,13
נבאל,M,Muslim,13
אנגל,F,Muslim,13
מאה,F,Muslim,13
נאפיזה,F,Muslim,13
אנג'ליקה,F,Christian-Arab,13
אכראמי,M,Muslim,13
מאוריס,M,Jewish,13
עבד-אל,M,Muslim,13
ז'אקי,M,Jewish,13
עבדיאל,M,Jewish,13
וסילינה,F,Jewish,13
טדילו,M,Jewish,13
ופיק,M,Christian-Arab,13
טהיר,F,Jewish,13
טווצ'או,M,Jewish,13
מלשאו,F,Jewish,13
עדואן,M,Druze,13
עדוויה,F,Muslim,13
טולי,M,Jewish,13
עד,F,Jewish,13
לשה,M,Jewish,13
מאבל,F,Jewish,13
נבונה,F,Jewish,13
אנדלמאו,M,Jewish,13
מוהיימן,M,Muslim,13
מוהב,M,Muslim,13
וירוד,F,Muslim,13
טומה,M,Jewish,13
ולאא,F,Christian-Arab,13
ולאא,M,Druze,13
טועמה,M,Christian-Arab,13
סונייה,F,Muslim,13
סוסאן,F,Christian-Arab,13
אדין,F,Muslim,13
מיסר,M,Muslim,13
אדלה,M,Jewish,13
רזיק,M,Muslim,13
לקנש,F,Jewish,13
אנטונלה,F,Christian-Arab,13
רזין,F,Muslim,13
אנורין,F,Muslim,13
אישם,M,Muslim,13
מוזיין,F,Christian-Arab,13
מרסייל,F,Christian-Arab,13
רשיל,F,Christian-Arab,13
אדמסו,M,Jewish,13
ויניס,F,Druze,13
עדלה,F,Druze,13
סונדרין,F,Jewish,13
טזבאו,M,Jewish,13
עדנה,F,Druze,13
טיא,F,Muslim,13
סונבולה,F,Muslim,13
ויטליי,M,Jewish,13
מיסאן,F,Christian-Arab,13
מיסאן,M,Muslim,13
מנאס,F,Muslim,13
רורי,M,Jewish,13
אנטיסר,F,Muslim,13
רותי,F,Christian-Arab,13
אנייס,F,Christian-Arab,13
אניאו,M,Jewish,13
אניאט,F,Jewish,13
למר,F,Muslim,13
מוח'לס,M,Druze,13
נג'ח,F,Muslim,13
רוסלאן,M,Druze,13
ליתאי,M,Jewish,13
אנצ'ינאלו,F,Jewish,13
רועי-משה,M,Jewish,13
אירי,M,Jewish,13
ויוויאן,F,Jewish,13
ויולא,F,Christian-Arab,13
ויגדאן,F,Muslim,13
טיגב,F,Jewish,13
עדנה,F,Muslim,13
מיניליק,M,Jewish,13
מנד'ר,M,Muslim,13
רוניתה,F,Jewish,13
אסדי,M,Muslim,13
לירז,M,Druze,13
אסאר,F,Muslim,13
אסואן,F,Druze,13
שאהר,M,Christian-Arab,13
שאהר,M,Druze,13
וטן,M,Druze,13
ויואן,F,Jewish,13
וורקט,F,Jewish,13
עוודאללה,M,Muslim,13
וולריה,F,Jewish,13
טייצ'או,M,Jewish,13
עומאד,M,Muslim,13
תגית,F,Jewish,13
מינאס,F,Druze,13
עוקאב,M,Muslim,13
רומייס,F,Muslim,13
רומיסה,F,Muslim,13
ליסט,F,Jewish,13
רון-אהרון,M,Jewish,13
אסמיהאן,F,Muslim,13
שאדן,M,Muslim,13
שאהין,M,Druze,13
רונה,F,Christian-Arab,13
רונאן,M,Druze,13
אסיר,M,Muslim,13
טימור,M,Druze,13
וולנטינה,F,Jewish,13
ווין,M,Jewish,13
עוריב,M,Muslim,13
עזית,F,Jewish,13
מנדרה,F,Jewish,13
מנהאל,M,Muslim,13
מימאס,F,Muslim,13
נגוה,F,Druze,13
אסצ'לה,M,Jewish,13
נגדיה,F,Muslim,13
לימר,F,Muslim,13
רולאן,F,Druze,13
מוכלס,M,Muslim,13
מרכיאל,M,Jewish,13
רומאן,M,Jewish,13
טלאנש,F,Jewish,13
תאליין,F,Muslim,13
וובאלם,F,Jewish,13
והיבה,F,Druze,13
וואדים,M,Jewish,13
שאר,M,Jewish,13
לילאס,F,Druze,13
אפתקאר,F,Muslim,13
נגינה,F,Jewish,13
אעתסאם,F,Muslim,13
רוי,M,Muslim,13
מולואלם,M,Jewish,13
לימה,F,Muslim,13
ליליה,F,Druze,13
אסתקלאל,F,Muslim,13
סווה,M,Jewish,13
וואטן,F,Muslim,13
סוהיל,M,Jewish,13
וגד,M,Muslim,13
טמירה,F,Jewish,13
עילם,F,Jewish,13
אודי-יהודה,M,Jewish,13
עינאדיס,F,Jewish,13
טספיה,F,Jewish,13
אראא,F,Muslim,13
ליירה,F,Jewish,13
נגסטה,F,Jewish,13
אקראם,F,Druze,13
אקאלו,M,Jewish,13
אראלי,F,Jewish,13
רוזיתה,F,Jewish,13
אצילה,F,Jewish,13
רוזלינדה,F,Muslim,13
מולונך,M,Jewish,13
איסאם,M,Muslim,13
עינתי,F,Jewish,13
סודי,M,Jewish,13
עלאא,F,Druze,13
הערשי,M,Jewish,13
מילינא,F,Muslim,13
מילינה,F,Christian-Arab,13
רוויידה,F,Muslim,13
נדימה,F,Druze,13
ליטן,F,Jewish,13
ארזאק,F,Muslim,13
שבית,F,Jewish,13
רוול,F,Jewish,13
רוזט,F,Christian-Arab,13
מיליס,F,Muslim,13
עלאם,M,Druze,13
טריסטן,M,Jewish,13
תאימור,M,Druze,13
מילאר,F,Muslim,13
טרק,M,Muslim,13
הירוט,F,Jewish,13
ארצ'יל,M,Jewish,13
ליגד,M,Jewish,13
אשגריי,M,Jewish,13
ליהם,M,Jewish,13
רוג'ינה,F,Christian-Arab,13
ארנת,F,Jewish,13
אינדירה,F,Jewish,13
שבלת,F,Jewish,13
ליזה,F,Druze,13
הירות,F,Jewish,13
הימן,F,Muslim,13
אודת,F,Jewish,13
אוהד,M,Muslim,13
תאודורה,F,Jewish,13
אווייס,M,Muslim,13
באהא,M,Muslim,13
באזזו,M,Jewish,13
רואה,F,Christian-Arab,13
אשטיה,M,Jewish,13
אינאר,F,Muslim,13
נהדיה,F,Druze,13
אשכר,M,Jewish,13
רואנד,F,Druze,13
היידה,F,Jewish,13
היבאה,F,Muslim,13
הטר,F,Jewish,13
הידי,M,Jewish,13
הייבה,F,Muslim,13
עמית,M,Muslim,13
אוטה,F,Jewish,13
יאניקה,F,Jewish,13
סברה,F,Jewish,13
ענאל,M,Jewish,13
מוניק,M,Jewish,13
שהנאז,F,Christian-Arab,13
שהנאז,F,Druze,13
באסיל,M,Muslim,13
באסים,M,Muslim,13
באמנט,F,Jewish,13
באהרה,F,Muslim,13
מוני,F,Jewish,13
שהבאא,F,Muslim,13
ליאס,M,Muslim,13
הוריה,F,Jewish,13
יאפא,F,Muslim,13
יאני,F,Jewish,13
הוניידה,F,Druze,13
יאקי,M,Jewish,13
עניאת,F,Muslim,13
הוישל,M,Muslim,13
אוי,F,Jewish,13
הדורם,M,Jewish,13
הדס,F,Druze,13
עפאת,F,Muslim,13
בהג'את,M,Christian-Arab,13
רגיד,M,Christian-Arab,13
רגים,M,Jewish,13
ליאור,M,Druze,13
בבי,F,Jewish,13
בבק,M,Jewish,13
בגוסאו,F,Jewish,13
מוניבה,F,Muslim,13
ראשד,M,Christian-Arab,13
רבב,F,Muslim,13
בהנז,F,Jewish,13
בוב,M,Jewish,13
איליאנה,F,Muslim,13
שהרבאן,F,Muslim,13
שהרזאן,F,Muslim,13
בהיג'ה,F,Druze,13
עראפת,M,Muslim,13
עצמת,F,Muslim,13
יגב,M,Jewish,13
עריף,M,Muslim,13
ערבייה,F,Muslim,13
מיכאלי,M,Jewish,13
ידידיה,F,Jewish,13
סבאח,M,Jewish,13
דרבבאו,M,Jewish,13
יהואש,M,Jewish,13
סאקב,M,Muslim,13
דרי,M,Jewish,13
דריאן,M,Jewish,13
פאדל,M,Christian-Arab,13
אולפאת,F,Druze,13
שרית-שרה,F,Jewish,13
מיירם,F,Jewish,13
ראנדה,F,Christian-Arab,13
ביזואייהו,F,Jewish,13
נוויל,M,Jewish,13
ראסל,F,Muslim,13
ביהס,F,Muslim,13
ראסמי,M,Muslim,13
שוכראללה,M,Christian-Arab,13
איליזיר,M,Jewish,13
שובלי,F,Jewish,13
נוגזרי,M,Jewish,13
ראייד,M,Muslim,13
לוצ'יאן,M,Jewish,13
ביתר,M,Christian-Arab,13
בירקיה,F,Jewish,13
לוראן,F,Muslim,13
ביילי,M,Jewish,13
ראן,M,Muslim,13
לורונס,F,Jewish,13
מריאוס,M,Jewish,13
איליאן,F,Christian-Arab,13
לוריאן,M,Jewish,13
אומאן,F,Muslim,13
אוממה,F,Muslim,13
יהודי,M,Jewish,13
מייסי,F,Jewish,13
אונס,F,Muslim,13
בלה,M,Jewish,13
בלגיס,F,Muslim,13
בלומי,F,Jewish,13
בלטץ,F,Jewish,13
מוסרה,F,Muslim,13
מרטינה,F,Christian-Arab,13
פאח'ר,M,Muslim,13
דעואל,M,Jewish,13
דנקה,F,Jewish,13
דניז,M,Jewish,13
פאידה,F,Druze,13
פאטריק,M,Jewish,13
מנש,M,Jewish,13
ראדיה,F,Christian-Arab,13
בנימין,M,Christian-Arab,13
ראדה,F,Druze,13
בנין,F,Muslim,13
ראוד,M,Muslim,13
לון,M,Jewish,13
נופוז,F,Muslim,13
בנטיהון,M,Jewish,13
אייצ'ש,F,Jewish,13
בן-דוד,M,Jewish,13
בן-ישי,M,Jewish,13
לוסיאנה,F,Muslim,13
שרוג,F,Muslim,13
פאמלה,F,Jewish,13
פאיק,M,Jewish,13
דיפאללה,M,Muslim,13
דינקו,M,Jewish,13
דינר,F,Jewish,13
מייסה,F,Christian-Arab,13
דילאן,M,Jewish,13
דילארא,F,Muslim,13
דייוי,M,Jewish,13
דילרה,F,Jewish,13
ברברה,F,Christian-Arab,13
קריסטל,F,Christian-Arab,13
קתלין,F,Jewish,13
בסמת,F,Jewish,13
קרסטינה,F,Jewish,13
מועינה,F,Muslim,13
מרחביה,F,Jewish,13
יולה,F,Christian-Arab,13
פדי,M,Muslim,13
יוליה,F,Christian-Arab,13
יולין,F,Jewish,13
יומטוב,M,Jewish,13
ברינא,F,Jewish,13
נורסאן,F,Druze,13
נורמא,F,Muslim,13
בריאל,M,Jewish,13
שוקריה,F,Muslim,13
בראנדל,F,Jewish,13
לוואחז,F,Muslim,13
דחיה,F,Muslim,13
פטגה,F,Jewish,13
דולין,F,Muslim,13
פטריסיה,F,Christian-Arab,13
דגניה,F,Jewish,13
דגסאו,M,Jewish,13
סאבחה,F,Muslim,13
שקיב,M,Muslim,13
מיי,M,Jewish,13
יזב,F,Jewish,13
שחאדי,M,Muslim,13
ברנארד,M,Jewish,13
ברנדט,F,Christian-Arab,13
לבני,M,Jewish,13
ברנר,M,Jewish,13
בריאה,F,Jewish,13
דבאס,M,Jewish,13
נשואה,F,Muslim,13
דאהר,M,Druze,13
נרמין,F,Jewish,13
נרסיאן,F,Muslim,13
פלורה,F,Muslim,13
אור-רן,M,Jewish,13
מידין,M,Muslim,13
ג'אן,F,Christian-Arab,13
אייב,M,Jewish,13
שחם,F,Jewish,13
יטאיו,M,Jewish,13
יחאל,M,Jewish,13
גרשם,M,Jewish,13
גשם,M,Jewish,13
גרסי,F,Jewish,13
דאגלס,M,Jewish,13
דאהר,M,Christian-Arab,13
אורטלי,F,Jewish,13
שני,F,Muslim,13
פנאן,F,Muslim,13
פנינה,F,Druze,13
גראם,F,Christian-Arab,13
יירוס,F,Jewish,13
נרדי,F,Jewish,13
ילגנש,F,Jewish,13
ילטה,F,Jewish,13
גסטין,M,Jewish,13
אוריאט,F,Jewish,13
יליסיי,M,Jewish,13
לאילא,F,Muslim,13
לאיקה,F,Muslim,13
ג'אנט,F,Christian-Arab,13
ג'אכלין,F,Muslim,13
איטל,M,Jewish,13
ימאמא,F,Muslim,13
פרג,M,Christian-Arab,13
גלילי,M,Jewish,13
גלינה,F,Muslim,13
פרומעט,F,Jewish,13
ג'הן,F,Muslim,13
ג'ואל,F,Druze,13
נטלייה,F,Jewish,13
מורדך,M,Jewish,13
מוראן,F,Jewish,13
שיבא,F,Jewish,13
לאיין,F,Muslim,13
לאיית,M,Muslim,13
פרוויז,M,Jewish,13
יני,F,Jewish,13
פרחאת,M,Christian-Arab,13
מעוז,F,Jewish,13
גילון,M,Jewish,13
פרחן,M,Muslim,13
גיסל,F,Jewish,13
יסל,F,Muslim,13
נע'ם,F,Druze,13
מי-יה,F,Jewish,13
שמחה,F,Muslim,13
פריזה,F,Druze,13
ג'וליין,M,Jewish,13
ג'ולית,F,Druze,13
כרסתין,F,Muslim,13
ג'ול,M,Druze,13
ג'וזפינה,F,Jewish,13
קינאר,F,Muslim,13
קייס,M,Christian-Arab,13
ג'וד,F,Jewish,13
גילן,F,Jewish,13
פריידון,M,Jewish,13
גיזל,F,Christian-Arab,13
נסיר,M,Jewish,13
יסרין,F,Muslim,13
גיבריל,M,Muslim,13
גיברין,M,Muslim,13
גיורג,M,Jewish,13
אזאר,F,Muslim,13
איוה,F,Christian-Arab,13
ג'וסי,F,Jewish,13
ג'וסלין,F,Druze,13
קידנו,M,Jewish,13
ג'ולנאר,F,Druze,13
ניגאטו,M,Jewish,13
איו,F,Jewish,13
מטע,M,Jewish,13
גיאן,M,Jewish,13
יענטל,F,Jewish,13
נסיבה,F,Jewish,13
ג'וריה,F,Muslim,13
ג'וסון,F,Muslim,13
ג'ושע,M,Jewish,13
איה,F,Christian-Arab,13
פרננד,F,Jewish,13
גיאן,F,Muslim,13
פרסאן,M,Druze,13
פתחי,M,Druze,13
גור-אריה,M,Jewish,13
צ'ארלי,F,Jewish,13
מפל,M,Jewish,13
מקארם,F,Muslim,13
צ'לה,F,Jewish,13
נמרד,M,Jewish,13
יצחק-חי,M,Jewish,13
יצחק-צח,M,Jewish,13
יקר,M,Jewish,13
נמי,F,Jewish,13
נמיר,M,Druze,13
מחפוז,M,Christian-Arab,13
גומנא,F,Muslim,13
ג'ינה,F,Druze,13
ג'ילברט,F,Jewish,13
ג'ילדה,F,Jewish,13
ג'ינאת,F,Muslim,13
ניו,M,Jewish,13
מורסל,M,Druze,13
אידה,F,Muslim,13
צבחי,M,Muslim,13
צאדק,M,Druze,13
ירומנש,F,Jewish,13
גוליית,F,Christian-Arab,13
צדאם,M,Muslim,13
צדקי,M,Muslim,13
גוליה,F,Druze,13
אחישי,M,Jewish,13
קדיסט,F,Jewish,13
כלודין,F,Christian-Arab,13
קווסר,F,Muslim,13
קוטיבה,M,Muslim,13
ניחא,F,Jewish,13
איברהם,M,Muslim,13
כמיל,F,Jewish,13
מקין,M,Muslim,13
אטאלו,M,Jewish,13
גוודת,M,Muslim,13
ניריה,F,Jewish,13
גול,M,Christian-Arab,13
צור,F,Jewish,13
גוזפין,F,Muslim,13
צחר,M,Jewish,13
גוואנא,F,Muslim,13
ג'ררדו,M,Jewish,13
ג'פרסון,M,Jewish,13
קאתיא,F,Christian-Arab,13
ג'סיקה,F,Muslim,13
מרבט,F,Muslim,13
איבון,F,Muslim,13
איבור,M,Jewish,13
גדעון,M,Muslim,13
גו,F,Jewish,13
צירלה,F,Jewish,13
אטללה,M,Jewish,13
צפורת,F,Jewish,13
ניסיאל,M,Jewish,13
כהן,M,Jewish,13
גאבור,M,Jewish,13
קאסי,F,Jewish,13
כולה,F,Muslim,13
איאלא,F,Muslim,13
איאלה,F,Muslim,13
צלחה,F,Jewish,13
צלי,M,Jewish,13
כארין,F,Christian-Arab,13
כארלוס,M,Christian-Arab,13
גאייה,F,Jewish,13
קאלקידן,F,Jewish,13
גאלדי,F,Jewish,13
אטיר,F,Muslim,13
קאנז,F,Muslim,13
סלבינה,F,Jewish,13
סלומאן,M,Muslim,13
חיים,M,Muslim,13
חיימי,M,Jewish,13
חיזראן,F,Druze,13
חודיפא,M,Muslim,13
חולדה,F,Jewish,13
אבטמו,M,Jewish,13
תמרת,M,Jewish,13
חיכאם,F,Muslim,13
אליי,F,Jewish,13
מכאיל,M,Jewish,13
אבבש,F,Jewish,13
תריז,F,Muslim,13
אבאן,M,Muslim,13
אבאקר,M,Muslim,13
סירנש,F,Jewish,12
תתיאנה,F,Christian-Arab,12
חיא,F,Muslim,12
מכסים,M,Jewish,12
סלסטה,F,Jewish,12
סם,F,Jewish,12
מהדי,M,Jewish,12
אלטון,F,Jewish,12
רסטיסלב,M,Jewish,12
רמזיה,F,Christian-Arab,12
מגדלינה,F,Jewish,12
מגיד,M,Christian-Arab,12
אליפז,M,Jewish,12
אליקי,F,Jewish,12
מהאה,F,Muslim,12
אליאונור,F,Jewish,12
אלינער,F,Jewish,12
רמיאל,F,Druze,12
אליסא,F,Christian-Arab,12
ח'לף,M,Muslim,12
מזנטו,F,Jewish,12
שירטל,F,Jewish,12
צפי,M,Jewish,12
כאותר,F,Christian-Arab,12
קאסאהון,M,Jewish,12
כואכב,F,Druze,12
כוכבי,M,Jewish,12
ניסאן,F,Christian-Arab,12
גאוהר,F,Muslim,12
גאורגה,M,Jewish,12
שירבל,M,Christian-Arab,12
קארלא,F,Christian-Arab,12
ג'ריב,M,Muslim,12
צרלי,M,Christian-Arab,12
גאלי,M,Jewish,12
גאכלין,F,Christian-Arab,12
ג'קס,M,Jewish,12
קבורק,M,Christian-Arab,12
קבין,M,Jewish,12
נינא,F,Jewish,12
כיסוף,F,Jewish,12
קבלאן,M,Muslim,12
ג'ננה,F,Muslim,12
ג'סי,F,Christian-Arab,12
שיקה,M,Jewish,12
ציירדה,F,Jewish,12
ניקולוז,M,Jewish,12
ניקולי,F,Jewish,12
גואנא,F,Christian-Arab,12
גדמו,M,Jewish,12
ציציליה,F,Jewish,12
ישראל,M,Muslim,12
שיר-ציון,F,Jewish,12
כירייה,F,Muslim,12
קדאר,F,Muslim,12
קוליה,M,Jewish,12
כלפון,M,Jewish,12
מרג'אנה,F,Muslim,12
איבס,M,Jewish,12
איבתהאג,F,Muslim,12
ג'יית,M,Druze,12
מחמודה,F,Druze,12
גוזה,M,Jewish,12
גוזייף,M,Christian-Arab,12
ישומה,F,Jewish,12
נירוונה,F,Muslim,12
ישינט,F,Jewish,12
ישיעהו,M,Jewish,12
קוראל,F,Christian-Arab,12
ניוין,F,Druze,12
ג'ין,F,Christian-Arab,12
כנעאן,M,Druze,12
כמיס,M,Muslim,12
ג'יזלה,F,Jewish,12
ג'יאנא,F,Druze,12
ג'יברין,M,Muslim,12
צארלס,M,Jewish,12
גולינאר,F,Muslim,12
גולנאר,F,Druze,12
צדיקה,F,Jewish,12
צדף,M,Jewish,12
ירוסאלם,F,Jewish,12
נל,M,Jewish,12
גוליו,M,Jewish,12
גטנה,M,Jewish,12
פרשתה,F,Jewish,12
נסב,F,Muslim,12
צ'אלה,M,Jewish,12
נס-יה,F,Jewish,12
פשה,M,Jewish,12
אחיהו,M,Jewish,12
אחימאיר,M,Jewish,12
שלגיה,F,Jewish,12
צ'לאצ'או,M,Jewish,12
יקטירינה,F,Jewish,12
מטאדל,M,Jewish,12
נלי,F,Druze,12
נלי,M,Jewish,12
נללי,F,Jewish,12
ג'ינו,M,Jewish,12
שלמו,M,Jewish,12
אזנה,M,Jewish,12
שלי-רחל,F,Jewish,12
יעקובה,F,Jewish,12
ג'ידא,F,Christian-Arab,12
ג'יהאד,F,Christian-Arab,12
ג'יידא,F,Muslim,12
קורין,F,Christian-Arab,12
קורש,M,Jewish,12
ניה,F,Muslim,12
כריס,F,Jewish,12
ג'ורג'ינה,F,Muslim,12
ג'ופרי,M,Jewish,12
מוריסיו,M,Jewish,12
אידין,M,Jewish,12
איגל,M,Jewish,12
ג'וסיאן,F,Jewish,12
ג'וני,M,Druze,12
ג'ומנה,F,Christian-Arab,12
איהם,M,Muslim,12
מורייה,F,Jewish,12
איוון,M,Muslim,12
קיטי,F,Christian-Arab,12
ניבראס,F,Muslim,12
מטר,M,Druze,12
שמואל-שי,M,Jewish,12
אזהור,F,Muslim,12
אזיק,M,Jewish,12
פרלט,F,Jewish,12
יעקב-חי,M,Jewish,12
נסיף,M,Christian-Arab,12
שלמה-חיים,M,Jewish,12
ג'ולייט,F,Muslim,12
כרסתינא,F,Christian-Arab,12
קימי,F,Jewish,12
שייבה,F,Jewish,12
מורטון,M,Jewish,12
מורטז,M,Jewish,12
מורג'אן,M,Muslim,12
לאוטרו,M,Jewish,12
גיטיל,F,Jewish,12
פרימי,F,Jewish,12
פרימעט,F,Jewish,12
פרידי,M,Jewish,12
יסרי,M,Muslim,12
גיונל,F,Jewish,12
אזאר,M,Muslim,12
כריסטיאן,F,Jewish,12
נעמאת,F,Druze,12
גיצה,F,Jewish,12
גירמאי,M,Jewish,12
גל-אור,M,Jewish,12
גלבוע,F,Jewish,12
מיאל,F,Christian-Arab,12
מיאל,F,Muslim,12
אורנן,M,Jewish,12
אושי,F,Jewish,12
גינדה,F,Jewish,12
גיסלן,F,Jewish,12
גים,M,Jewish,12
אושי,M,Jewish,12
מעלה,F,Jewish,12
אורעד,F,Jewish,12
פרידריק,M,Jewish,12
גמיל,M,Jewish,12
שנדה,M,Jewish,12
ימיקר,F,Jewish,12
ימן,M,Muslim,12
לאון,M,Christian-Arab,12
ג'ובאני,M,Christian-Arab,12
ג'ובאני,M,Jewish,12
קיתי,F,Christian-Arab,12
ג'וד,F,Christian-Arab,12
ג'ברי,M,Muslim,12
ג'וא,F,Muslim,12
מוראן,F,Christian-Arab,12
גיתה,F,Jewish,12
פרוז,F,Muslim,12
פרוזה,F,Jewish,12
גלאא,M,Druze,12
לאמאר,F,Christian-Arab,12
קלוטילד,F,Jewish,12
נחמה-דינה,F,Jewish,12
קליף,M,Jewish,12
מורג'אן,F,Druze,12
מור,F,Muslim,12
איטגב,M,Jewish,12
ג'אדי,M,Muslim,12
ג'אדיר,F,Muslim,12
ילמוורק,F,Jewish,12
פקדה,M,Jewish,12
נצר,F,Jewish,12
פקרטה,F,Jewish,12
ילתא,F,Jewish,12
גמלת,F,Muslim,12
ימנו,M,Jewish,12
שחנז,F,Jewish,12
אורהאן,M,Muslim,12
גשם,F,Jewish,12
אורחיים,M,Jewish,12
שנון,M,Jewish,12
נרימין,F,Muslim,12
גרייסי,F,Jewish,12
פלקץ',F,Jewish,12
פניני,F,Jewish,12
נצרי,M,Muslim,12
מידה,F,Muslim,12
מיאס,M,Christian-Arab,12
אוריט,F,Jewish,12
אוריינה,F,Jewish,12
לאין,F,Muslim,12
ג'אלאל,M,Muslim,12
דאולה,F,Muslim,12
אוראי,M,Jewish,12
מידר,F,Jewish,12
שעלאן,M,Muslim,12
ג'אמילה,F,Muslim,12
בת-יה,F,Jewish,12
לב-ארי,M,Jewish,12
קמחית,F,Jewish,12
קמר,F,Jewish,12
קמראן,M,Jewish,12
נזמי,M,Druze,12
ברקיה,F,Jewish,12
ברתה,F,Jewish,12
אייא,F,Muslim,12
מרווח,M,Muslim,12
מוצ'יט,F,Jewish,12
נתלי,F,Druze,12
פיתון,F,Muslim,12
אייאו,M,Jewish,12
לבלי,F,Jewish,12
קניאל,M,Jewish,12
לדיה,F,Jewish,12
קנובש,F,Jewish,12
ברנקה,F,Jewish,12
אייוי,F,Jewish,12
איילור,F,Jewish,12
אייטולין,M,Jewish,12
לג'ין,F,Muslim,12
נתאלי,F,Druze,12
דאניו,M,Jewish,12
פלורנטינה,F,Jewish,12
יזולדה,F,Jewish,12
דורג'אם,M,Muslim,12
פטינה,F,Muslim,12
פטה,F,Jewish,12
אור חן,M,Jewish,12
מייב,F,Jewish,12
פיאונה,F,Jewish,12
דווד,M,Jewish,12
דוח'י,M,Muslim,12
דוד-חיים,M,Jewish,12
דגם,M,Jewish,12
פינא,F,Jewish,12
פינאן,F,Muslim,12
פילאר,F,Christian-Arab,12
דבי,M,Jewish,12
פירדאוס,F,Muslim,12
נתיה,F,Jewish,12
אור,F,Muslim,12
דיגו,M,Jewish,12
דיאמנט,F,Jewish,12
קצי,M,Muslim,12
קסאי,M,Jewish,12
נורשאן,F,Muslim,12
בריוחאי,M,Jewish,12
בריט,F,Jewish,12
ברייאן,M,Jewish,12
נורלדין,M,Muslim,12
מופאק,M,Muslim,12
בר-אל,F,Jewish,12
יולית,F,Jewish,12
פודה,F,Muslim,12
דורם,M,Jewish,12
יוסה,M,Jewish,12
נורבר,M,Jewish,12
בר אל,F,Jewish,12
בסיל,F,Muslim,12
איינורה,F,Jewish,12
שוניה,M,Jewish,12
איילת-השחר,F,Jewish,12
אייצ'ו,M,Jewish,12
בסמאן,M,Druze,12
יוכית,F,Jewish,12
יולאן,M,Druze,12
דייל,M,Jewish,12
דיים,F,Muslim,12
פהימה,F,Jewish,12
דידייר,M,Jewish,12
סאל,M,Jewish,12
דייבי,M,Jewish,12
דניא,F,Druze,12
דניאו,M,Jewish,12
יואל,M,Druze,12
סאמרה,F,Druze,12
פאיגה,F,Muslim,12
מנעם,M,Muslim,12
לוית,F,Jewish,12
בניל,M,Jewish,12
בנאן,M,Druze,12
בנטה,F,Jewish,12
אוסמאה,M,Muslim,12
דניאל-חי,M,Jewish,12
דליא,F,Muslim,12
סאמא,F,Christian-Arab,12
יוזף,M,Jewish,12
קריסטינ,F,Jewish,12
אומימא,F,Muslim,12
אוסאמה,F,Muslim,12
פאולה,F,Christian-Arab,12
בליג,M,Muslim,12
בלייק,M,Jewish,12
בלאל,M,Christian-Arab,12
ראי,M,Druze,12
ראיא,F,Druze,12
לוסיל,F,Druze,12
נועה,M,Jewish,12
מוסלים,M,Muslim,12
מוסעאב,M,Muslim,12
מרטי,M,Jewish,12
דסמונד,M,Jewish,12
דעאה,F,Muslim,12
דניז,F,Christian-Arab,12
ראסם,M,Christian-Arab,12
ראסמיה,F,Muslim,12
לזלי,M,Jewish,12
בירצ'יקו,F,Jewish,12
בילאר,F,Muslim,12
מריאל,F,Christian-Arab,12
אילאף,M,Muslim,12
לוריטה,F,Jewish,12
מננה,F,Muslim,12
מנסה,F,Muslim,12
אומי,F,Jewish,12
שריפה,F,Druze,12
שריאן,F,Muslim,12
סאסיא,F,Jewish,12
דרגן,M,Jewish,12
פאוז,M,Muslim,12
האמה,F,Muslim,12
האשם,M,Christian-Arab,12
מנליק,M,Jewish,12
שרלה,F,Jewish,12
שרלו,M,Jewish,12
אולכסנדר,M,Jewish,12
ידג,M,Jewish,12
ידדיה,M,Jewish,12
יה,M,Jewish,12
האוס,M,Muslim,12
דרבאו,M,Jewish,12
דרית,F,Jewish,12
פאביו,M,Jewish,12
לורין,M,Jewish,12
ביורן,M,Jewish,12
ראפה,F,Muslim,12
לי-רן,M,Jewish,12
ליאו,M,Druze,12
רג'ה,F,Muslim,12
בדיר,F,Muslim,12
רגא,F,Christian-Arab,12
מוניס,M,Muslim,12
בוסמת,F,Jewish,12
רביל,M,Jewish,12
בוסיימה,F,Muslim,12
בהנם,M,Jewish,12
רבשי,M,Jewish,12
שהרזאת,F,Muslim,12
שהרזד,F,Muslim,12
בהיג,M,Muslim,12
הבתאללה,F,Muslim,12
סבטוסלב,M,Jewish,12
הידא,F,Muslim,12
היוואן,F,Jewish,12
ענאייה,F,Muslim,12
אילתה,F,Jewish,12
ליאור,M,Muslim,12
רדיה,F,Druze,12
מריה,M,Jewish,12
אימרה,M,Jewish,12
ליאלה,F,Jewish,12
יאסמינה,F,Druze,12
הויידה,F,Muslim,12
הדי,M,Muslim,12
עפרת,F,Jewish,12
הודה,F,Jewish,12
נואמי,F,Jewish,12
לי-רון,M,Jewish,12
עמבר,F,Jewish,12
עמדי,M,Jewish,12
מילד,M,Muslim,12
מנור,M,Muslim,12
יאלטה,F,Jewish,12
אשרף,F,Jewish,12
נהוראי-מאיר,M,Jewish,12
אתלה,F,Jewish,12
רואי,M,Druze,12
רואיה,F,Druze,12
אימרן,M,Jewish,12
מריזה,F,Jewish,12
אשר,M,Muslim,12
הילינה,F,Jewish,12
יאמנה,F,Muslim,12
הילא,F,Jewish,12
הללה,F,Jewish,12
מיליה,F,Christian-Arab,12
אודלייה,F,Jewish,12
הינס,F,Jewish,12
רובין,M,Christian-Arab,12
רוגינה,F,Muslim,12
ליונל,M,Druze,12
ליודמיל,F,Jewish,12
מרילן,F,Jewish,12
ליזון,F,Jewish,12
אריאנא,F,Muslim,12
הלאה,F,Muslim,12
סדיק,M,Jewish,12
יאבסרה,F,Jewish,12
סגדה,F,Jewish,12
סגדה,F,Muslim,12
אוד,M,Jewish,12
מילינה,F,Muslim,12
אריס,F,Jewish,12
ליטה,F,Jewish,12
נדידה,F,Muslim,12
רוואיד,M,Muslim,12
ארזה,F,Druze,12
מולטה,M,Jewish,12
לייה,F,Druze,12
ארגאש,F,Jewish,12
ארווה,F,Druze,12
המסא,F,Muslim,12
עלייאן,M,Muslim,12
הנאד,F,Muslim,12
טריינא,F,Jewish,12
טרזה,F,Christian-Arab,12
טספאנש,F,Jewish,12
ואטן,M,Muslim,12
טעמה,F,Jewish,12
ליין,F,Christian-Arab,12
אקלילו,M,Jewish,12
רוזלינדה,F,Christian-Arab,12
שארלי,M,Jewish,12
שאפיה,F,Muslim,12
טפטה,F,Jewish,12
טסי,F,Jewish,12
טקואדה,F,Jewish,12
הראלי,M,Jewish,12
עיקאב,M,Muslim,12
עירין,F,Jewish,12
טראק,M,Muslim,12
סובחי,M,Druze,12
סוומהון,F,Jewish,12
וובלם,F,Jewish,12
ווארד,F,Muslim,12
תאם,M,Jewish,12
מילנה,F,Christian-Arab,12
וואסיהון,M,Jewish,12
שארה,F,Jewish,12
רוחל,F,Jewish,12
לילא,F,Jewish,12
אפתיכאר,F,Muslim,12
אינסאף,F,Christian-Arab,12
אינתיצאר,F,Muslim,12
וואהיב,M,Muslim,12
עיינאדיס,F,Jewish,12
טלעת,M,Christian-Arab,12
ואג'ד,M,Muslim,12
תאקוא,F,Muslim,12
אהלי,F,Jewish,12
מנהאל,F,Muslim,12
רוכן,M,Muslim,12
אסתר,M,Jewish,12
רולנד,F,Jewish,12
אסראט,M,Jewish,12
שאנאל,F,Jewish,12
שאנל,F,Christian-Arab,12
שאמיה,F,Muslim,12
רום,F,Muslim,12
אוברי,M,Jewish,12
ווג'יה,M,Muslim,12
טל-אל,M,Jewish,12
טירוסאו,F,Jewish,12
ווגנש,F,Jewish,12
טיילה,F,Jewish,12
וורקית,F,Jewish,12
עוזית,F,Jewish,12
מיניבל,M,Jewish,12
עון,M,Muslim,12
אסצ'לה,F,Jewish,12
רומייסאא,F,Muslim,12
רומיאו,M,Christian-Arab,12
רון,M,Muslim,12
רונאל,M,Druze,12
אסיה,M,Jewish,12
וונסה,F,Jewish,12
וויין,M,Jewish,12
טילאנש,F,Jewish,12
טירונך,M,Jewish,12
עזם,M,Muslim,12
ויוה,F,Jewish,12
מינדלה,F,Jewish,12
אהוד,M,Muslim,12
אהוליאב,M,Jewish,12
אהונים,M,Jewish,12
טיבה,F,Jewish,12
לירז,F,Muslim,12
ליריי,M,Jewish,12
לירוי,M,Druze,12
רוסאל,F,Muslim,12
רוסון,F,Muslim,12
מרנא,F,Christian-Arab,12
איראם,F,Muslim,12
איפתיחאר,F,Muslim,12
נג'ום,F,Muslim,12
עולאא,F,Muslim,12
אניטה,F,Muslim,12
אירון,M,Jewish,12
מוז'גאן,F,Jewish,12
רוסיקו,F,Jewish,12
רוסל,M,Muslim,12
רוקיא,F,Muslim,12
אנצאר,F,Muslim,12
רוסלה,F,Jewish,12
מרנה,F,Jewish,12
מרנינה,F,Jewish,12
אירין,F,Muslim,12
שאאם,F,Druze,12
אירמיה,M,Jewish,12
אדמה,F,Jewish,12
אדריאן,M,Muslim,12
אהב,M,Muslim,12
אישג,M,Muslim,12
לנואל,M,Jewish,12
לקיה,F,Jewish,12
רזין,F,Jewish,12
לריאון,M,Jewish,12
רחאן,F,Muslim,12
אנוש,F,Jewish,12
עדלה,F,Jewish,12
טזזאו,F,Jewish,12
ויטליק,M,Jewish,12
תוגא,F,Muslim,12
אנל,F,Jewish,12
אנמאר,F,Muslim,12
אניסה,F,Jewish,12
אניר,M,Muslim,12
למייה,F,Muslim,12
רשל,F,Druze,12
רחל-חיה,F,Jewish,12
רחל-חלי,F,Jewish,12
לריסה,F,Christian-Arab,12
נביא,M,Jewish,12
נביאל,M,Jewish,12
רחמון,M,Jewish,12
רשל,M,Jewish,12
רשמי,M,Jewish,12
מוהימן,M,Muslim,12
טוליק,M,Jewish,12
טום,M,Muslim,12
ויק,F,Jewish,12
וירגיני,F,Jewish,12
מנאור,F,Muslim,12
תוובה,F,Muslim,12
עבדאללטיף,M,Muslim,12
עבדאלמנעם,M,Muslim,12
עבדאלרזאק,M,Muslim,12
סוריה,F,Druze,12
ופאק,F,Muslim,12
וסימה,F,Muslim,12
וסנה,F,Jewish,12
וסאן,F,Muslim,12
ולנטין,F,Jewish,12
טהורה,F,Jewish,12
עבודה,M,Muslim,12
סופייה,F,Muslim,12
ולריו,M,Jewish,12
ולריי,M,Jewish,12
תום,M,Druze,12
תומאס,M,Muslim,12
טבבו,M,Jewish,12
ז'ילה,F,Jewish,12
מיקולה,M,Jewish,12
טג'טו,F,Jewish,12
איתנאל,M,Jewish,12
רטמיר,M,Jewish,12
מאגי,F,Christian-Arab,12
מאהל,M,Druze,12
מאהר,F,Muslim,12
אנגודיי,F,Jewish,12
אנגליק,F,Jewish,12
מרפת,F,Druze,12
איתן,F,Muslim,12
טגוודה,F,Jewish,12
עבדאלגני,M,Muslim,12
עבדאלחכים,M,Muslim,12
זאדה,F,Christian-Arab,12
תיאם,F,Muslim,12
תיגאן,F,Muslim,12
מלסץ',F,Jewish,12
אדבה,M,Jewish,12
אנג'לה,F,Druze,12
ריבל,M,Jewish,12
ריבקי,F,Jewish,12
ריבאל,F,Muslim,12
ריווא,F,Muslim,12
אנאהיד,F,Christian-Arab,12
רקלה,F,Jewish,12
רפקה,F,Christian-Arab,12
עאמרה,F,Muslim,12
ז'וז'ו,M,Jewish,12
עאיד,M,Druze,12
טאזבאו,M,Jewish,12
זאכרי,M,Jewish,12
ע'ית,M,Muslim,12
ע'סאן,M,Muslim,12
אנאבלה,F,Christian-Arab,12
אנאיט,F,Jewish,12
מאייסם,F,Muslim,12
נאמר,M,Muslim,12
אמת,F,Muslim,12
אלאדה,F,Jewish,12
מרקו,M,Christian-Arab,12
מאיס,M,Jewish,12
נאלא,F,Muslim,12
זאנין,F,Jewish,12
זאהר,F,Muslim,12
ז'נה,F,Muslim,12
תייסר,M,Muslim,12
ריטאז',F,Muslim,12
ריי,M,Christian-Arab,12
מאלדה,M,Jewish,12
אמיראל,F,Muslim,12
רייל,M,Jewish,12
רפול,M,Christian-Arab,12
אלאנה,F,Jewish,12
מרקס,M,Jewish,12
סיד,M,Muslim,12
סרור,M,Christian-Arab,12
סרחאן,M,Druze,12
זואה,F,Jewish,12
ע'די,M,Druze,12
סיביו,F,Jewish,12
סת',M,Jewish,12
רימין,F,Muslim,12
אמואג',F,Druze,12
רינאל,M,Druze,12
מאנדפרו,M,Jewish,12
מאמה,F,Jewish,12
מאמוש,M,Jewish,12
אמאמה,F,Muslim,12
רעפאת,M,Muslim,12
רפאא,F,Muslim,12
רפאה,F,Muslim,12
אלהאם,F,Jewish,12
זולייחה,F,Jewish,12
סקינה,F,Muslim,12
זוודה,F,Jewish,12
זוודו,M,Jewish,12
מלכה-מלי,F,Jewish,12
מאריו,M,Jewish,12
מאראט,M,Jewish,12
אלפרידה,F,Jewish,12
מהרט,F,Jewish,12
משאעל,F,Muslim,12
רעיה,F,Muslim,12
אלווינה,F,Jewish,12
מאריק,M,Jewish,12
סנטיהו,M,Jewish,12
ססיל,M,Jewish,12
זיכרא,F,Muslim,12
זורן,M,Jewish,12
זיגפריד,M,Jewish,12
זורבי,M,Jewish,12
סעדאללה,M,Muslim,12
מאלך,M,Muslim,12
תלמן,M,Jewish,12
תלחום,M,Jewish,12
זמדה,F,Jewish,12
מארקוס,M,Christian-Arab,12
מארתן,M,Christian-Arab,12
אלסי,F,Christian-Arab,12
אלעד,F,Jewish,12
משהור,M,Druze,12
זלאטע,F,Jewish,12
חממה,F,Muslim,12
זילפו,F,Jewish,12
סנטאיהו,F,Jewish,12
זכארי,M,Jewish,12
מלין,F,Jewish,12
אמאנדא,F,Christian-Arab,12
מאריאן,F,Muslim,12
חלאף,M,Muslim,12
סמח,M,Muslim,12
זריף,M,Muslim,12
סמאצ'או,M,Jewish,12
זקארי,M,Jewish,12
סימא,F,Muslim,12
אלמיר,M,Jewish,12
אלירן,F,Jewish,12
מגדיה,F,Muslim,12
מתרי,M,Christian-Arab,12
אלם,M,Jewish,12
חליד,M,Muslim,12
סמרא,F,Druze,12
סמראא,F,Muslim,12
אבקלש,F,Jewish,12
אבראש,F,Jewish,12
אליוט,F,Jewish,12
סירת,F,Muslim,12
חיבו,F,Jewish,12
חיבית,F,Jewish,12
חוריה,F,Druze,12
סיריל,F,Druze,12
חופש,M,Jewish,12
חג'לה,F,Druze,12
סליבה,M,Christian-Arab,12
חיסאם,M,Muslim,12
סינטיה,F,Christian-Arab,12
סינידו,F,Jewish,12
חבטאמו,M,Jewish,12
חבטם,F,Jewish,12
חבטמו,M,Jewish,12
אביוט,M,Jewish,12
כאפיה,F,Muslim,12
אטנפו,M,Jewish,12
אטקלט,M,Jewish,12
מזל-מלי,F,Jewish,12
סלאמלק,M,Jewish,12
חומה,F,Jewish,12
חיזקיהו,M,Jewish,12
חוזייפה,M,Muslim,12
חויאר,M,Jewish,12
חיית,F,Muslim,12
אליינה,F,Jewish,12
אליזבית,F,Christian-Arab,12
רנאד,M,Muslim,12
אליני,F,Jewish,12
רנוה,F,Muslim,12
אליחן,M,Jewish,12
תשגר,M,Jewish,11
גזייה,F,Muslim,11
תני,F,Jewish,11
מלאיה,F,Jewish,11
תקא,F,Muslim,11
אבוהיי,M,Jewish,11
גיגי,M,Jewish,11
גיולנז,F,Jewish,11
גיזי,F,Jewish,11
פרס,M,Jewish,11
גזאל,M,Druze,11
סאר,M,Muslim,11
גורג'ט,F,Jewish,11
גורגיט,F,Christian-Arab,11
יאשיה,M,Jewish,11
יארין,M,Jewish,11
יבדו,M,Jewish,11
מירן,F,Druze,11
תסלים,F,Muslim,11
אביאלי,M,Jewish,11
צ'קלו,M,Jewish,11
יהונה,M,Jewish,11
יהנאו,M,Jewish,11
גילעם,M,Jewish,11
פרט,F,Jewish,11
צאיל,M,Muslim,11
יואח,M,Jewish,11
יואבי,M,Jewish,11
סאמי,F,Jewish,11
גולייט,F,Christian-Arab,11
צבר,F,Jewish,11
יודה,M,Druze,11
גיס,M,Muslim,11
פרחאת,M,Druze,11
יאנקל,M,Jewish,11
סביר,M,Muslim,11
סבינדז',F,Jewish,11
אבית,F,Jewish,11
אביב-אברהם,M,Jewish,11
גוליאנא,F,Christian-Arab,11
גוליאן,M,Muslim,11
צגה,M,Jewish,11
סאלמן,M,Muslim,11
יולינה,F,Jewish,11
גוליאן,F,Muslim,11
גל-אור,F,Jewish,11
פרונסין,F,Jewish,11
פרוך,M,Jewish,11
גלאא,F,Muslim,11
מלחזי,M,Jewish,11
אביש,M,Jewish,11
תמאם,M,Muslim,11
מירה,F,Muslim,11
מליסאו,M,Jewish,11
מירייל,F,Christian-Arab,11
אביים,M,Jewish,11
גוזל,F,Jewish,11
גוזט,F,Jewish,11
פרוונה,F,Jewish,11
פרווין,F,Jewish,11
פרהאד,M,Jewish,11
סג'יע,M,Druze,11
צחר,M,Muslim,11
סאיד,M,Christian-Arab,11
סאונט,F,Jewish,11
סאדק,M,Christian-Arab,11
יונתן,F,Jewish,11
ספיר,F,Muslim,11
זולייחו,F,Jewish,11
זיזי,F,Muslim,11
זיזט,F,Jewish,11
ססיה,F,Jewish,11
גואן,M,Muslim,11
יאן,M,Christian-Arab,11
גלית,F,Muslim,11
גמלט,M,Jewish,11
גנטוס,M,Christian-Arab,11
צפות,M,Muslim,11
ציריל,F,Jewish,11
גאנין,F,Jewish,11
סאבי,M,Jewish,11
צפרית,F,Jewish,11
צפית,F,Jewish,11
קאיו,M,Jewish,11
יוקי,M,Jewish,11
תיריזה,F,Christian-Arab,11
אבנט,M,Jewish,11
אברהאים,M,Muslim,11
מלישאו,F,Jewish,11
גנט,F,Christian-Arab,11
פראח,M,Muslim,11
סדי,F,Jewish,11
סדה,F,Jewish,11
סגיא,F,Muslim,11
סגד,F,Jewish,11
גנין,F,Muslim,11
פקר,M,Jewish,11
גנת,F,Jewish,11
תירוש,M,Jewish,11
אגואן,F,Muslim,11
אברהם-יצחק,M,Jewish,11
גאורגיי,M,Jewish,11
קאילה,F,Jewish,11
ג'רולד,M,Jewish,11
יוקרת,F,Jewish,11
פעשי,F,Jewish,11
פעשה,F,Jewish,11
גסאר,M,Muslim,11
פסקל,F,Christian-Arab,11
ג'ניט,F,Christian-Arab,11
ג'סאר,M,Muslim,11
יותם,F,Jewish,11
ג'סלין,F,Christian-Arab,11
ג'ק,M,Christian-Arab,11
יזאבנש,F,Jewish,11
אגנס,F,Christian-Arab,11
אגנניו,M,Jewish,11
מיצי,F,Jewish,11
מלקה,F,Jewish,11
מיקה,M,Jewish,11
זיינה,F,Christian-Arab,11
נשגב,M,Jewish,11
קדמה,F,Jewish,11
יזק,M,Jewish,11
נרינה,F,Jewish,11
יחיאה,M,Muslim,11
יזרעאלה,F,Jewish,11
פסחה,M,Jewish,11
פסהה,M,Jewish,11
פניר,F,Jewish,11
טשה,F,Jewish,11
מיקא,F,Jewish,11
סרואת,F,Muslim,11
זוהדייה,F,Muslim,11
קונרד,M,Jewish,11
יחיעד,M,Jewish,11
נרייה,F,Jewish,11
גפרה,F,Muslim,11
טריף,M,Druze,11
ג'יידן,F,Jewish,11
קוראל,M,Jewish,11
פלקה,F,Jewish,11
גריי,M,Jewish,11
פלישה,F,Jewish,11
טרואלם,F,Jewish,11
תחריר,F,Druze,11
אדאב,F,Druze,11
תידהר,F,Jewish,11
טרועלם,F,Jewish,11
קטראלנדא,F,Muslim,11
קטליה,F,Muslim,11
ילגה,F,Jewish,11
גרסילה,F,Jewish,11
טפלה,F,Druze,11
טפטו,M,Jewish,11
פלגיה,F,Jewish,11
דאור,M,Jewish,11
ג'ומנא,F,Muslim,11
ג'ומאן,F,Druze,11
ג'ון,M,Muslim,11
ג'וניל,M,Christian-Arab,11
יליה,M,Jewish,11
נצחון,M,Jewish,11
ג'וני,M,Muslim,11
ג'וליאנו,M,Christian-Arab,11
מנאסב,F,Jewish,11
זהיא,M,Muslim,11
זהרה,F,Christian-Arab,11
סנורה,F,Jewish,11
קידסט,F,Jewish,11
קייסר,M,Druze,11
ימי,F,Jewish,11
ימסרץ',F,Jewish,11
ג'ויריה,F,Muslim,11
דאני,M,Druze,11
דאן,M,Jewish,11
טקטאי,M,Jewish,11
קינאנה,F,Muslim,11
אדי,M,Muslim,11
אדיה,F,Jewish,11
תומה,M,Jewish,11
אדיסאלם,F,Jewish,11
מינור,M,Jewish,11
מנגאו,M,Jewish,11
אדוניס,M,Druze,11
ג'וזט,F,Jewish,11
קימם,F,Jewish,11
נערן,M,Jewish,11
קינגה,F,Jewish,11
קלאוס,M,Jewish,11
ג'וברין,M,Muslim,11
ג'ובנה,F,Jewish,11
יניב,M,Muslim,11
אדל,M,Muslim,11
אדלוויט,F,Jewish,11
תואפיק,M,Muslim,11
זהווה,F,Muslim,11
זישה,M,Jewish,11
תומס,M,Muslim,11
דאניאל,M,Muslim,11
דאניאל,M,Jewish,11
טמש,M,Jewish,11
טמרטה,F,Jewish,11
פירדוס,F,Muslim,11
ג'גנאו,M,Jewish,11
ג'די,M,Muslim,11
ג'דא,F,Muslim,11
ג'ואנא,F,Druze,11
ג'אסר,M,Christian-Arab,11
ג'אנן,F,Muslim,11
יסאי,M,Jewish,11
יסמעיל,M,Muslim,11
טליע,M,Christian-Arab,11
יעקובי,M,Jewish,11
קלימנס,F,Christian-Arab,11
יענטה,F,Jewish,11
יענה,F,Jewish,11
נסירה,F,Muslim,11
ג'אנאת,F,Muslim,11
ג'אית',M,Muslim,11
ג'אווד,M,Muslim,11
ג'אן,F,Muslim,11
יעקב,F,Jewish,11
יערב,M,Muslim,11
טלי,F,Druze,11
סוואנה,F,Jewish,11
סוהר,F,Druze,11
דגמר,F,Jewish,11
יצחק-חיים,M,Jewish,11
תג'ריד,F,Druze,11
מיליה,F,Druze,11
מיליסה,F,Muslim,11
אהוב,M,Jewish,11
אדנקו,F,Jewish,11
תהלליה,F,Jewish,11
ג'אודת,M,Druze,11
קמין,F,Jewish,11
בתחן,F,Jewish,11
נני,M,Jewish,11
יקדאן,M,Druze,11
פייצל,M,Muslim,11
פייערל,F,Jewish,11
דהאש,M,Muslim,11
קנדו,M,Jewish,11
ברקאת,M,Druze,11
מילאן,F,Christian-Arab,11
מנוצ'ר,M,Jewish,11
תאקי,M,Muslim,11
זאורי,M,Jewish,11
זלפה,F,Muslim,11
זאיין,M,Muslim,11
ע'דיר,F,Muslim,11
קמרון,F,Jewish,11
יקוטיאל,M,Jewish,11
נמרה,F,Muslim,11
בשה,F,Jewish,11
קסאומר,M,Jewish,11
מנטגבו,F,Jewish,11
זאיד,M,Christian-Arab,11
קניה,F,Jewish,11
ברניקה,F,Jewish,11
דוד,M,Druze,11
דוברה,F,Jewish,11
פיטפטה,F,Jewish,11
ירה,F,Muslim,11
ברלין,F,Muslim,11
דודאית,F,Jewish,11
טינו,M,Jewish,11
טימי,M,Jewish,11
טירונגו,F,Jewish,11
ברטרנד,M,Jewish,11
ירזי,M,Jewish,11
ירוסלם,F,Jewish,11
ברכיהו,M,Jewish,11
ברטוקאן,F,Jewish,11
תאלה,F,Muslim,11
אודי,M,Druze,11
אודה,M,Jewish,11
אובנש,F,Jewish,11
מנטה,F,Jewish,11
קראל,M,Jewish,11
קראל,F,Jewish,11
קריס,F,Jewish,11
קרייסיל,F,Jewish,11
קריינה,F,Jewish,11
דוחי,M,Muslim,11
פיאם,M,Jewish,11
פיא,F,Jewish,11
טייקו,F,Jewish,11
טיימור,M,Druze,11
ברד,M,Jewish,11
ברג'ס,M,Muslim,11
סמצ'או,M,Jewish,11
סמני,M,Jewish,11
זנאת,F,Muslim,11
תאלי,F,Druze,11
ישיב,M,Jewish,11
ברהים,M,Muslim,11
דומיאנא,F,Muslim,11
סוליי,F,Jewish,11
בראן,F,Muslim,11
קרלה,F,Muslim,11
קריקור,M,Christian-Arab,11
קריסתינה,F,Christian-Arab,11
בער,M,Jewish,11
אוהאם,F,Muslim,11
תאהני,F,Muslim,11
מייפל,F,Jewish,11
מנסא,F,Muslim,11
ת'ראא,F,Muslim,11
אודית,F,Muslim,11
אודייה,F,Jewish,11
מייתה,F,Muslim,11
טיזאזו,M,Jewish,11
סולינה,F,Muslim,11
בסמאת,F,Druze,11
כאדם,M,Muslim,11
ניפין,F,Christian-Arab,11
ראאף,M,Druze,11
ראאידה,F,Muslim,11
כארולין,F,Muslim,11
מייס,M,Muslim,11
מנתצר,M,Muslim,11
עאמד,M,Muslim,11
עאלה,M,Muslim,11
זן,F,Muslim,11
זן,F,Jewish,11
סמינה,F,Jewish,11
ז'נט,F,Christian-Arab,11
מיכול,F,Jewish,11
מיכאלו,M,Jewish,11
כאתרינא,F,Christian-Arab,11
פורסאן,M,Christian-Arab,11
כוולה,F,Muslim,11
כדן,F,Jewish,11
בנצ'מלק,F,Jewish,11
בנצ'יאמלק,F,Jewish,11
כייאן,F,Muslim,11
בנחמין,M,Jewish,11
מסאפינט,M,Jewish,11
אוזי,M,Jewish,11
אוז'ני,F,Jewish,11
אווקץ',F,Jewish,11
ראוא,F,Muslim,11
נילם,F,Muslim,11
טורקי,M,Muslim,11
כיפא,F,Muslim,11
נילה,F,Druze,11
בן-חיים,M,Jewish,11
בן-חור,M,Jewish,11
בנאור,M,Jewish,11
כיריה,F,Muslim,11
נייל,M,Druze,11
אוליביי,M,Jewish,11
מייאסר,F,Muslim,11
אוטו,M,Jewish,11
אוליב,F,Jewish,11
פולג,M,Jewish,11
טורונז',F,Jewish,11
דוריתי,F,Jewish,11
דוריתה,F,Jewish,11
פוזיה,F,Druze,11
בכיר,M,Muslim,11
בלאן,F,Jewish,11
דחייה,F,Muslim,11
דיה,M,Muslim,11
בירוק,M,Jewish,11
ראיין,M,Druze,11
ניהיה,F,Muslim,11
ניהאן,F,Muslim,11
ראיין,M,Christian-Arab,11
בינים,M,Jewish,11
כפא,F,Christian-Arab,11
אומרי,F,Jewish,11
סמיהאן,F,Muslim,11
זעלה,F,Muslim,11
ז'וזף,M,Jewish,11
אוליבר,M,Christian-Arab,11
כסיף,F,Jewish,11
בירהאן,M,Jewish,11
דייאן,F,Jewish,11
פדיל,M,Druze,11
טוואצ'או,M,Jewish,11
טודור,M,Jewish,11
סופי,F,Druze,11
מיגאל,M,Jewish,11
שרה-רבקה,F,Jewish,11
אומיה,F,Christian-Arab,11
אומברטו,M,Jewish,11
מיטל,M,Jewish,11
ביירון,M,Jewish,11
בייר,M,Christian-Arab,11
נידאא,F,Christian-Arab,11
כרין,F,Christian-Arab,11
כרימה,F,Christian-Arab,11
דיליה,F,Jewish,11
סופיאן,M,Druze,11
דימיטר,M,Jewish,11
פג'מן,M,Jewish,11
ראנא,F,Druze,11
ניגוס,M,Jewish,11
ביכה,F,Druze,11
ביוך,M,Jewish,11
בידא,F,Muslim,11
אור-ישראל,M,Jewish,11
סמיה,F,Jewish,11
סמור,M,Muslim,11
אוסיימה,F,Muslim,11
בזטו,F,Jewish,11
בזה,M,Jewish,11
דירס,M,Jewish,11
פאתמה,F,Muslim,11
טדלו,F,Jewish,11
בורק,M,Muslim,11
ראקיה,F,Muslim,11
ניאה,F,Jewish,11
נטעיה,M,Jewish,11
מעדאד,M,Druze,11
מעדא,M,Druze,11
אורהן,M,Muslim,11
שפא,F,Druze,11
שעבן,M,Muslim,11
אורי-דוד,M,Jewish,11
שקדי,F,Jewish,11
שפרית,F,Jewish,11
בורהן,M,Muslim,11
ראתב,M,Druze,11
טגנייץ,F,Jewish,11
בוגדנה,F,Jewish,11
בומה,M,Jewish,11
נטי,M,Jewish,11
בוניה,F,Jewish,11
רבשן,M,Jewish,11
רבקה-ריקי,F,Jewish,11
ורדיה,F,Muslim,11
אורטל,F,Muslim,11
שנטי,F,Jewish,11
אוריאן,F,Christian-Arab,11
מענדי,M,Jewish,11
מיאד,M,Muslim,11
שפיקה,F,Jewish,11
לאקאו,M,Jewish,11
בוהיסה,F,Muslim,11
דנא,F,Druze,11
פאיק,M,Druze,11
נזר,F,Jewish,11
בדריה,F,Jewish,11
רג'וא,F,Muslim,11
נזיפה,F,Muslim,11
נזייה,M,Muslim,11
מפידה,F,Muslim,11
אוריליה,F,Jewish,11
וצפי,M,Muslim,11
עבדאלנאסר,M,Muslim,11
זקרא,F,Muslim,11
ורה,F,Muslim,11
ורדין,F,Jewish,11
נזירה,F,Jewish,11
לביבה,F,Druze,11
רג'יס,M,Jewish,11
דניס,M,Muslim,11
טגיטו,F,Jewish,11
רגאא,M,Muslim,11
בדאר,M,Muslim,11
נזחנום,F,Jewish,11
דנקאו,M,Jewish,11
פאיא,F,Druze,11
פאטמה,M,Muslim,11
פאחרי,M,Muslim,11
באייה,M,Jewish,11
מצבאח,M,Muslim,11
שמעון,M,Christian-Arab,11
שמסי,F,Muslim,11
מטיס,M,Jewish,11
באסיל,M,Christian-Arab,11
דפנית,F,Jewish,11
דעד,F,Christian-Arab,11
דרדאח,M,Muslim,11
דרבה,F,Jewish,11
טבי,M,Jewish,11
טאריקו,M,Jewish,11
אשתה,M,Jewish,11
אתחאד,F,Muslim,11
וספי,M,Christian-Arab,11
עבדלקרים,M,Muslim,11
סמבל,M,Jewish,11
ח'ד'ר,M,Muslim,11
ופאה,F,Muslim,11
אתיאל,F,Jewish,11
אתר,M,Jewish,11
אתנה,F,Jewish,11
רהיפה,F,Muslim,11
רהיגה,F,Muslim,11
אשאגריה,M,Jewish,11
רואנה,F,Muslim,11
נורי,M,Muslim,11
רואן,F,Jewish,11
פאדיא,F,Druze,11
עבודי,M,Christian-Arab,11
אזבלה,F,Jewish,11
מחארב,M,Muslim,11
דרייזל,F,Jewish,11
נוראל,F,Christian-Arab,11
ארסטו,M,Jewish,11
ארץ,M,Jewish,11
לוזיאן,F,Christian-Arab,11
ארקה,F,Jewish,11
לומיניצה,F,Jewish,11
רוג'ינא,F,Muslim,11
רוג'יה,M,Druze,11
לוזן,F,Druze,11
עתאד,M,Druze,11
עתאב,F,Druze,11
האדיה,F,Christian-Arab,11
מקר,M,Jewish,11
מקסימו,M,Jewish,11
אזל,M,Muslim,11
ולריק,M,Jewish,11
סמאח,M,Druze,11
ארם,M,Christian-Arab,11
רוגל,M,Jewish,11
רוגיה,M,Christian-Arab,11
רוגה,M,Christian-Arab,11
לויסה,F,Jewish,11
רודיק,M,Jewish,11
ערנית,F,Jewish,11
האדיר,F,Muslim,11
לוסיאן,F,Druze,11
אריאלי,F,Jewish,11
סיאור,F,Muslim,11
ולריה,F,Muslim,11
ולריאן,M,Jewish,11
ח'יתאם,F,Druze,11
מזלוט,F,Jewish,11
ארזית,F,Jewish,11
לוסיו,M,Jewish,11
ערבי,M,Muslim,11
ערב,M,Christian-Arab,11
הבתם,F,Jewish,11
נויה,F,Druze,11
רוזלאן,F,Muslim,11
אקאבר,F,Druze,11
אפרי,M,Jewish,11
לוריאנה,F,Christian-Arab,11
חתאם,F,Christian-Arab,11
סיבאא,F,Muslim,11
אחסאן,M,Druze,11
אחמוד,M,Muslim,11
שכיבה,F,Druze,11
מושון,M,Jewish,11
אחתפאל,F,Muslim,11
אעתידאל,F,Druze,11
אעתדל,F,Muslim,11
אסתבראק,F,Muslim,11
לורנה,F,Christian-Arab,11
הדייל,F,Muslim,11
עפו,M,Christian-Arab,11
סיגליה,F,Jewish,11
סיגלה,F,Jewish,11
רולף,M,Jewish,11
הובר,M,Jewish,11
חקים,M,Muslim,11
מרגאריטה,F,Jewish,11
מרג'י,F,Jewish,11
עדויה,F,Muslim,11
ח'יתאם,F,Christian-Arab,11
ח'לוד,F,Druze,11
הודנה,F,Muslim,11
לי-רז,F,Jewish,11
נהרי,M,Jewish,11
לי-חי,M,Jewish,11
רומאריו,M,Christian-Arab,11
רומאיסה,F,Muslim,11
רומא,F,Jewish,11
אסמאן,F,Muslim,11
רומם,M,Jewish,11
רומיס,F,Muslim,11
נהיר,M,Jewish,11
עדינה,F,Muslim,11
חאדר,M,Christian-Arab,11
חאלף,M,Muslim,11
עדיטל,F,Jewish,11
וירוניק,F,Jewish,11
שיריהן,F,Muslim,11
רומי,F,Christian-Arab,11
ענד,M,Muslim,11
הוסמא,M,Muslim,11
ענבה,F,Jewish,11
סיה,F,Muslim,11
סידרה,F,Druze,11
רון-לי,F,Jewish,11
ליאר,F,Muslim,11
רומנדה,F,Muslim,11
אסמארה,M,Jewish,11
רונזא,F,Druze,11
אסיף,M,Muslim,11
ליאנא,F,Druze,11
אטקה,F,Jewish,11
שירון,F,Jewish,11
איאלנש,F,Jewish,11
אסלאן,M,Druze,11
אסל,F,Jewish,11
רונא,F,Druze,11
רונל,M,Jewish,11
רוניתי,F,Jewish,11
נהדה,F,Muslim,11
ענאן,F,Christian-Arab,11
הזימה,M,Druze,11
ליוואי,M,Jewish,11
סיטי,F,Jewish,11
אידמית,F,Jewish,11
איבטור,M,Jewish,11
איבון,M,Jewish,11
מורגן,F,Muslim,11
מורג'ן,F,Muslim,11
איבלין,F,Christian-Arab,11
אנריקה,F,Jewish,11
ליון,F,Jewish,11
אנשיל,M,Jewish,11
ליי,M,Jewish,11
ליטף,F,Jewish,11
נדז'דה,F,Muslim,11
נדווה,F,Muslim,11
ליטלי,F,Jewish,11
ליחאז,F,Muslim,11
נדאה,F,Muslim,11
רוקון,M,Muslim,11
רופת,M,Jewish,11
מוקטה,F,Jewish,11
מוקבל,M,Druze,11
לייאל,F,Muslim,11
עמישי,M,Jewish,11
הייפא,F,Christian-Arab,11
סיידה,F,Christian-Arab,11
היימנוט,M,Jewish,11
היימן,M,Jewish,11
אניש,F,Jewish,11
נדביה,M,Jewish,11
לילא,F,Muslim,11
אניל,M,Muslim,11
הילא,F,Druze,11
הילאנה,F,Druze,11
עמי-חי,M,Jewish,11
חניין,F,Muslim,11
סיימון,M,Christian-Arab,11
ויטור,M,Jewish,11
עדלייה,F,Muslim,11
ויסאל,F,Christian-Arab,11
סלם,F,Muslim,11
שימה,F,Jewish,11
אנטסאר,F,Muslim,11
אניטה,F,Christian-Arab,11
נגמה,F,Druze,11
לילו,M,Jewish,11
רחאל,M,Muslim,11
הילנה,F,Christian-Arab,11
חנאל,F,Jewish,11
הימנות,F,Jewish,11
אנהל,F,Jewish,11
שיהב,M,Muslim,11
איזבלה,F,Muslim,11
איוה,F,Muslim,11
שיילו,M,Jewish,11
מוסי,F,Jewish,11
מרחב,M,Jewish,11
מועתמר,M,Muslim,11
רחומה,F,Jewish,11
נגוסיה,M,Jewish,11
נגוואן,F,Muslim,11
היתם,M,Druze,11
סילה,F,Christian-Arab,11
ליס,M,Muslim,11
רחל,M,Jewish,11
ריאד,F,Muslim,11
מריאם,F,Jewish,11
מריאון,F,Jewish,11
איזאבל,F,Christian-Arab,11
איונה,F,Jewish,11
לינויה,F,Jewish,11
לינוי,F,Muslim,11
ליסה,F,Christian-Arab,11
הלליה,M,Jewish,11
הלין,F,Christian-Arab,11
חמיד,M,Jewish,11
ריאנה,F,Druze,11
ליסנדרו,M,Jewish,11
נג'מה,F,Druze,11
נג'ם,M,Druze,11
ריאל,M,Muslim,11
ריאו,M,Jewish,11
אנדואלם,M,Jewish,11
ריאה,F,Muslim,11
רידה,F,Muslim,11
מריאשה,F,Jewish,11
מריאן,M,Muslim,11
וידיאן,F,Muslim,11
חג'לה,F,Muslim,11
ויה,F,Jewish,11
נג'יבה,F,Christian-Arab,11
ריטאג,F,Muslim,11
אנאבלה,F,Jewish,11
נג'וד,F,Christian-Arab,11
לישן,F,Jewish,11
ריווה,F,Jewish,11
הלרי,F,Jewish,11
הלן,F,Druze,11
עלי,M,Christian-Arab,11
סילינא,F,Druze,11
סיליא,F,Christian-Arab,11
חמדת,M,Jewish,11
אמנועל,M,Jewish,11
מרידה,F,Muslim,11
מוני,M,Christian-Arab,11
איטו,F,Jewish,11
איזדורה,F,Jewish,11
איזדור,M,Jewish,11
איזל,M,Jewish,11
שי-משה,M,Jewish,11
אמריקה,F,Jewish,11
אמריה,M,Jewish,11
אמריה,F,Druze,11
רייחאן,F,Muslim,11
מונאיה,F,Christian-Arab,11
מריאן,M,Christian-Arab,11
איחלאם,F,Muslim,11
אמיליא,F,Muslim,11
נביל,M,Jewish,11
ריילה,F,Jewish,11
הנאי,F,Muslim,11
עלווה,F,Jewish,11
עלה,F,Jewish,11
סימאר,F,Druze,11
אמי,F,Muslim,11
לקסי,F,Jewish,11
רין,M,Jewish,11
אמארץ,F,Jewish,11
רימי,F,Christian-Arab,11
רימונה,F,Muslim,11
נב,F,Jewish,11
אמאוואייש,F,Jewish,11
רינאן,M,Muslim,11
מולת,M,Jewish,11
מוליה,M,Jewish,11
מרים,M,Jewish,11
עוביידא,M,Muslim,11
עית,M,Muslim,11
הענטשע,F,Jewish,11
הענה,F,Jewish,11
הרדי,M,Jewish,11
ריס,F,Jewish,11
רינת,M,Jewish,11
ריקארדו,M,Jewish,11
אלצפן,M,Jewish,11
שזה,F,Muslim,11
איידין,M,Muslim,11
חליפה,M,Jewish,11
הרב,M,Jewish,11
הערשל,M,Jewish,11
עיסמת,F,Muslim,11
חלאל,F,Muslim,11
רישארד,M,Jewish,11
אלסבט,F,Jewish,11
מאורין,F,Jewish,11
מאייקל,M,Christian-Arab,11
ריתג',F,Muslim,11
ריתאן,F,Druze,11
סינאל,F,Muslim,11
חכם,M,Jewish,11
אליצפן,M,Jewish,11
מאיסלון,F,Muslim,11
אלישע,F,Jewish,11
אלינור,M,Jewish,11
רמי-רחמים,M,Jewish,11
אליסה,F,Druze,11
אליסא,F,Muslim,11
מולאן,F,Druze,11
מולאלין,M,Jewish,11
וורוניקה,F,Jewish,11
עוזלאן,F,Muslim,11
וותין,F,Druze,11
וזירה,F,Druze,11
איילול,F,Druze,11
מאיסה,F,Jewish,11
נאיל,M,Jewish,11
רמזייה,F,Druze,11
חינית,F,Jewish,11
איירוסלם,F,Jewish,11
שוע,M,Jewish,11
אייסל,F,Druze,11
מולאן,F,Jewish,11
רנאט,M,Jewish,11
נאידה,F,Jewish,11
רנדה,F,Jewish,11
אליזבת',F,Jewish,11
אלייזה,F,Jewish,11
עימראן,M,Muslim,11
עימדי,M,Jewish,11
ואלאא,F,Muslim,11
חילוד,F,Druze,11
חיל,M,Jewish,11
אלי-יה,F,Jewish,11
מאליה,F,Jewish,11
נאזכ,F,Muslim,11
אליאן,M,Muslim,11
אליהו-חי,M,Jewish,11
רסמייה,F,Druze,11
נאוול,F,Muslim,11
שוכראללה,M,Muslim,11
שויקאר,F,Muslim,11
איכלס,F,Muslim,11
מאנאסיב,F,Jewish,11
מאנאל,F,Muslim,11
רסים,M,Muslim,11
עיינת,F,Jewish,11
עייאד,M,Muslim,11
וגד,F,Muslim,11
סיסיל,F,Christian-Arab,11
חייר,F,Muslim,11
סינקה,F,Jewish,11
מרנין,M,Jewish,11
מוחייאלדין,M,Muslim,11
ווסלי,M,Muslim,11
סלומי,F,Jewish,11
וופיה,F,Muslim,11
רעלא,F,Jewish,11
אלונורה,F,Jewish,11
והב,M,Muslim,11
רפיף,M,Muslim,11
אלבאצ'או,M,Jewish,11
אלאנור,F,Jewish,11
אלביס,M,Jewish,11
רקיב,M,Muslim,11
אכתם,M,Muslim,11
אכלאס,F,Druze,11
עידא,F,Muslim,11
וואהל,M,Muslim,11
עטפה,F,Muslim,11
עטיש,M,Muslim,11
איתה,F,Jewish,11
שהראת,F,Muslim,11
מוהתדי,M,Muslim,11
שהנז,F,Muslim,11
אילינא,F,Christian-Arab,11
מבדא,M,Druze,11
אירם,M,Jewish,11
מתת,M,Jewish,11
וובה,F,Jewish,11
ווארן,M,Jewish,11
חיזקיה,M,Jewish,11
סיראט,F,Muslim,11
וואפי,M,Muslim,11
איראדה,F,Jewish,11
מודי,M,Druze,11
מרעב,M,Muslim,11
עונאללה,M,Muslim,11
חוליאנה,F,Jewish,11
סלבי,M,Jewish,11
ווספייה,F,Muslim,11
שאדי,F,Muslim,11
שאדי,F,Jewish,11
מגדולין,F,Druze,11
איקבאל,F,Druze,11
מגיב,F,Jewish,11
מתיס,M,Jewish,11
מדאללה,F,Muslim,11
מדאח,M,Muslim,11
עטואן,M,Muslim,11
ווג'ד,M,Muslim,11
חיבת,F,Jewish,11
חיאט,F,Muslim,11
סירינה,F,Muslim,11
שהב,M,Jewish,11
מוג',F,Muslim,11
מודר,M,Druze,11
אימאד,M,Muslim,11
איסמהן,F,Muslim,11
איעתדאל,F,Druze,11
איסתברק,F,Muslim,11
אינתיהאל,F,Muslim,11
איסידורו,M,Jewish,11
שאמך,M,Muslim,11
חיא,M,Jewish,11
עזיזה,F,Christian-Arab,11
עזאלה,F,Muslim,11
מרקי,M,Jewish,11
עוקבא,M,Muslim,11
וונדם,M,Jewish,11
חוסני,M,Druze,11
מהאבה,F,Muslim,11
שארלוט,F,Jewish,11
שארה,F,Druze,11
אינור,F,Druze,11
שביב,M,Jewish,11
מהדי,M,Christian-Arab,11
משה-חיים,M,Jewish,11
אינאר,M,Druze,11
וולדיסלב,M,Jewish,11
חור,M,Jewish,11
חזימה,F,Muslim,11
אימיל,M,Muslim,11
תר,M,Jewish,11
תקלה,M,Jewish,11
זוסיה,M,Jewish,11
ספואת,M,Druze,11
זולפה,F,Jewish,11
זחר,M,Jewish,11
סעד,F,Muslim,11
מכבית,F,Jewish,11
תשומה,M,Jewish,10
אאורל,M,Jewish,10
אאורליה,F,Jewish,10
זולייכה,F,Jewish,10
מכראם,M,Muslim,10
מלבין,M,Jewish,10
מלאקי,F,Muslim,10
אבדור,F,Muslim,10
תקומה,F,Jewish,10
גיאנה,F,Druze,10
גיאנא,F,Muslim,10
יבגנייה,F,Jewish,10
יגאלה,F,Jewish,10
אינגי,F,Muslim,10
וויטלי,M,Jewish,10
עז-אלדין,M,Muslim,10
וולאא,F,Christian-Arab,10
ווליאם,M,Christian-Arab,10
אימי,F,Christian-Arab,10
אבג'ו,F,Jewish,10
אבבצ',F,Jewish,10
אינס,M,Muslim,10
איניס,F,Jewish,10
שבנם,F,Jewish,10
שבלי,M,Christian-Arab,10
משב,F,Jewish,10
משארי,M,Muslim,10
פריס,M,Muslim,10
פרנקי,M,Jewish,10
ידעאל,M,Jewish,10
יהוד,M,Jewish,10
גושו,M,Jewish,10
פתיחה,F,Muslim,10
יהאל,M,Jewish,10
יהויקים,M,Jewish,10
גיזאט,M,Jewish,10
גיזאו,M,Jewish,10
יארי,M,Jewish,10
פריז,M,Muslim,10
פרידריקה,F,Jewish,10
גוסה,M,Jewish,10
מהשיד,F,Jewish,10
מרת,M,Jewish,10
וונדימו,M,Jewish,10
אינייאו,M,Jewish,10
אינטסאר,F,Muslim,10
מדן,M,Jewish,10
אינת,F,Jewish,10
מלוק,F,Druze,10
מלהם,M,Muslim,10
מירם,M,Jewish,10
תספאי,M,Jewish,10
אבטם,F,Jewish,10
אביאור,F,Jewish,10
יהודה-אודי,M,Jewish,10
צ'ארלי,M,Jewish,10
גורג'י,M,Jewish,10
איסיאס,M,Jewish,10
וודג',M,Jewish,10
חטירה,F,Jewish,10
סלאוה,F,Muslim,10
אימראן,M,Muslim,10
שגי,M,Jewish,10
צ'רני,F,Jewish,10
צ'רו,M,Jewish,10
סאמראוויט,F,Jewish,10
יארד,M,Jewish,10
יאקטרינה,F,Jewish,10
סביל,M,Muslim,10
סביונית,F,Jewish,10
יבגניה,F,Muslim,10
אימילי,F,Muslim,10
אילת-השחר,F,Jewish,10
שהירא,F,Muslim,10
וודיאן,F,Muslim,10
איסעאף,F,Druze,10
שאיין,M,Jewish,10
שאיה,F,Jewish,10
איסאל,F,Muslim,10
איסה,M,Muslim,10
גומאנא,F,Muslim,10
גומאנא,F,Christian-Arab,10
צאלון,M,Jewish,10
סאמיח,M,Muslim,10
צביחה,F,Muslim,10
מגדלין,F,Druze,10
ווביטו,F,Jewish,10
עזריהו,M,Jewish,10
שהדה,F,Muslim,10
שהאדי,M,Muslim,10
מרצ'ל,M,Jewish,10
סאמואל,M,Jewish,10
סבינץ',F,Jewish,10
פרחאן,M,Christian-Arab,10
פרזי,M,Jewish,10
מירי-מרים,F,Jewish,10
מליטה,F,Jewish,10
מלי-מלכה,F,Jewish,10
מלי-מזל,F,Jewish,10
תנוה,F,Muslim,10
תמרא,F,Muslim,10
אביבה,F,Muslim,10
גוליאנה,F,Druze,10
צגאיה,M,Jewish,10
יודי,M,Jewish,10
חוויאר,M,Jewish,10
חוסין,F,Druze,10
מגד,F,Jewish,10
מתנאל,F,Jewish,10
איצק,M,Jewish,10
צהייה,M,Jewish,10
צהאינש,F,Jewish,10
יוטב,M,Jewish,10
יוחנס,M,Jewish,10
יולונד,F,Jewish,10
סבע,M,Christian-Arab,10
צופייה,F,Jewish,10
מירית,F,Muslim,10
נאאילה,F,Muslim,10
מתקו,M,Jewish,10
מתקה,F,Jewish,10
חיווט,F,Jewish,10
סיראי,F,Druze,10
וואפי,M,Druze,10
אימד,M,Muslim,10
אבני,M,Jewish,10
אביינך,M,Jewish,10
תמורז,M,Jewish,10
צהר,M,Jewish,10
סאלאם,M,Muslim,10
סאכתה,F,Muslim,10
פרהאן,F,Muslim,10
סברי,M,Jewish,10
גודאדאו,M,Jewish,10
סאיב,M,Christian-Arab,10
סאטי,M,Muslim,10
יומי,F,Jewish,10
גואל,F,Christian-Arab,10
גואדו,M,Jewish,10
שובה,M,Jewish,10
איליאס,M,Christian-Arab,10
איתאל,M,Jewish,10
אישתיאק,F,Druze,10
איתל,F,Jewish,10
מבדא,M,Christian-Arab,10
נאג'י,M,Jewish,10
נאבין,F,Muslim,10
מג'דולין,F,Druze,10
איריס,F,Christian-Arab,10
אכמאל,F,Druze,10
וואסל,M,Muslim,10
סיראז',M,Muslim,10
חייט,F,Muslim,10
וואסה,M,Jewish,10
שהרוק,M,Jewish,10
שהר,M,Jewish,10
מוהנא,M,Christian-Arab,10
יולנה,F,Jewish,10
סאוסם,F,Muslim,10
גוג'אם,F,Jewish,10
גדיף,M,Jewish,10
גהאן,F,Christian-Arab,10
יוסור,F,Druze,10
מירוואת,F,Muslim,10
ספינאו,M,Jewish,10
זיזה,F,Jewish,10
זיון,M,Jewish,10
זיוי,M,Jewish,10
סעאדה,M,Druze,10
ססיליה,F,Christian-Arab,10
גדעון,M,Druze,10
פרדזי,M,Jewish,10
רצי,F,Jewish,10
רפקה,F,Druze,10
אלאי,F,Muslim,10
מארסיל,F,Christian-Arab,10
מארסל,M,Druze,10
מארסל,M,Christian-Arab,10
סגאה,F,Muslim,10
גמאלת,F,Muslim,10
גמשיד,M,Jewish,10
גארו,M,Christian-Arab,10
גד,M,Muslim,10
ציקי,M,Jewish,10
סאבר,M,Christian-Arab,10
מאריאל,F,Jewish,10
מאריא,F,Muslim,10
רפיה,F,Christian-Arab,10
אלג,M,Jewish,10
רקן,M,Muslim,10
אל-רועי,M,Jewish,10
גאנם,M,Christian-Arab,10
צפיר,M,Jewish,10
גאריק,M,Jewish,10
יוקרה,F,Jewish,10
גאלי,F,Druze,10
מירב,F,Druze,10
אבררו,M,Jewish,10
מאקס,M,Jewish,10
מאקה,F,Muslim,10
מאסטואל,F,Jewish,10
נאהיא,F,Muslim,10
מארגו,F,Christian-Arab,10
אלהנוף,F,Muslim,10
אלהודי,F,Jewish,10
חיים-יצחק,M,Jewish,10
חיים-חי,M,Jewish,10
סיסיליא,F,Christian-Arab,10
אבריאלה,F,Jewish,10
מלכו,F,Jewish,10
מלכא,F,Muslim,10
מירום,F,Jewish,10
גנטה,F,Jewish,10
פקרי,M,Muslim,10
וורדי,F,Muslim,10
סלוין,M,Jewish,10
חוחית,F,Jewish,10
חוזאם,M,Druze,10
עוטר,F,Druze,10
עוטמן,M,Muslim,10
נאהיה,F,Christian-Arab,10
תימרה,F,Jewish,10
מלס,M,Jewish,10
אגוד,M,Druze,10
אברהם-חי,M,Jewish,10
אברהם,F,Jewish,10
תליה,F,Jewish,10
גאדי,M,Christian-Arab,10
נתניהו,M,Jewish,10
נתנאלי,M,Jewish,10
מריצה,F,Jewish,10
אייק,M,Jewish,10
שומין,M,Jewish,10
מאנר,F,Muslim,10
וג'יה,F,Muslim,10
וגיהה,F,Druze,10
וגוד,F,Muslim,10
אילנא,F,Muslim,10
גאווין,M,Jewish,10
קאראם,M,Muslim,10
יוראל,M,Jewish,10
נתן,F,Jewish,10
יאד,M,Muslim,10
יאגין,F,Muslim,10
סדיק,M,Druze,10
ג'נית,F,Druze,10
יושי,M,Jewish,10
נתאליא,F,Christian-Arab,10
ג'סלין,F,Jewish,10
ג'ראם,F,Druze,10
קודי,M,Jewish,10
ג'נוה,F,Muslim,10
תימאא,F,Christian-Arab,10
מיעאד,M,Druze,10
מאלק,M,Muslim,10
נאזכ,F,Christian-Arab,10
מוחידין,M,Muslim,10
זוודיה,F,Jewish,10
זוולו,F,Jewish,10
ספרה,F,Jewish,10
קדיה,F,Jewish,10
קונור,M,Jewish,10
ג'מאן,F,Muslim,10
מאיר-ישראל,M,Jewish,10
אליזה,F,Muslim,10
נאטליה,F,Jewish,10
ואסן,F,Muslim,10
חילה,F,Jewish,10
חיכמת,M,Druze,10
סיני,F,Muslim,10
חיסיבו,F,Jewish,10
רסאל,F,Muslim,10
יטאיאו,M,Jewish,10
פנלופה,F,Jewish,10
סהארא,F,Muslim,10
ג'לל,M,Muslim,10
ג'ליאן,F,Jewish,10
אגרי,F,Jewish,10
אילאא,F,Muslim,10
שועייב,M,Muslim,10
אייס,M,Muslim,10
אייס,M,Druze,10
מוישה,M,Jewish,10
זואל,M,Jewish,10
סניאר,F,Muslim,10
ייטאיש,F,Jewish,10
טריק,M,Muslim,10
טרינגו,F,Jewish,10
גרטי,F,Jewish,10
גרט,M,Jewish,10
ג'ייסון,M,Christian-Arab,10
ג'ינאן,F,Druze,10
גריס,F,Jewish,10
גרייב,M,Muslim,10
פליסיטי,F,Jewish,10
אדגה,F,Jewish,10
איילור,M,Jewish,10
איילת,F,Druze,10
אליסר,F,Muslim,10
ואג'די,M,Druze,10
הרשקו,M,Jewish,10
חימא,F,Muslim,10
חירם,M,Jewish,10
ואדחה,F,Muslim,10
מנאלה,F,Jewish,10
מנא,F,Christian-Arab,10
ממיי,F,Jewish,10
אדוארד,M,Muslim,10
אגמון,M,Jewish,10
תיבא,F,Muslim,10
קותיבא,M,Muslim,10
קות,F,Muslim,10
אלירן-אליהו,M,Jewish,10
אלירן,M,Druze,10
נאלה,F,Jewish,10
נאל,M,Druze,10
וורקעלם,F,Jewish,10
חדיזה,F,Muslim,10
וחיד,M,Christian-Arab,10
יימר,M,Jewish,10
ג'ידאא,F,Druze,10
ג'יזל,F,Muslim,10
קטלין,M,Jewish,10
נראל,M,Jewish,10
יישיוורק,F,Jewish,10
ג'וסטין,M,Jewish,10
קטורת,F,Jewish,10
גרצן,M,Jewish,10
רליה,F,Muslim,10
נאנו,F,Jewish,10
אלמס,F,Muslim,10
אלנדב,M,Jewish,10
פלוריאנה,F,Jewish,10
דאון,F,Jewish,10
ימין,M,Muslim,10
ימאם,M,Druze,10
ג'ולית,F,Muslim,10
אדונה,M,Jewish,10
סריה,F,Jewish,10
סרי,F,Jewish,10
סנדרינה,F,Jewish,10
קידן,F,Jewish,10
נצאנט,M,Jewish,10
נצ'יט,F,Jewish,10
עיסאם,F,Druze,10
סימי,M,Jewish,10
רישל,F,Jewish,10
נאסראלדין,M,Muslim,10
מאט,M,Jewish,10
אלסיו,M,Jewish,10
אלמירה,F,Muslim,10
ימסראץ',F,Jewish,10
דאליה,F,Jewish,10
דאני,M,Christian-Arab,10
דאניה,F,Druze,10
טפטה,M,Jewish,10
טפחה,F,Jewish,10
טספייה,M,Jewish,10
אדיאל,M,Jewish,10
מינהאל,M,Druze,10
מולוורק,F,Jewish,10
מרינא,F,Christian-Arab,10
מרין,F,Christian-Arab,10
אייברי,M,Jewish,10
אייו,M,Jewish,10
אייהוש,F,Jewish,10
אייל-אליהו,M,Jewish,10
מנגד,M,Muslim,10
אדילה,F,Jewish,10
אדור,F,Jewish,10
אדוניס,M,Christian-Arab,10
קינאז,F,Muslim,10
קיראז,F,Muslim,10
קיפח,F,Muslim,10
נעמה,F,Christian-Arab,10
קינזי,F,Muslim,10
קלאוד,F,Jewish,10
נעומה,F,Muslim,10
ינקה,F,Jewish,10
ג'וארג'יוס,M,Christian-Arab,10
ג'ואקים,M,Jewish,10
אלרי,M,Jewish,10
אלשנדרה,M,Jewish,10
מאהירה,F,Muslim,10
מאדלין,F,Christian-Arab,10
אלפ,M,Jewish,10
אלעד-יעקב,M,Jewish,10
מאור-מאיר,M,Jewish,10
מנדל,F,Jewish,10
מינדיל,F,Jewish,10
מינא,M,Muslim,10
סרנש,F,Jewish,10
זכות,F,Jewish,10
דאריין,F,Muslim,10
חגיא,M,Jewish,10
חגי,F,Jewish,10
סליאל,M,Jewish,10
אייב,F,Jewish,10
רינאן,M,Druze,10
הנריט,F,Jewish,10
הערש,M,Jewish,10
חלווה,F,Druze,10
טספאיה,M,Jewish,10
ג'ד,F,Jewish,10
ג'בראן,M,Muslim,10
קלב,M,Jewish,10
יסמא,F,Muslim,10
מילין,F,Druze,10
מילן,F,Druze,10
אדראג'או,M,Jewish,10
רינו,M,Jewish,10
מאאמון,M,Muslim,10
מאאל,F,Muslim,10
מרים-מירי,F,Jewish,10
וטפא,F,Muslim,10
עודאללה,M,Muslim,10
ע'די,M,Christian-Arab,10
ע'אדה,F,Muslim,10
ע,M,Muslim,10
סתנאי,F,Muslim,10
זליכה,F,Muslim,10
זלטי,F,Jewish,10
סנד,M,Christian-Arab,10
סנד,F,Muslim,10
זאק,M,Christian-Arab,10
אדלאידה,F,Jewish,10
נסרא,F,Muslim,10
יעד,F,Jewish,10
חלים,M,Druze,10
הנדיל,F,Jewish,10
אמה,M,Jewish,10
אמור,F,Muslim,10
רימאס,F,Christian-Arab,10
לקצ'או,M,Jewish,10
רילי,F,Jewish,10
רינאד,F,Druze,10
ג'באר,M,Muslim,10
פיקרי,M,Muslim,10
פיקו,M,Jewish,10
פיפי,F,Muslim,10
טמה,F,Jewish,10
קלמי,M,Jewish,10
ג'אני,F,Jewish,10
יעל-שרה,F,Jewish,10
נסיר,M,Christian-Arab,10
קליב,M,Jewish,10
רייסי,F,Jewish,10
לן,F,Jewish,10
לנרד,M,Jewish,10
טלאק,M,Muslim,10
דגלס,M,Jewish,10
אדריאנה,F,Muslim,10
תגסט,F,Jewish,10
מרילי,F,Jewish,10
מריל,F,Christian-Arab,10
איידה,F,Muslim,10
אייגון,F,Jewish,10
מוניר,F,Jewish,10
שטפן,M,Jewish,10
נברטו,M,Jewish,10
אמנדא,F,Christian-Arab,10
אהדאא,F,Muslim,10
מילינה,F,Jewish,10
מילינא,F,Christian-Arab,10
קמונה,F,Jewish,10
קלרינה,F,Jewish,10
קלריה,F,Jewish,10
יעקו,M,Jewish,10
יעקבי,M,Jewish,10
בתואל,M,Jewish,10
לליאן,F,Jewish,10
לליאן,F,Druze,10
נג'ואן,M,Christian-Arab,10
אמרם,M,Jewish,10
ריילא,F,Jewish,10
אמלקה,M,Jewish,10
אמלקה,F,Jewish,10
אמלין,F,Jewish,10
אייאן,M,Druze,10
יפרם,M,Jewish,10
טירועלם,F,Jewish,10
תבארכ,F,Muslim,10
אהרון-רון,M,Jewish,10
אהרון,F,Jewish,10
מנחים,M,Jewish,10
מנזומה,F,Muslim,10
עליון,M,Jewish,10
עלי,F,Muslim,10
איזדהאר,F,Druze,10
מונואר,F,Muslim,10
מונייה,F,Druze,10
ע'נא,F,Druze,10
יקויה,M,Jewish,10
בשורה,F,Jewish,10
בשאר,F,Muslim,10
קמם,F,Jewish,10
קסאייה,F,Jewish,10
מנטאמר,F,Jewish,10
עאדל,M,Jewish,10
זמם,F,Jewish,10
זמתו,F,Jewish,10
ברנד,M,Jewish,10
איזה,M,Jewish,10
ליקאא,F,Muslim,10
ריבחי,M,Christian-Arab,10
ריבא,F,Jewish,10
אמתסאל,F,Muslim,10
אמתנאן,F,Muslim,10
ריזיל,F,Jewish,10
נג'י,M,Jewish,10
ברנרד,M,Christian-Arab,10
קנו,M,Jewish,10
פייחאא,F,Muslim,10
סוילמה,F,Muslim,10
פיטפט,F,Jewish,10
דוד-משה,M,Jewish,10
דוד-מאיר,M,Jewish,10
ברינדי,F,Jewish,10
נישאן,M,Christian-Arab,10
ברורית,F,Jewish,10
אוגניוש,M,Jewish,10
סילוויה,F,Jewish,10
אנאגים,F,Muslim,10
רידא,M,Christian-Arab,10
ליקה,F,Muslim,10
וידאד,F,Druze,10
חביבית,F,Jewish,10
אודה-ליה,F,Jewish,10
אוגו,M,Jewish,10
מילאד,F,Muslim,10
ישאמבת,F,Jewish,10
ירנין,M,Jewish,10
נירון,M,Jewish,10
מונצר,M,Muslim,10
מונס,M,Muslim,10
מריאט,F,Jewish,10
מריאו,M,Jewish,10
מוסאב,M,Muslim,10
רטה,M,Jewish,10
לינור,M,Jewish,10
ליסי,F,Jewish,10
סילבין,M,Jewish,10
הלאל,M,Christian-Arab,10
ניר,M,Druze,10
ברוין,F,Muslim,10
פיבי,F,Christian-Arab,10
סולומן,M,Jewish,10
טימופי,M,Jewish,10
דולית,F,Jewish,10
דולי,F,Christian-Arab,10
דולה,F,Muslim,10
מנירה,F,Druze,10
מניסן,M,Jewish,10
הל,M,Jewish,10
חן-חיים,M,Jewish,10
נגאת,M,Muslim,10
ריאאל,F,Muslim,10
איזדיהר,F,Muslim,10
ז'קי,M,Muslim,10
זאדה,F,Druze,10
זמרד,F,Muslim,10
קריסטופר,M,Christian-Arab,10
פטריס,F,Jewish,10
דומיאן,M,Christian-Arab,10
סולי,M,Muslim,10
טיירון,M,Jewish,10
בר-חיים,M,Jewish,10
ישראל-חי,M,Jewish,10
קרסתין,F,Christian-Arab,10
קרניאל,M,Jewish,10
קרן,F,Muslim,10
יתריב,F,Muslim,10
מועדי,M,Druze,10
אנוצה,F,Jewish,10
עלמיה,F,Muslim,10
היצל,F,Jewish,10
עליתה,F,Jewish,10
מייקה,F,Jewish,10
טיזזו,M,Jewish,10
טיזאלו,F,Jewish,10
סולן,F,Jewish,10
סולמון,M,Jewish,10
לילינה,F,Jewish,10
רזלאן,F,Muslim,10
הימאא,F,Muslim,10
הילן,F,Muslim,10
הינון,M,Jewish,10
אנהי,F,Jewish,10
איווה,F,Christian-Arab,10
סולינא,F,Muslim,10
בסמאת,F,Muslim,10
כאמל,M,Muslim,10
ניפוז,F,Muslim,10
ראג'דה,F,Druze,10
ז'ילברט,M,Jewish,10
זנא,F,Muslim,10
עאלא,M,Muslim,10
עאישה,F,Jewish,10
כאסם,M,Muslim,10
ניסן,M,Muslim,10
דור-דוד,M,Jewish,10
דורונה,F,Jewish,10
חאמיס,M,Muslim,10
וינדי,F,Jewish,10
אנייאו,M,Jewish,10
רזג,M,Muslim,10
דורה,F,Christian-Arab,10
בנלי,M,Jewish,10
ראגאד,F,Muslim,10
ראדא,F,Muslim,10
בנימין-בן,M,Jewish,10
בנים,M,Jewish,10
מיימון,M,Jewish,10
מיילי,M,Jewish,10
אניל,M,Jewish,10
אניסים,M,Jewish,10
אנמאר,M,Muslim,10
עמי,M,Druze,10
סילאן,F,Jewish,10
חני-חנה,F,Jewish,10
חנוק,M,Jewish,10
ת'נאא,F,Muslim,10
ששונה,F,Jewish,10
אוזיאס,M,Jewish,10
אווסם,M,Muslim,10
כוכבי,F,Jewish,10
ניני,M,Jewish,10
בנצ'אמלק,F,Jewish,10
בנדטה,F,Jewish,10
סייל,F,Muslim,10
עמיעז,M,Jewish,10
לייביש,M,Jewish,10
נדה,F,Druze,10
נדב,M,Muslim,10
ליליאנה,F,Druze,10
רזאל,F,Jewish,10
ליים,F,Muslim,10
ליל,M,Jewish,10
ראוד,F,Muslim,10
ראה,F,Jewish,10
ראדייה,F,Muslim,10
נינא,F,Christian-Arab,10
נימרה,F,Jewish,10
נימי,M,Jewish,10
פורן,F,Jewish,10
פופי,F,Jewish,10
פוללה,F,Muslim,10
פוליאנה,F,Christian-Arab,10
שייע,M,Jewish,10
איואן,F,Muslim,10
שיע,M,Jewish,10
איבתיהל,F,Muslim,10
איגנציו,M,Jewish,10
איגנץ,M,Jewish,10
איגט,F,Jewish,10
לייאם,M,Jewish,10
היינריך,M,Jewish,10
דוריקה,F,Jewish,10
סונדרה,F,Jewish,10
ראודה,F,Druze,10
בנדר,M,Muslim,10
לייא,F,Christian-Arab,10
ליזא,F,Muslim,10
ליזית,F,Jewish,10
נדאם,M,Muslim,10
רוקו,M,Jewish,10
שימא,F,Jewish,10
מופת,F,Jewish,10
בן,M,Druze,10
ראוחיה,F,Muslim,10
נילאי,M,Jewish,10
בלטה,F,Jewish,10
בלו,M,Jewish,10
ראועה,F,Christian-Arab,10
נייה,F,Jewish,10
שרלט,F,Jewish,10
מייאסה,F,Muslim,10
מיטר,F,Jewish,10
אולריקה,F,Jewish,10
שריקי,M,Muslim,10
אויטה,F,Jewish,10
שרמיין,F,Jewish,10
פוליא,F,Jewish,10
איבתסם,F,Muslim,10
מורז,F,Jewish,10
ליון,M,Christian-Arab,10
אנתסאר,F,Christian-Arab,10
לייא,F,Druze,10
טוראן,F,Jewish,10
דטו,M,Jewish,10
ראיגה,F,Muslim,10
כלימאנס,F,Christian-Arab,10
כמונה,F,Jewish,10
ניוסיה,F,Jewish,10
ראחל,M,Muslim,10
סוסון,M,Jewish,10
ליוא,M,Druze,10
ליהם,F,Jewish,10
ליוי,F,Jewish,10
היולי,F,Jewish,10
מוראדי,F,Muslim,10
סוסאן,F,Druze,10
דיב,M,Druze,10
בירם,M,Muslim,10
ראיד,F,Muslim,10
ז'ואן,F,Jewish,10
סמיך,M,Jewish,10
בינו,M,Jewish,10
פהאמי,M,Muslim,10
פדריקה,F,Jewish,10
טוליב,F,Muslim,10
ביכה,F,Christian-Arab,10
ביירות,F,Druze,10
מיגיר,M,Jewish,10
ליגד,F,Jewish,10
היאד,M,Muslim,10
הזאר,M,Muslim,10
חנסא,F,Muslim,10
חסדיה,F,Jewish,10
היבת,F,Muslim,10
עמראן,M,Druze,10
מיו,M,Jewish,10
שרה,M,Jewish,10
אוסנאת,F,Druze,10
אוסיפ,M,Jewish,10
אומאימה,F,Muslim,10
מסנש,F,Jewish,10
אומייה,M,Muslim,10
כראמה,M,Muslim,10
דילאן,F,Druze,10
פדיה,F,Druze,10
מורה,F,Jewish,10
איאהב,M,Muslim,10
ויסריון,M,Jewish,10
ויקטריה,F,Jewish,10
ויקטוריא,F,Christian-Arab,10
נהואן,F,Druze,10
אסים,M,Muslim,10
אסלא,F,Muslim,10
פדואה,F,Christian-Arab,10
ביזן,M,Jewish,10
ניגל,M,Jewish,10
ראני,M,Jewish,10
אור-יצחק,M,Jewish,10
ורנה,F,Jewish,10
אסמאיל,M,Muslim,10
נהיה,F,Druze,10
ליאם,F,Druze,10
אטראד,M,Muslim,10
שירון,M,Jewish,10
שירו,M,Jewish,10
מורהף,M,Druze,10
ותר,F,Muslim,10
עבדאלגבאר,M,Muslim,10
סמחה,F,Muslim,10
ז'והנה,F,Jewish,10
שרוליק,M,Jewish,10
שרולי,M,Jewish,10
ניג'מה,F,Christian-Arab,10
כרמן,F,Druze,10
ביטריס,F,Jewish,10
ראפיק,M,Muslim,10
חאדיגה,F,Muslim,10
וירג'ני,F,Jewish,10
אטלי,F,Jewish,10
אסמירלדה,F,Jewish,10
רומי,F,Druze,10
הומן,M,Jewish,10
ענבל,F,Muslim,10
ענבאל,F,Druze,10
חסנה,F,Druze,10
ניבא,F,Christian-Arab,10
לאו,F,Jewish,10
ביביאנה,F,Jewish,10
דיקריאת,F,Muslim,10
אסנקה,M,Jewish,10
אסנאקאו,M,Jewish,10
אסעוד,M,Muslim,10
רומאנה,F,Muslim,10
עדין,F,Muslim,10
סוראפל,M,Jewish,10
בורק,F,Muslim,10
רארם,F,Muslim,10
רארד,F,Muslim,10
רבח,M,Muslim,10
מעטסם,M,Muslim,10
שקופה,F,Jewish,10
אור-מאיר,M,Jewish,10
נטעאל,M,Jewish,10
רב,M,Jewish,10
פאתחי,M,Muslim,10
טגנטה,F,Jewish,10
סורי,M,Muslim,10
וירנה,F,Jewish,10
ולדיסלאב,M,Jewish,10
ח'נסא,F,Muslim,10
סלמווית,F,Jewish,10
עניה,F,Jewish,10
ענהיה,F,Jewish,10
לי-פז,F,Jewish,10
לי-יו,F,Jewish,10
סורי,F,Jewish,10
דלפינה,F,Jewish,10
בוטינה,F,Muslim,10
רביח,M,Druze,10
בונצי,F,Jewish,10
נטאשה,F,Muslim,10
נטאלי,F,Druze,10
אסקיבה,F,Jewish,10
נובל,F,Jewish,10
נוארה,F,Druze,10
רוכייה,F,Muslim,10
ענת-חנה,F,Jewish,10
הווידא,F,Muslim,10
הוואן,F,Jewish,10
מוריציו,M,Jewish,10
אוראלה,F,Jewish,10
אור-ציון,M,Jewish,10
שפיגה,F,Muslim,10
בהנאז,F,Jewish,10
בהיה,F,Jewish,10
פארידה,F,Jewish,10
פאקר,M,Muslim,10
פאני,F,Christian-Arab,10
אסרט,M,Jewish,10
אעסם,M,Muslim,10
אסתרי,F,Jewish,10
אסתר-הדסה,F,Jewish,10
עסמאת,M,Muslim,10
חשמונאי,M,Jewish,10
רולנדי,M,Jewish,10
סוריקה,F,Jewish,10
דנור,F,Jewish,10
דנדן,M,Jewish,10
פאירוז,F,Muslim,10
רג'וה,F,Muslim,10
לאקו,M,Jewish,10
נחי,M,Jewish,10
בדרן,M,Muslim,10
נזיהא,F,Muslim,10
מושירה,F,Druze,10
אזר,M,Muslim,10
מותנה,M,Muslim,10
מותים,M,Muslim,10
רוחמי,F,Jewish,10
רוחה,F,Muslim,10
נוואר,M,Muslim,10
לורינה,F,Christian-Arab,10
לורינא,F,Christian-Arab,10
אורילי,F,Jewish,10
סמויל,M,Jewish,10
זקלינה,F,Jewish,10
נזלה,F,Christian-Arab,10
בדאיה,F,Muslim,10
דניאל-חיים,M,Jewish,10
טגה,M,Jewish,10
רוזלן,F,Muslim,10
הגופ,M,Christian-Arab,10
טאאר,M,Muslim,10
חתאם,F,Druze,10
טאו,F,Jewish,10
רוטה,F,Jewish,10
אחדות,F,Jewish,10
אחירם,M,Jewish,10
בגדד,F,Muslim,10
בבת,F,Jewish,10
בבני,M,Jewish,10
רגוה,F,Muslim,10
רגדאן,F,Muslim,10
רגד,M,Christian-Arab,10
אקקי,M,Jewish,10
אקמן,M,Jewish,10
נוהילה,F,Muslim,10
אפראג',F,Muslim,10
לוריאנה,F,Muslim,10
נזי,M,Muslim,10
דניקה,F,Jewish,10
פאטמת,F,Muslim,10
סטיב,M,Druze,10
אוריעד,M,Jewish,10
מפרת,F,Jewish,10
אורלי,F,Muslim,10
שמסה,F,Druze,10
אוריאנה,F,Christian-Arab,10
מטיה,F,Jewish,10
באנה,F,Christian-Arab,10
רדאט,F,Jewish,10
לואי,F,Jewish,10
נזאם,F,Muslim,10
נורמאן,F,Christian-Arab,10
הבל,M,Jewish,10
הבטיה,M,Jewish,10
עצמת,M,Muslim,10
לופו,M,Jewish,10
ארדוגאן,M,Muslim,10
אצחק,M,Muslim,10
לוקמן,M,Muslim,10
לודוביקה,F,Jewish,10
פאולוס,M,Christian-Arab,10
פאוזה,F,Muslim,10
אשרקאת,F,Muslim,10
שמחי,M,Jewish,10
אזאונט,F,Jewish,10
מחמוד,F,Muslim,10
עדאב,F,Muslim,10
עגלה,F,Muslim,10
וליאם,M,Druze,10
ח'יאם,M,Muslim,10
ח'זנה,F,Christian-Arab,10
שלמה,F,Jewish,10
סיאהם,F,Muslim,10
ארווה,M,Jewish,10
לוסייל,F,Muslim,10
עראב,M,Muslim,10
מחמד,M,Jewish,10
מקוולה,F,Jewish,10
עבדלסלאם,M,Muslim,10
רואדה,F,Muslim,10
נוריהן,F,Muslim,10
אתליה,F,Jewish,10
סטפאני,F,Christian-Arab,10
האידי,F,Muslim,10
האזר,F,Muslim,10
נוסאיבה,F,Muslim,10
לוסיאן,M,Druze,10
ארזו,M,Jewish,10
ערין,M,Druze,10
טאיר,M,Jewish,10
לודיבין,F,Jewish,10
לודוויג,M,Jewish,10
אשראף,F,Muslim,10
אשתיה,F,Muslim,10
פאג'ר,M,Muslim,10
דרלי,F,Jewish,10
טאר,M,Muslim,10
סטימיו,M,Jewish,10
עבייר,F,Muslim,10
עבור,F,Muslim,10
אריאל-דוד,M,Jewish,10
רודני,M,Christian-Arab,10
לוניה,M,Jewish,10
לונאר,F,Muslim,10
רודין,F,Christian-Arab,10
רודי,M,Muslim,10
אריעד,M,Jewish,10
עשור,M,Muslim,10
סטרול,M,Jewish,10
שלמון,M,Jewish,10
אורת,F,Jewish,10
ארסלאן,M,Druze,10
לוטף,M,Christian-Arab,10
וניס,F,Christian-Arab,10
ונימין,M,Jewish,10
סמאן,M,Jewish,10
ארינה,F,Muslim,10
ארלט,F,Christian-Arab,10
לולא,F,Muslim,10
רובידה,F,Jewish,10
ארנלה,F,Jewish,10
לויאל,M,Jewish,10
נוראל,F,Druze,10
עת'מאן,M,Muslim,10
טאליא,F,Muslim,10
סטסיה,F,Jewish,10
סטסי,F,Jewish,10
מראב,M,Jewish,10
תרות,M,Muslim,10
אבאינך,M,Jewish,10
גזצ'או,M,Jewish,10
יגנה,F,Jewish,10
סבאה,F,Muslim,10
פרנגיס,F,Jewish,10
גיאת,M,Muslim,10
תני,M,Jewish,10
תרוה,F,Muslim,10
מירתה,F,Jewish,10
זיאדה,F,Muslim,10
ספות,M,Muslim,10
סעדאלדין,M,Muslim,10
זיגמונט,M,Jewish,10
תשורה,F,Jewish,9
זידה,F,Muslim,9
זורית,F,Jewish,9
אבאיינך,M,Jewish,9
אבאו,M,Jewish,9
שארל,M,Christian-Arab,9
אינטיסר,F,Muslim,9
אינטיסאר,F,Muslim,9
אינוקנטי,M,Jewish,9
אינו,M,Jewish,9
משה-מוריס,M,Jewish,9
מהלי,M,Muslim,9
שבותיה,F,Jewish,9
מואנס,M,Christian-Arab,9
מהיוב,M,Druze,9
גיולרה,F,Jewish,9
גיולי,F,Jewish,9
גיזה,F,Jewish,9
פרנצסקה,F,Jewish,9
מחאסן,M,Muslim,9
אזמרלדה,F,Jewish,9
עבר,M,Jewish,9
ח'אדר,M,Muslim,9
ח'ולדה,F,Muslim,9
ונציה,F,Jewish,9
סטלה,F,Christian-Arab,9
רוגו,F,Jewish,9
לולה,F,Muslim,9
נוקד,M,Jewish,9
ארמינה,F,Jewish,9
ארמייס,M,Jewish,9
לויזה,F,Christian-Arab,9
דרסה,F,Jewish,9
עתיד,M,Jewish,9
טאלצא,F,Jewish,9
האבטה,M,Jewish,9
ערפה,F,Jewish,9
סטפני,F,Muslim,9
סטפנו,M,Jewish,9
וסיל,M,Muslim,9
שמאור,M,Jewish,9
אזד,M,Jewish,9
מחדי,M,Muslim,9
מחבובה,F,Jewish,9
אזיזה,F,Jewish,9
אורנתן,M,Jewish,9
שמים,F,Jewish,9
אורציון,M,Jewish,9
עתרה,F,Jewish,9
ארפינה,F,Christian-Arab,9
לוזיאנה,F,Muslim,9
לוצינה,F,Jewish,9
ארזי,F,Druze,9
האיפה,F,Muslim,9
סיאל,F,Muslim,9
סיאל,F,Druze,9
אחז,M,Jewish,9
ולדימור,M,Jewish,9
אשדת,F,Jewish,9
רואנד,F,Christian-Arab,9
לודי,F,Christian-Arab,9
דריאל,M,Jewish,9
פאאדה,F,Muslim,9
סטיון,M,Jewish,9
אריא,F,Muslim,9
לונדה,F,Jewish,9
האג'ר,F,Druze,9
ולדיק,M,Jewish,9
ח'טיב,M,Muslim,9
שלים,M,Jewish,9
ארוס,F,Jewish,9
רוול,M,Jewish,9
שמואל,M,Christian-Arab,9
שמבל,M,Jewish,9
עבדלחמיד,M,Muslim,9
ועוד,F,Muslim,9
וספיה,F,Druze,9
את'יר,M,Muslim,9
אתיאן,M,Christian-Arab,9
באהה,M,Muslim,9
אשגרי,M,Jewish,9
אשווק,F,Muslim,9
ערין,M,Muslim,9
רוזיה,F,Jewish,9
אראדה,F,Muslim,9
אראגאו,M,Jewish,9
לוסין,M,Jewish,9
נויה,F,Muslim,9
רוזא,F,Christian-Arab,9
לובה,M,Jewish,9
לודביק,M,Jewish,9
באמנת,F,Jewish,9
באכזה,F,Muslim,9
דעאא,F,Druze,9
דראל,F,Jewish,9
טביין,F,Jewish,9
סטיב,M,Muslim,9
דרון,M,Jewish,9
ולארי,F,Jewish,9
סטה,F,Jewish,9
דסטין,M,Jewish,9
עבדולה,M,Muslim,9
מחפוז,M,Druze,9
מצטפה,M,Muslim,9
שנארה,F,Muslim,9
שנאל,M,Jewish,9
מטיע,M,Muslim,9
לואלוא,F,Muslim,9
באקרי,M,Muslim,9
באיו,M,Jewish,9
באיה,M,Jewish,9
נורית,F,Druze,9
הג'ר,F,Druze,9
סיאם,M,Muslim,9
עקאף,M,Muslim,9
לדן,F,Jewish,9
נוי,F,Christian-Arab,9
נוזהה,F,Druze,9
לוראנס,M,Christian-Arab,9
רוזל,F,Jewish,9
רוזינה,F,Muslim,9
אקבאל,F,Christian-Arab,9
נוהילה,F,Christian-Arab,9
לוריט,F,Christian-Arab,9
נוזה,F,Muslim,9
אפתיסם,F,Muslim,9
אפתיח'אר,F,Muslim,9
דנקו,M,Jewish,9
פאיג,M,Jewish,9
סטותאו,M,Jewish,9
סטו,F,Jewish,9
הגרה,F,Jewish,9
הגר,F,Druze,9
הגוב,M,Christian-Arab,9
טאג',F,Muslim,9
סיבה,F,Jewish,9
הדלה,F,Muslim,9
אעתידל,F,Muslim,9
רגאב,M,Muslim,9
רגאא,F,Druze,9
לבבית,F,Jewish,9
לבקה,F,Muslim,9
לבנה,M,Jewish,9
רגיד,M,Druze,9
בבה,M,Jewish,9
בבאי,M,Jewish,9
באתול,F,Muslim,9
מזאל,F,Druze,9
אחאי,M,Jewish,9
אזנש,F,Jewish,9
שלוית,F,Jewish,9
נווארה,F,Muslim,9
לוריס,F,Druze,9
מענדיל,M,Jewish,9
וקאר,F,Muslim,9
זרטהון,F,Jewish,9
סמו,F,Jewish,9
לאתין,F,Muslim,9
דניאל-דוד,M,Jewish,9
פאיג,M,Muslim,9
טגט,F,Jewish,9
סחף,M,Jewish,9
רוזליה,F,Christian-Arab,9
נוגוד,F,Muslim,9
לורנצו,M,Jewish,9
אסתר-חנה,F,Jewish,9
הדין,F,Muslim,9
חצב,F,Jewish,9
חרמיאס,M,Jewish,9
חריה,F,Muslim,9
סיבל,F,Muslim,9
רג'יד,M,Druze,9
רג'י,F,Jewish,9
לאריין,F,Muslim,9
בהאה,M,Muslim,9
נזיליה,F,Jewish,9
מפאז,F,Muslim,9
מעתאז,M,Muslim,9
אחסאן,F,Muslim,9
לורנץ,M,Jewish,9
לטיף,M,Druze,9
אסקל,F,Jewish,9
רוייד,M,Muslim,9
חפיז,M,Muslim,9
הודאי,M,Muslim,9
מרגליטה,F,Jewish,9
מיאדא,F,Muslim,9
אורי-יעקב,M,Jewish,9
אוריון,F,Jewish,9
אוריאנה,F,Druze,9
בוגלה,M,Jewish,9
פארדוס,F,Muslim,9
פאר-לי,F,Jewish,9
סורפל,M,Jewish,9
רויאן,F,Muslim,9
ולא,M,Muslim,9
וירחיניה,F,Jewish,9
סלסבילא,F,Muslim,9
ליאון,M,Druze,9
לי-אם,M,Jewish,9
לי-אב,F,Jewish,9
דמקה,F,Jewish,9
בו,M,Jewish,9
בולור,F,Jewish,9
לאילה,F,Jewish,9
בההא,M,Muslim,9
בהנאם,M,Jewish,9
לאקאצ'ו,M,Jewish,9
מטר,M,Christian-Arab,9
מטעב,M,Muslim,9
רולאן,M,Christian-Arab,9
לאונה,M,Jewish,9
לאונאל,M,Jewish,9
לאוזה,F,Jewish,9
בוסימה,F,Muslim,9
לאוקדיה,F,Jewish,9
מי-אל,F,Jewish,9
אוסילה,F,Muslim,9
אור-פז,F,Jewish,9
מיאם,F,Druze,9
אור-משה,M,Jewish,9
בורכו,F,Jewish,9
פאשה,M,Jewish,9
טגנייץ',F,Jewish,9
סוריאנה,F,Muslim,9
מורשד,M,Druze,9
עדיה,F,Druze,9
אספרנס,F,Jewish,9
אסנה,F,Jewish,9
אסנקצ',F,Jewish,9
אסנקו,M,Jewish,9
רומל,M,Muslim,9
רומייסה,F,Muslim,9
רומייסא,F,Muslim,9
ליאד,M,Jewish,9
ליאונרדו,M,Christian-Arab,9
אסמע,F,Muslim,9
ויקטור-חיים,M,Jewish,9
טדפלץ',F,Jewish,9
טדי,F,Jewish,9
ראשיל,F,Christian-Arab,9
ראשה,F,Jewish,9
כתריאלה,F,Jewish,9
וירוניקה,F,Christian-Arab,9
שירי,F,Muslim,9
הותאף,F,Muslim,9
סידרא,F,Christian-Arab,9
ביאזיד,M,Muslim,9
ניבאל,M,Muslim,9
ניאר,M,Muslim,9
ביאדר,F,Muslim,9
בטוש,F,Jewish,9
ראסיל,F,Druze,9
ביג'אן,M,Jewish,9
פביין,M,Jewish,9
דיניז,F,Muslim,9
דכרא,F,Muslim,9
פבי,F,Jewish,9
דלאל,M,Muslim,9
אסמא,M,Muslim,9
אסלף,F,Jewish,9
ליאלה,F,Muslim,9
אסייל,M,Muslim,9
אסין,F,Muslim,9
ליאנדרו,M,Jewish,9
שירז,M,Muslim,9
זקוי,M,Jewish,9
ז'ואן,M,Jewish,9
כרמאן,F,Muslim,9
ניברט,F,Jewish,9
ניבית,F,Jewish,9
ראסלן,M,Muslim,9
עדיי,F,Jewish,9
סלמאס,F,Muslim,9
חאזן,M,Christian-Arab,9
רונאק,F,Muslim,9
אסגוזה,F,Jewish,9
נהד,M,Muslim,9
נהאלה,F,Muslim,9
דינאי,M,Jewish,9
ראן,F,Muslim,9
ניגאר,F,Jewish,9
ביילין,M,Jewish,9
ראמי,M,Jewish,9
ביזאן,M,Jewish,9
ראנו,F,Jewish,9
ראנה,F,Jewish,9
ורטן,M,Jewish,9
ז'אן,M,Muslim,9
חפצה,F,Muslim,9
אסמאהאן,F,Muslim,9
רוניה,F,Muslim,9
הטי,F,Jewish,9
סיווין,F,Muslim,9
היבאא,F,Muslim,9
היאל,M,Muslim,9
אנתנש,F,Jewish,9
אוסווה,F,Muslim,9
אוסאן,F,Jewish,9
שריהאן,F,Druze,9
נידאה,F,Muslim,9
בילאסן,F,Muslim,9
טוביהו,M,Jewish,9
מרגרט,F,Christian-Arab,9
מורייל,F,Jewish,9
שיראל,F,Christian-Arab,9
אסלה,F,Druze,9
ראיקה,F,Druze,9
עאפף,F,Muslim,9
עאסף,M,Muslim,9
ז'וליאנה,F,Jewish,9
ז'וליאט,F,Jewish,9
ז'ולט,M,Jewish,9
זנבש,F,Jewish,9
זנבץ',F,Jewish,9
סמייה,F,Christian-Arab,9
זעירה,F,Jewish,9
ראיס,M,Muslim,9
ביקה,F,Jewish,9
טולה,F,Jewish,9
ליהב,F,Jewish,9
אסטה,F,Jewish,9
אסחאר,F,Muslim,9
הידיה,F,Muslim,9
הידאיא,F,Muslim,9
היבתאללה,F,Muslim,9
עממאר,M,Muslim,9
עמל,M,Jewish,9
עמית-דוד,M,Jewish,9
סיונית,F,Jewish,9
אנצ'ינלו,F,Jewish,9
אנפיסה,F,Jewish,9
מרואא,F,Muslim,9
טופיג,M,Jewish,9
דידו,M,Jewish,9
ניהאל,F,Christian-Arab,9
כנאר,M,Druze,9
בישרא,F,Muslim,9
ראלי,F,Muslim,9
מרה,F,Muslim,9
איבה,F,Jewish,9
ליז,F,Muslim,9
נדר,F,Jewish,9
נדיפה,F,Muslim,9
אנתוני,M,Christian-Arab,9
אנשרח,F,Muslim,9
דז'וליאטה,F,Jewish,9
דז'ולטה,F,Jewish,9
בכטיאר,M,Jewish,9
ניזאם,F,Muslim,9
כנא,F,Muslim,9
דז'ורה,M,Jewish,9
פהמי,M,Druze,9
דיאן,F,Christian-Arab,9
אסאי,M,Muslim,9
בלייר,F,Jewish,9
ראונה,F,Muslim,9
כלי,F,Jewish,9
שרליז,F,Jewish,9
מסי,M,Jewish,9
מייטה,F,Jewish,9
שרית,F,Druze,9
אויגן,M,Jewish,9
כליף,M,Jewish,9
בן-יוסף,M,Jewish,9
סומר,M,Druze,9
פולי,M,Jewish,9
אידי,M,Jewish,9
איבה,F,Christian-Arab,9
איבא,F,Muslim,9
איב,F,Christian-Arab,9
בנדלי,M,Christian-Arab,9
בנדטו,M,Jewish,9
ליזיאן,F,Jewish,9
רועי-יצחק,M,Jewish,9
רועי-יעקב,M,Jewish,9
רוקסאן,F,Jewish,9
רוקן,M,Muslim,9
רוקי,M,Jewish,9
רוקון,M,Druze,9
מרזוק,M,Christian-Arab,9
שילהב,F,Jewish,9
במבי,F,Jewish,9
ראום,F,Muslim,9
כיפח,F,Muslim,9
כיפאייה,F,Muslim,9
כיפאח,F,Druze,9
איבת,F,Christian-Arab,9
מופתייה,F,Muslim,9
אנסטסייה,F,Jewish,9
לייאלי,F,Muslim,9
היוון,F,Jewish,9
סיילום,M,Jewish,9
סוניא,F,Druze,9
טזאנו,F,Jewish,9
סונבלה,F,Muslim,9
סונאי,M,Muslim,9
כלילת,F,Jewish,9
בן-ראובן,M,Jewish,9
ראווי,M,Christian-Arab,9
כיאן,F,Christian-Arab,9
כינאנה,F,Muslim,9
ניללי,F,Christian-Arab,9
בניים,M,Jewish,9
בנצ'אלם,F,Jewish,9
חנלי,F,Jewish,9
היימנות,M,Jewish,9
היימאן,M,Muslim,9
אנס,F,Christian-Arab,9
לייו,F,Jewish,9
נדאר,M,Muslim,9
ליילה,F,Druze,9
בנג'י,M,Jewish,9
כוסר,F,Muslim,9
פורג'ה,F,Muslim,9
דוריאן,M,Druze,9
דורטה,F,Jewish,9
פוליט,F,Jewish,9
איהד,M,Muslim,9
מסאר,F,Muslim,9
אנייאט,F,Jewish,9
היית'ם,F,Muslim,9
עמי,M,Muslim,9
עמאר,M,Christian-Arab,9
עדני,M,Jewish,9
ויטי,F,Jewish,9
ויטולד,M,Jewish,9
וילים,M,Jewish,9
וילים,M,Druze,9
אוליסיה,F,Jewish,9
אוולין,F,Druze,9
אווטש,F,Jewish,9
ששיה,F,Jewish,9
מסאלם,M,Muslim,9
כוכב,F,Druze,9
ויציסלב,M,Jewish,9
אנטיה,F,Jewish,9
אניוטה,F,Jewish,9
ליל,F,Druze,9
לייף,M,Jewish,9
נגלא,F,Druze,9
רזקאללה,M,Christian-Arab,9
לילי,M,Jewish,9
נגין,F,Jewish,9
בנסון,M,Jewish,9
בנימינו,M,Jewish,9
ראגד,M,Druze,9
ניסיי,M,Jewish,9
ניסי,M,Jewish,9
כילאני,M,Muslim,9
כייס,M,Muslim,9
כאדר,M,Muslim,9
כאמיל,M,Muslim,9
כאלב,M,Jewish,9
ראג'ב,M,Druze,9
מייקל,F,Jewish,9
סמנאו,M,Jewish,9
ניסנה,F,Jewish,9
דורגאם,M,Christian-Arab,9
פזי,F,Jewish,9
טיאבה,F,Muslim,9
טטקו,F,Jewish,9
טיגאב,F,Jewish,9
דורותיה,F,Jewish,9
חאסם,M,Muslim,9
וינרה,F,Jewish,9
עדל,M,Jewish,9
טיהונה,F,Jewish,9
רזין,M,Druze,9
רזיטה,F,Jewish,9
חנה-אנט,F,Jewish,9
סילבי,F,Christian-Arab,9
סילאר,F,Druze,9
הינדע,F,Jewish,9
אנהיד,F,Muslim,9
שיבל,M,Muslim,9
איזאר,M,Muslim,9
סולין,F,Jewish,9
סולין,F,Druze,9
כאתיא,F,Muslim,9
בסיליוס,M,Christian-Arab,9
בסמלא,F,Muslim,9
קתאדה,M,Muslim,9
אנולה,F,Jewish,9
לימאס,F,Muslim,9
לימאי,M,Jewish,9
אנזורי,M,Jewish,9
אנושקה,F,Jewish,9
עליסיה,F,Jewish,9
מייקה,M,Jewish,9
מייק,M,Druze,9
מנסא,F,Druze,9
תאייסיר,M,Muslim,9
תאיו,M,Jewish,9
אודין,M,Druze,9
יתברק,M,Jewish,9
קרמה,F,Muslim,9
דוניס,F,Christian-Arab,9
דונייה,F,Muslim,9
פטפטיה,F,Jewish,9
דומיאנה,F,Christian-Arab,9
פטין,M,Christian-Arab,9
סולימאן,M,Jewish,9
בראון,M,Jewish,9
קרל,F,Jewish,9
ישמו,F,Jewish,9
ישמבל,F,Jewish,9
ניעמאן,M,Muslim,9
בקיזה,F,Muslim,9
תאורה,F,Muslim,9
איוואן,F,Muslim,9
שייכה,F,Muslim,9
מוסטפא,M,Jewish,9
מרחביה,M,Jewish,9
איווט,F,Christian-Arab,9
רטה,F,Jewish,9
רחל-לי,F,Jewish,9
לינו,M,Jewish,9
לינל,F,Jewish,9
ריאבאל,M,Druze,9
אנדיהנאו,M,Jewish,9
אנדז'לה,F,Jewish,9
אנדור,M,Jewish,9
מונתה,F,Muslim,9
ז'יסלן,F,Jewish,9
ז'רר,M,Jewish,9
סמנת'ה,F,Jewish,9
זנאנש,F,Jewish,9
זאהרא,F,Muslim,9
ברבארה,F,Christian-Arab,9
ישע,M,Jewish,9
קריס,M,Jewish,9
ישוע,M,Jewish,9
מונעם,M,Druze,9
מונסר,M,Muslim,9
שיח,F,Muslim,9
איזאביל,F,Christian-Arab,9
מרטין,M,Druze,9
ליסה,F,Druze,9
ישהרג,F,Jewish,9
ברוכי,F,Jewish,9
דווי,M,Jewish,9
סולטן,M,Jewish,9
מניני,M,Jewish,9
מניליק,M,Jewish,9
חן,M,Muslim,9
סילבר,M,Jewish,9
אנג'ם,F,Muslim,9
אנג'לינה,F,Druze,9
ליעז,M,Jewish,9
רידאן,F,Muslim,9
אנאר,F,Muslim,9
וידיאן,F,Christian-Arab,9
וידא,F,Christian-Arab,9
חאקם,M,Muslim,9
מני,F,Jewish,9
אודהיה,F,Jewish,9
אואן,M,Jewish,9
אהרן-רוני,M,Jewish,9
מנטסנוט,M,Jewish,9
בריגט,F,Jewish,9
ברהא,F,Muslim,9
ברה,M,Jewish,9
ברכתיה,F,Jewish,9
פיטגה,F,Jewish,9
דודה,F,Jewish,9
טימורז,M,Jewish,9
סולאן,F,Muslim,9
פידן,F,Jewish,9
נירה,F,Druze,9
בריטה,F,Jewish,9
ברין,F,Jewish,9
ירמוק,M,Muslim,9
ברזיט,F,Jewish,9
קרואן,F,Christian-Arab,9
אוגוסטו,M,Jewish,9
אוגוסט,M,Jewish,9
עלין,F,Jewish,9
המיס,F,Muslim,9
ירבעלם,F,Jewish,9
חבי,F,Jewish,9
חבטאם,F,Jewish,9
עדרה,F,Muslim,9
שיבבאו,M,Jewish,9
שיבאן,M,Muslim,9
נג'לאא,F,Christian-Arab,9
ליראז,F,Druze,9
ריחנה,F,Jewish,9
דואן,F,Jewish,9
טירואיינט,F,Jewish,9
טירסו,F,Jewish,9
דוברו,F,Jewish,9
בריש,M,Jewish,9
קסי,F,Jewish,9
ירדן,F,Muslim,9
קמע,F,Jewish,9
קמלה,F,Jewish,9
קסאנש,F,Jewish,9
קסאהון,M,Jewish,9
קנן,M,Jewish,9
מנטגווש,F,Jewish,9
מילאנה,F,Druze,9
תאלי,F,Muslim,9
זאדת,F,Christian-Arab,9
עאודה,M,Muslim,9
עאדלה,F,Christian-Arab,9
זמיר,F,Jewish,9
זמורוד,F,Muslim,9
סמראוויט,F,Jewish,9
תביאן,F,Muslim,9
נללה,F,Jewish,9
קנדי,M,Jewish,9
לירן,M,Muslim,9
אנא,F,Druze,9
הלן,M,Jewish,9
חמה,F,Jewish,9
חמדללה,M,Muslim,9
חמדייה,F,Muslim,9
ריי,M,Druze,9
מונדי,M,Jewish,9
מוני,M,Muslim,9
מונטנה,F,Jewish,9
איזיאסלב,M,Jewish,9
זאיידה,F,Muslim,9
זאכי,M,Jewish,9
אדריה,F,Jewish,9
נמיג,M,Jewish,9
בת אל,F,Muslim,9
מוניה,F,Christian-Arab,9
מריבל,F,Jewish,9
אמראן,M,Muslim,9
אמרן,M,Jewish,9
אמלי,F,Christian-Arab,9
למאי,F,Jewish,9
אייאם,F,Muslim,9
קמוס,M,Jewish,9
ננו,M,Jewish,9
פימן,M,Jewish,9
פיליפ,F,Jewish,9
פיית,F,Jewish,9
דדה,F,Jewish,9
דגסו,M,Jewish,9
טירוסו,F,Jewish,9
מילי,M,Jewish,9
מילוק,F,Druze,9
מרילה,F,Jewish,9
מונאיא,F,Druze,9
שי-ישראל,M,Jewish,9
שי-יהושע,M,Jewish,9
שטה,M,Jewish,9
נג'אתי,M,Muslim,9
נג'אה,F,Muslim,9
למיתה,F,Christian-Arab,9
מנוחה-רחל,F,Jewish,9
אדנה,F,Muslim,9
ג'אדי,M,Druze,9
יפה,M,Jewish,9
נסאם,F,Muslim,9
יצחק,F,Jewish,9
חמידו,M,Muslim,9
הנדי,M,Muslim,9
הנאיה,F,Muslim,9
עלאלדין,M,Muslim,9
עלאיה,F,Muslim,9
הנוך,M,Jewish,9
ג'אידה,F,Muslim,9
ג'אז,F,Jewish,9
ג'אורג',M,Jewish,9
ג'אוהר,F,Muslim,9
דבריה,F,Jewish,9
דבקה,F,Jewish,9
פיניה,M,Jewish,9
טלאהון,M,Jewish,9
יצחק-מאיר,M,Jewish,9
אדריאנו,M,Jewish,9
אמיטל,F,Jewish,9
אמיאל,M,Jewish,9
רינאא,F,Muslim,9
דאשה,F,Jewish,9
פיקראדיס,F,Jewish,9
פיקר,F,Jewish,9
פיפי,F,Jewish,9
טלינה,F,Jewish,9
טלין,F,Jewish,9
אמנא,F,Muslim,9
ריכאז,F,Muslim,9
לנינה,F,Jewish,9
נבראס,M,Muslim,9
נבית,F,Jewish,9
לקא,F,Muslim,9
אמיר-מאיר,M,Jewish,9
אמה-לי,F,Jewish,9
אמאליה,F,Druze,9
אמאי,F,Jewish,9
נב,M,Jewish,9
אמאוואיש,F,Jewish,9
מוליה,F,Jewish,9
עודיה,M,Muslim,9
תדלה,M,Jewish,9
זליח'ה,F,Muslim,9
סרקה,F,Jewish,9
יסראש,F,Jewish,9
חמאדא,M,Muslim,9
חלן,F,Jewish,9
סימאצ'ו,M,Jewish,9
רימונדה,F,Druze,9
אמורי,F,Jewish,9
הנריקו,M,Jewish,9
הענדי,F,Jewish,9
עירם,M,Jewish,9
חלוה,F,Christian-Arab,9
חלוד,F,Druze,9
טנגיס,M,Jewish,9
טסנים,F,Muslim,9
ג'אקי,M,Christian-Arab,9
ג'ד,M,Muslim,9
נסרלדין,M,Muslim,9
נסריה,F,Muslim,9
ג'אנל,F,Jewish,9
יסר,M,Muslim,9
אמאסי,F,Muslim,9
נבט,M,Jewish,9
אמדאו,M,Jewish,9
מאהרן,M,Muslim,9
נאסרין,F,Druze,9
מולוק,F,Muslim,9
אדמה,F,Druze,9
סרינה,F,Christian-Arab,9
סריי,M,Muslim,9
זהוא,F,Muslim,9
דארין,M,Jewish,9
דארה,F,Muslim,9
דארא,F,Muslim,9
פירז,M,Muslim,9
פירוז,M,Jewish,9
טניא,F,Jewish,9
חדאר,M,Muslim,9
סליח,M,Muslim,9
שחלו,F,Jewish,9
ינאטפנטה,F,Jewish,9
קים,F,Muslim,9
קירובל,M,Jewish,9
קיסאר,M,Muslim,9
ג'והאנה,F,Jewish,9
יניב-משה,M,Jewish,9
נעומי,F,Muslim,9
ינסו,F,Jewish,9
ג'וד,F,Druze,9
אדמונדו,M,Jewish,9
חלדייה,F,Muslim,9
ריס,M,Jewish,9
נארמאן,F,Muslim,9
נארין,F,Druze,9
ריצרד,M,Christian-Arab,9
מאור,M,Muslim,9
מרימאן,F,Muslim,9
איין,F,Jewish,9
איימרו,M,Jewish,9
אייטנאו,M,Jewish,9
אייטן,F,Muslim,9
ריסאן,M,Druze,9
סימה-שמחה,F,Jewish,9
הר,M,Jewish,9
תוהאמי,M,Muslim,9
אדלה,F,Christian-Arab,9
מנאר,M,Druze,9
ג'וזיף,M,Christian-Arab,9
ג'וודת,M,Muslim,9
קימחית,F,Jewish,9
ינאל,M,Christian-Arab,9
ינאית,F,Jewish,9
הריאל,M,Jewish,9
סימונה,M,Jewish,9
סימונה,F,Muslim,9
מאיו,M,Jewish,9
רירי,F,Jewish,9
אלמאסה,F,Muslim,9
רם-רחמים,M,Jewish,9
אלמור,M,Jewish,9
קיים,M,Jewish,9
נף,F,Muslim,9
ימנוש,F,Jewish,9
קיילב,M,Jewish,9
ג'וליאנו,M,Jewish,9
סוהאן,F,Muslim,9
ג'וזלאן,F,Muslim,9
מולוסאו,M,Jewish,9
קיה,F,Jewish,9
אדויג,F,Jewish,9
זהי,M,Muslim,9
סרז,M,Jewish,9
סרור,F,Muslim,9
זהראה,F,Muslim,9
סנטו,M,Jewish,9
סנטאייהו,F,Jewish,9
תחריר,M,Muslim,9
ים,M,Druze,9
ילקאל,M,Jewish,9
קיליאן,M,Jewish,9
קילי,F,Jewish,9
קייסי,M,Jewish,9
קיין,M,Jewish,9
עיסמת,M,Muslim,9
רכאד,F,Muslim,9
אלן,M,Muslim,9
חלום,F,Jewish,9
הרמלה,F,Jewish,9
הרמוני,F,Jewish,9
עינת,F,Druze,9
סימצ'או,M,Jewish,9
סימנש,F,Jewish,9
חכם,M,Druze,9
ואגדי,M,Muslim,9
אליקיר,M,Jewish,9
פלוריאן,F,Jewish,9
סוב,F,Muslim,9
ד'יאא,M,Muslim,9
ימאם,M,Muslim,9
ג'וליט,F,Christian-Arab,9
נאלבי,M,Muslim,9
אלכס,M,Muslim,9
אללאא,F,Muslim,9
רמילה,F,Jewish,9
וורקאי,F,Jewish,9
סלי,F,Christian-Arab,9
חדיגיה,F,Muslim,9
חדיג'ה,F,Muslim,9
ג'וריה,F,Druze,9
יינית,F,Jewish,9
קטף,F,Muslim,9
קטנה,F,Muslim,9
נקטר,F,Jewish,9
פלורן,F,Jewish,9
פלוריקה,F,Jewish,9
אלמנתסר,M,Muslim,9
עינב,F,Muslim,9
עינאל,F,Jewish,9
ואז'ה,M,Jewish,9
חינקה,F,Jewish,9
סינדיאן,F,Muslim,9
מרלה,F,Christian-Arab,9
איישה,F,Muslim,9
אדואר,M,Muslim,9
תורה,F,Muslim,9
תורה,F,Jewish,9
אגנהו,M,Jewish,9
תידהר,M,Jewish,9
מיסלון,F,Christian-Arab,9
קותאר,F,Muslim,9
ג'זאל,M,Muslim,9
נאלה,F,Druze,9
סרדר,M,Jewish,9
סרארי,F,Muslim,9
סראי,M,Druze,9
אג'ווד,M,Druze,9
קונסטנס,F,Jewish,9
נרין,F,Christian-Arab,9
פני,M,Jewish,9
גרזינה,F,Jewish,9
ג'יימס,M,Christian-Arab,9
ג'יידאא,F,Muslim,9
נרדי,M,Jewish,9
ג'ינאן,F,Christian-Arab,9
גריגוריי,M,Jewish,9
גריגור,M,Jewish,9
סואסן,F,Muslim,9
אליעזרה,F,Jewish,9
מיציסלב,M,Jewish,9
שומוך,F,Muslim,9
שוכת,M,Muslim,9
שוקאת,M,Muslim,9
אייסל,F,Christian-Arab,9
מולגטה,M,Jewish,9
עינאב,F,Muslim,9
רנאל,F,Druze,9
רנאד,M,Druze,9
אלייסף,M,Jewish,9
רנא,F,Jewish,9
אלינוע,F,Jewish,9
זואי,M,Jewish,9
סנטייהו,F,Jewish,9
סנטיה,F,Christian-Arab,9
זינא,F,Christian-Arab,9
נאייפה,F,Muslim,9
נאייל,M,Muslim,9
אליה,M,Druze,9
מאירם,F,Jewish,9
מאירה,F,Muslim,9
נאטאלי,F,Jewish,9
ואפי,M,Christian-Arab,9
יזייד,M,Muslim,9
ג'מיל,M,Jewish,9
גסק,F,Muslim,9
פנתהון,M,Jewish,9
פנית,F,Jewish,9
טרן,F,Jewish,9
סדף,F,Muslim,9
ג'ית',M,Muslim,9
ממאי,M,Jewish,9
אילאנה,F,Druze,9
אילי,M,Druze,9
אילזה,F,Jewish,9
אילובו,M,Jewish,9
שוחרט,M,Jewish,9
שוויה,F,Jewish,9
מלקום,M,Jewish,9
מיראי,F,Druze,9
זויא,F,Muslim,9
זוזו,F,Muslim,9
נשואן,M,Druze,9
נשאת,F,Muslim,9
קדר,F,Druze,9
קברת,M,Jewish,9
קווין,M,Christian-Arab,9
יזן,F,Muslim,9
נתי,M,Muslim,9
גנרי,M,Jewish,9
טשאלה,M,Jewish,9
יאגוב,M,Muslim,9
גסי,F,Jewish,9
ג'ני,M,Jewish,9
ג'סיקא,F,Christian-Arab,9
יזבאלם,F,Jewish,9
אגינצ'ה,F,Jewish,9
רנימה,F,Muslim,9
רניי,F,Jewish,9
אלזביטה,F,Jewish,9
אלורה,F,Druze,9
רסלין,F,Muslim,9
נאורס,M,Christian-Arab,9
נאוף,M,Muslim,9
נתנלי,F,Jewish,9
מוחסנה,F,Muslim,9
מרינלה,F,Jewish,9
מרליין,F,Muslim,9
עיינא,F,Muslim,9
חייר,M,Druze,9
סינמיס,F,Muslim,9
מרסאל,M,Muslim,9
שואנש,F,Jewish,9
גאורגינה,F,Jewish,9
קאין,F,Muslim,9
ג'ראלד,M,Jewish,9
ג'שוע,M,Jewish,9
ג'רנאס,F,Muslim,9
ג'רמס,M,Christian-Arab,9
יורב,M,Jewish,9
תיפארת,F,Jewish,9
סלום,M,Muslim,9
סלווא,F,Christian-Arab,9
חילי,F,Jewish,9
נאהידה,F,Christian-Arab,9
אלון,M,Druze,9
אלזהרה,F,Muslim,9
רפאל-רפי,M,Jewish,9
רפאל-חי,M,Jewish,9
רפאיה,F,Muslim,9
תינוק,M,Jewish,9
אבתיסאל,F,Muslim,9
מלסה,F,Jewish,9
מיראן,F,Christian-Arab,9
אברהם-יעקב,M,Jewish,9
סאאדה,F,Druze,9
מירב-מרים,F,Jewish,9
אלגרין,F,Jewish,9
מארטה,F,Jewish,9
אלהיי,M,Jewish,9
אלהי,M,Jewish,9
ודאע,F,Muslim,9
ודאט,M,Jewish,9
תירן,M,Druze,9
אברהט,F,Jewish,9
מלכיאלה,F,Jewish,9
פראן,F,Jewish,9
פראמרז,M,Jewish,9
פראז,M,Muslim,9
גאואד,M,Muslim,9
גאהד,M,Muslim,9
אבשי,M,Jewish,9
ודפה,F,Muslim,9
ודיעה,F,Muslim,9
עידו,F,Jewish,9
מאריאנה,F,Jewish,9
מארין,F,Druze,9
אלבר,F,Jewish,9
אלברטה,F,Jewish,9
אל-ארי,M,Jewish,9
סאביל,F,Muslim,9
גאיית,M,Muslim,9
קאטיה,F,Christian-Arab,9
גאיס,M,Muslim,9
יועזר,M,Jewish,9
גאלי,M,Christian-Arab,9
תליד,F,Muslim,9
מירבד,F,Muslim,9
מארסל,M,Muslim,9
נאגלה,F,Muslim,9
נאגיב,M,Muslim,9
נאגוה,F,Muslim,9
נאג'ת,F,Muslim,9
גאראם,F,Muslim,9
צפוות,M,Muslim,9
צפואן,M,Muslim,9
גבי,M,Muslim,9
צמוד,F,Muslim,9
גבירה,F,Jewish,9
גאניס,F,Jewish,9
יוסף-דוד,M,Jewish,9
סאג'וד,F,Muslim,9
והדאן,M,Muslim,9
והב,M,Druze,9
יוסופ,M,Jewish,9
מירואת,F,Muslim,9
אבר,M,Jewish,9
ססיל,F,Christian-Arab,9
זולה,F,Jewish,9
יאמור,F,Muslim,9
גלעדה,F,Jewish,9
פרדג'י,M,Jewish,9
יאושיהו,M,Jewish,9
יאלטו,F,Jewish,9
יאל,M,Jewish,9
רקאד,M,Muslim,9
מארלה,F,Christian-Arab,9
מאשע,F,Jewish,9
רשבי,M,Jewish,9
רשאן,F,Muslim,9
איריסי,F,Jewish,9
מג'אד,M,Muslim,9
נאג'לה,F,Muslim,9
מברוקה,F,Muslim,9
וואדחה,F,Muslim,9
חיינה,F,Jewish,9
אילקה,F,Jewish,9
שהר,M,Muslim,9
מוהיבה,F,Muslim,9
מוזיין,F,Druze,9
יונאן,M,Druze,9
סאחרה,F,Muslim,9
גובאני,M,Christian-Arab,9
ציפור,F,Jewish,9
גוא,F,Muslim,9
גהאד,M,Muslim,9
יולא,F,Druze,9
פרוים,M,Jewish,9
פרהוד,M,Christian-Arab,9
גלילה,F,Christian-Arab,9
גליל,F,Jewish,9
פרה,F,Jewish,9
סג'ד,M,Muslim,9
סג'א,F,Muslim,9
סאטי,M,Christian-Arab,9
גוהינה,F,Christian-Arab,9
ציוני,M,Jewish,9
ציגרדה,F,Jewish,9
שהר,F,Jewish,9
איליהו,M,Jewish,9
מוזין,F,Christian-Arab,9
נאג',M,Muslim,9
גלה,F,Muslim,9
רשראש,M,Muslim,9
ווארדה,F,Muslim,9
וובסירה,F,Jewish,9
וובנך,M,Jewish,9
וובית,F,Jewish,9
איראז,F,Muslim,9
מוגיר,M,Muslim,9
מוגהד,M,Muslim,9
מוהד,M,Muslim,9
מירית,F,Druze,9
מירון,M,Christian-Arab,9
אבקיילש,F,Jewish,9
תמין,M,Muslim,9
אבין,M,Jewish,9
צודקי,M,Muslim,9
חווי,F,Jewish,9
סלבנה,F,Jewish,9
מגדולנה,F,Jewish,9
מתעב,M,Druze,9
מתן-דוד,M,Jewish,9
שאי,F,Jewish,9
שאחדה,M,Muslim,9
שאול-שי,M,Jewish,9
שאהינאז,F,Muslim,9
צהיינך,M,Jewish,9
גוליאן,F,Christian-Arab,9
פרזאד,M,Jewish,9
גלא,F,Druze,9
גיתי,F,Jewish,9
פרונה,F,Jewish,9
יאנא,F,Christian-Arab,9
גיפרי,M,Jewish,9
פרח,M,Jewish,9
גוליאנו,M,Christian-Arab,9
תמור,M,Jewish,9
מלי,F,Muslim,9
תמרת,F,Jewish,9
אביגיא,M,Jewish,9
אביביה,F,Jewish,9
אביב,M,Druze,9
מיריל,F,Jewish,9
צדי,M,Jewish,9
יודל,M,Jewish,9
יודיף,F,Jewish,9
גוי,M,Jewish,9
ווניו,M,Jewish,9
עומרי,F,Muslim,9
צביאלה,F,Jewish,9
יוגין,M,Jewish,9
איפרוד,F,Jewish,9
מתיתיה,M,Jewish,9
מתיקו,M,Jewish,9
מתילדא,F,Christian-Arab,9
מדא,F,Druze,9
עטאב,F,Muslim,9
חוראלעין,F,Muslim,9
ווסיה,M,Jewish,9
אימאר,M,Muslim,9
מוג,F,Muslim,9
גית',M,Muslim,9
סבינז',F,Jewish,9
סבין,M,Jewish,9
סבין,F,Druze,9
אימן,M,Jewish,9
שהנדא,F,Muslim,9
שאמא,F,Muslim,9
איסקו,F,Jewish,9
שאימאא,F,Muslim,9
מתיאו,M,Christian-Arab,9
אינתיסאר,F,Druze,9
גילו,M,Jewish,9
גילה,M,Jewish,9
גימי,F,Jewish,9
גימאר,M,Muslim,9
צבי,F,Jewish,9
גומג'ו,F,Jewish,9
צאיב,M,Muslim,9
גולייטה,F,Jewish,9
צגאו,M,Jewish,9
מתאוס,M,Jewish,9
איסטם,F,Jewish,9
וודאד,F,Christian-Arab,9
עזיתה,F,Jewish,9
חי-חיים,M,Jewish,9
וודנש,F,Jewish,9
שגיב,F,Jewish,9
מואב,M,Jewish,9
גונדיה,F,Muslim,9
גומר,F,Muslim,9
צ'רי,F,Jewish,9
צ'רה,F,Jewish,9
סאנאד,M,Muslim,9
גיידה,F,Muslim,9
גיימי,M,Jewish,9
גילאל,M,Jewish,9
חופש,F,Jewish,9
חוסני,F,Jewish,9
חורגה,M,Jewish,9
שארלי,F,Jewish,9
מדיקו,F,Jewish,9
מהאא,F,Muslim,9
מדר,M,Muslim,9
מירנדה,F,Christian-Arab,9
אבוהי,M,Jewish,9
אבי-אל,M,Jewish,9
מירפת,F,Christian-Arab,9
מלדו,F,Jewish,9
מלבינה,F,Christian-Arab,9
יהונתן-דוד,M,Jewish,9
שאפה,F,Muslim,9
איסל,F,Druze,9
גזאל,M,Christian-Arab,9
גזאל,F,Druze,9
ידין,M,Druze,9
סאפינאז,F,Muslim,9
גזאט,M,Jewish,9
גושן,F,Jewish,9
סאפי,F,Muslim,9
גוריה,F,Druze,9
פרסיאדה,F,Jewish,9
גיזאצ'ו,M,Jewish,9
גיורי,F,Muslim,9
יבלו,F,Jewish,9
גוסטה,F,Jewish,9
מירייל,F,Jewish,9
מואנס,M,Druze,9
וולה,F,Jewish,9
זולפא,F,Muslim,9
תריזא,F,Christian-Arab,9
תשרי,F,Jewish,9
מלאניה,F,Jewish,9
מלאך,M,Jewish,9
אבדל,M,Muslim,9
אבדו,M,Muslim,9
זויה,F,Muslim,9
סבח,M,Muslim,9
גיאנא,F,Christian-Arab,9
משא,F,Jewish,9
מהרטה,M,Jewish,9
חזנה,F,Jewish,9
סלאח,M,Christian-Arab,9
וולים,M,Christian-Arab,9
וולה,F,Muslim,9
מקסמיליאן,M,Jewish,9
זוליכה,F,Jewish,9
תריאג,F,Muslim,9
תרות,F,Druze,9
תרווה,F,Muslim,9
פרנציסק,M,Jewish,9
ידאל,M,Jewish,9
פרנגיז,F,Jewish,9
מישל,F,Muslim,9
תראד,M,Muslim,9
תקיה,F,Muslim,9
מישאלה,F,Jewish,9
מיתא,F,Druze,9
זוסמן,M,Jewish,9
זורינה,F,Jewish,9
ספורו,F,Jewish,9
תתיאנא,F,Christian-Arab,8
מירון,F,Muslim,8
מירחי,M,Jewish,8
אבלין,F,Druze,8
תמבי,M,Muslim,8
זיויה,F,Jewish,8
ספיר,M,Muslim,8
ספירו,F,Jewish,8
אברהם-מרדכי,M,Jewish,8
מלכז,M,Jewish,8
מלכזי,M,Jewish,8
אבראהם,M,Muslim,8
תלתן,M,Jewish,8
תיריז,F,Muslim,8
תירן,M,Jewish,8
מלכים,M,Jewish,8
מלסו,F,Jewish,8
צ'יני,F,Jewish,8
צ'לאצ'ו,M,Jewish,8
פרידל,M,Jewish,8
יבנה,F,Jewish,8
סבטלנה,F,Christian-Arab,8
סבי,F,Jewish,8
פריידע,F,Jewish,8
פרשאד,M,Jewish,8
פרת,M,Jewish,8
גורדנה,F,Jewish,8
יהודית,M,Jewish,8
סאעיד,M,Muslim,8
יהאלם,M,Jewish,8
פתנאת,F,Muslim,8
פתנה,F,Druze,8
גז'ל,F,Muslim,8
גולנז,F,Jewish,8
יאקין,F,Druze,8
גיינה,F,Jewish,8
סאמרה,F,Christian-Arab,8
גונא,F,Christian-Arab,8
גונדריט,F,Jewish,8
גונה,F,Muslim,8
יואפה,F,Muslim,8
צ'ארלי,M,Christian-Arab,8
צ'זרה,M,Jewish,8
גוסטין,M,Jewish,8
גוסיי,M,Muslim,8
גוסף,M,Jewish,8
יהודה-אריה,M,Jewish,8
גופרן,F,Muslim,8
צ'ימן,F,Jewish,8
יוה,F,Jewish,8
סאם,F,Muslim,8
צגאיי,M,Jewish,8
גירום,M,Jewish,8
גינו,M,Jewish,8
גולנר,F,Jewish,8
גולצ'חרה,F,Jewish,8
יובל-יוסף,M,Jewish,8
יובל-יעקב,M,Jewish,8
יודה,M,Jewish,8
יואלי,F,Jewish,8
צברה,F,Jewish,8
יואב,M,Muslim,8
יואיל,M,Christian-Arab,8
צאאב,M,Muslim,8
צארטל,F,Jewish,8
צובחייה,F,Muslim,8
גוהנה,F,Jewish,8
גוהרה,F,Jewish,8
גלדה,F,Jewish,8
סברא,F,Muslim,8
יאנטה,F,Jewish,8
פרולה,F,Jewish,8
פרז',M,Jewish,8
גולט,F,Jewish,8
גוייל,F,Christian-Arab,8
גוייס,F,Jewish,8
צהיי,M,Jewish,8
צהייטו,F,Jewish,8
גוידו,M,Jewish,8
גולית,F,Muslim,8
סאליאל,M,Jewish,8
גוודאת,M,Muslim,8
גודי,M,Jewish,8
גוהאינה,F,Muslim,8
גוהינה,F,Druze,8
גוהן,F,Jewish,8
סאידה,F,Jewish,8
גודאיי,F,Jewish,8
צחיאל,M,Jewish,8
סבריה,F,Jewish,8
סג'ידה,F,Muslim,8
גלין,F,Jewish,8
סאלאח,M,Muslim,8
יול,F,Jewish,8
יול,M,Jewish,8
יולאן,F,Muslim,8
גוון,M,Jewish,8
גדיי,F,Jewish,8
סאג'ר,M,Muslim,8
יוסיאל,M,Jewish,8
גארט,M,Jewish,8
גנאל,M,Jewish,8
סגא,F,Christian-Arab,8
גואן,F,Druze,8
גואן,M,Jewish,8
גדעונה,F,Jewish,8
יוניס,M,Jewish,8
גדמנש,F,Jewish,8
סאווה,M,Jewish,8
יונאל,M,Jewish,8
יונה,F,Muslim,8
ציגה,F,Jewish,8
גואי,M,Jewish,8
קאמיל,F,Jewish,8
גאדר,F,Muslim,8
סגי,F,Jewish,8
גנוה,F,Muslim,8
יופי,F,Jewish,8
יוקה,F,Jewish,8
יוקו,F,Jewish,8
יוקי,F,Jewish,8
יוספין,F,Jewish,8
קאון,F,Muslim,8
גאיאנה,F,Jewish,8
גאן,F,Christian-Arab,8
יוסף-יוסי,M,Jewish,8
גאניה,F,Muslim,8
קאדר,M,Muslim,8
ציפרא,F,Jewish,8
ג'סטין,M,Christian-Arab,8
נשר,M,Jewish,8
ג'ניפר,F,Muslim,8
ג'נפר,F,Jewish,8
גסון,M,Jewish,8
יאבסרה,M,Jewish,8
טרקיי,M,Jewish,8
פערלה,F,Jewish,8
גננדיל,F,Jewish,8
נתיק,M,Jewish,8
יורגה,M,Jewish,8
יורגו,M,Christian-Arab,8
ג'רוד,M,Jewish,8
ג'ראד,M,Jewish,8
נתנאור,M,Jewish,8
גאזי,F,Muslim,8
ג'לנאר,F,Druze,8
טשארנע,F,Jewish,8
סדקיה,F,Muslim,8
פנלופי,F,Jewish,8
גפלה,F,Muslim,8
גפני,F,Jewish,8
ג'מיליה,F,Jewish,8
יחל,M,Jewish,8
יזנו,F,Jewish,8
קוטר,F,Muslim,8
קולן,M,Jewish,8
קדיר,M,Muslim,8
יז'י,M,Jewish,8
ג'נה,F,Christian-Arab,8
קואקב,F,Muslim,8
קוגאן,M,Muslim,8
קוקו,M,Jewish,8
ג'ייס,M,Jewish,8
פלשתין,F,Muslim,8
פנטאייה,F,Jewish,8
גרטרודה,F,Jewish,8
גריאס,M,Christian-Arab,8
טרם,M,Jewish,8
גרה,F,Jewish,8
גרהרד,M,Jewish,8
גק,M,Christian-Arab,8
יטובה,F,Jewish,8
יטלא,F,Jewish,8
יחייה,M,Muslim,8
קונסטנסה,F,Jewish,8
קוסאי,M,Christian-Arab,8
ג'לברט,M,Jewish,8
קורנליו,M,Jewish,8
ג'ורג',M,Druze,8
ג'ורג'ה,F,Jewish,8
ג'ורג'ו,M,Jewish,8
קטה,F,Jewish,8
גרמין,F,Jewish,8
סהלו,M,Jewish,8
פלישיה,F,Jewish,8
פלק,F,Druze,8
פלקו,F,Jewish,8
ג'לאא,M,Muslim,8
ג'יסיקא,F,Christian-Arab,8
קופטאן,M,Muslim,8
ג'ימי,F,Jewish,8
נרד,F,Jewish,8
נרה,F,Jewish,8
ג'וניל,F,Christian-Arab,8
נצנה,F,Jewish,8
נצנט,M,Jewish,8
ילם,F,Jewish,8
ילפין,F,Jewish,8
קיאן,F,Jewish,8
פלומבה,F,Jewish,8
סובחיה,F,Druze,8
פליחה,F,Muslim,8
ג'וסיאן,M,Druze,8
נקיטה,M,Jewish,8
נרג'אס,F,Muslim,8
ג'וסף,M,Christian-Arab,8
קטליה,F,Jewish,8
קורין,M,Jewish,8
יין,M,Jewish,8
ג'וועד,M,Muslim,8
קינאר,F,Druze,8
טקוה,F,Muslim,8
סודקיה,F,Muslim,8
טסרה,M,Jewish,8
דאני,F,Jewish,8
דאיה,F,Jewish,8
דאולת,F,Druze,8
נפין,M,Muslim,8
קים,F,Christian-Arab,8
נפרת,F,Jewish,8
נפת,F,Jewish,8
ים,F,Muslim,8
קידר,F,Jewish,8
קיומרס,M,Jewish,8
ג'וליוס,M,Jewish,8
קלה,F,Jewish,8
קלו,F,Jewish,8
ג'דיר,F,Christian-Arab,8
טספאו,M,Jewish,8
נעום,F,Muslim,8
יניטה,F,Jewish,8
קלארא,F,Muslim,8
קינדא,F,Druze,8
ג'ודי,M,Jewish,8
ג'והאן,F,Muslim,8
ינוורק,F,Jewish,8
ינון-אליה,M,Jewish,8
קיצר,M,Muslim,8
קירן,M,Jewish,8
קירסטן,F,Jewish,8
ג'ווהר,F,Muslim,8
ג'אנדי,M,Muslim,8
יעלם,F,Jewish,8
קלין,M,Jewish,8
ג'אלב,M,Druze,8
טלשוורק,F,Jewish,8
סוהילא,F,Muslim,8
סוהיר,M,Muslim,8
פיפי,F,Christian-Arab,8
פיראז,M,Muslim,8
יעל-חיה,F,Jewish,8
נסרה,F,Druze,8
יסר,F,Muslim,8
ינקי,M,Jewish,8
ג'אסר,M,Druze,8
קלוודיה,F,Jewish,8
נסריין,F,Muslim,8
קמואל,M,Jewish,8
ג'אודאת,M,Druze,8
דג'לה,F,Muslim,8
טלל,F,Jewish,8
סוהרב,M,Jewish,8
פיסח,M,Jewish,8
דבס,F,Jewish,8
דג'טנו,F,Jewish,8
נסיכה,F,Jewish,8
יענקיל,M,Jewish,8
יעקב-יניב,M,Jewish,8
יעקב-מאיר,M,Jewish,8
קלמנטה,M,Jewish,8
קלר,F,Christian-Arab,8
קלרה,F,Druze,8
ג'אנא,F,Christian-Arab,8
ברצקו,F,Jewish,8
סווסאן,F,Muslim,8
טל,M,Druze,8
טל,M,Muslim,8
דהב,F,Druze,8
פיירוז,F,Christian-Arab,8
פילחז,M,Jewish,8
נסאל,F,Muslim,8
יצהל,M,Jewish,8
קמיאר,M,Jewish,8
קמיל,M,Druze,8
קמילו,M,Jewish,8
בת-שחר,F,Jewish,8
בתלהם,F,Jewish,8
נסוח,M,Muslim,8
יערה,F,Muslim,8
ירון,F,Jewish,8
קסטה,M,Jewish,8
קסיי,M,Muslim,8
קסנדרה,F,Muslim,8
ברית,M,Jewish,8
טל,F,Muslim,8
טיקיקיל,F,Jewish,8
טירואינט,F,Jewish,8
פייחא,F,Muslim,8
דהיבה,F,Muslim,8
דואס,M,Muslim,8
קנדל,F,Jewish,8
ברנע,M,Jewish,8
ברנש,F,Jewish,8
ברכני,M,Jewish,8
ננדור,M,Jewish,8
ברכה,M,Muslim,8
יריב,M,Muslim,8
ירמה,F,Jewish,8
ירוני,M,Jewish,8
קפאח,M,Muslim,8
קפיאלאו,M,Jewish,8
סוכר,F,Muslim,8
סול,M,Druze,8
סולאפה,F,Christian-Arab,8
טילנש,F,Jewish,8
פיהמיה,F,Muslim,8
ברלב,M,Jewish,8
ברלנטי,F,Muslim,8
ברם,M,Jewish,8
ברנאדית,F,Christian-Arab,8
ירחמאל,M,Jewish,8
ברבי,F,Jewish,8
ברדה,F,Druze,8
פיאד,M,Christian-Arab,8
דוידה,M,Jewish,8
דויה,F,Muslim,8
קריים,M,Muslim,8
קריינא,F,Jewish,8
ברון,M,Jewish,8
ניר-דוד,M,Jewish,8
ניר-יוסף,M,Jewish,8
ירן,M,Jewish,8
ירי,M,Jewish,8
בריג'ית,F,Christian-Arab,8
ברזילי,M,Jewish,8
ברטה,F,Christian-Arab,8
ברוניקה,F,Jewish,8
בראנא,F,Jewish,8
בר-יוסף,M,Jewish,8
בראאה,F,Christian-Arab,8
דון,M,Muslim,8
דונאי,F,Muslim,8
סולי,M,Druze,8
סולימה,F,Muslim,8
טייבא,F,Muslim,8
פטרוס,M,Jewish,8
ברהום,M,Christian-Arab,8
ברהם,M,Jewish,8
ברהם,M,Muslim,8
קריסטוף,M,Jewish,8
ישינך,M,Jewish,8
ישיעה,M,Jewish,8
קריסטינה,F,Druze,8
ניעמה,F,Christian-Arab,8
כאתיה,F,Christian-Arab,8
טיגראן,M,Jewish,8
טיה,F,Christian-Arab,8
פח'רי,M,Christian-Arab,8
פחר,M,Druze,8
קרלינה,F,Jewish,8
כאוסר,F,Christian-Arab,8
ניצחונה,F,Jewish,8
ניצי,F,Jewish,8
קרן-אסתר,F,Jewish,8
בערי,M,Jewish,8
ניעם,F,Muslim,8
ישראל-יעקב,M,Jewish,8
ניקודם,F,Jewish,8
קריסתין,F,Muslim,8
כדר,F,Muslim,8
בנעד,M,Jewish,8
דורה,F,Muslim,8
טיגט,F,Jewish,8
טטי,F,Jewish,8
טיאן,F,Jewish,8
פורת,M,Muslim,8
דועאי,F,Muslim,8
כאתיה,F,Muslim,8
ניסל,M,Jewish,8
ניסמה,F,Christian-Arab,8
בסימה,F,Christian-Arab,8
בסיקי,M,Jewish,8
קתרינה,F,Muslim,8
ראביע,M,Muslim,8
ניעמאת,F,Druze,8
נילוס,F,Jewish,8
כינדה,F,Druze,8
ראוה,F,Muslim,8
בן-שלום,M,Jewish,8
פולינה,F,Muslim,8
נינא,F,Muslim,8
כורדייה,F,Muslim,8
כורוש,M,Jewish,8
ראה,F,Muslim,8
ראואד,M,Muslim,8
בניטו,M,Jewish,8
ניס,F,Jewish,8
בנואה,M,Jewish,8
בס,F,Jewish,8
ניסאן,M,Muslim,8
כדן,M,Jewish,8
בכמל,F,Jewish,8
בירן,F,Jewish,8
די,F,Jewish,8
טוקא,F,Muslim,8
טורי,M,Jewish,8
פולא,F,Muslim,8
נייט,M,Jewish,8
בלסם,F,Druze,8
בלפור,M,Jewish,8
בלטש,F,Jewish,8
ראחיל,F,Muslim,8
ראחל,F,Muslim,8
נילא,F,Druze,8
נילא,F,Muslim,8
ראוייה,F,Muslim,8
ראול,M,Christian-Arab,8
ביתול,F,Muslim,8
ראיי,M,Druze,8
כנען,M,Muslim,8
כמיסה,F,Jewish,8
ראימונד,M,Jewish,8
בירות,F,Druze,8
פהידה,F,Muslim,8
דיב,M,Jewish,8
דיבאן,M,Muslim,8
דיבון,M,Jewish,8
דיאן,F,Druze,8
דז'מילה,F,Jewish,8
כמליה,F,Jewish,8
ניומה,M,Jewish,8
כמאליה,F,Druze,8
כלימנס,F,Christian-Arab,8
ראמה,F,Christian-Arab,8
בייסאן,F,Muslim,8
טולין,F,Christian-Arab,8
טולין,F,Druze,8
טובל,M,Jewish,8
טובע,F,Jewish,8
דיין,M,Muslim,8
פדרם,M,Jewish,8
דיון,M,Jewish,8
ביקל,F,Jewish,8
בינאן,M,Druze,8
בינאן,M,Muslim,8
כראמי,M,Muslim,8
כרול,F,Christian-Arab,8
ביסאם,F,Muslim,8
ביסאם,M,Muslim,8
ביילע,F,Jewish,8
כרמילה,F,Christian-Arab,8
ניגוסו,M,Jewish,8
ניגמה,F,Christian-Arab,8
ביטי,F,Jewish,8
פדאל,M,Muslim,8
דילרה,F,Muslim,8
סופיאן,M,Christian-Arab,8
סופיו,F,Jewish,8
סופייאן,M,Muslim,8
טובא,F,Muslim,8
דייה,F,Jewish,8
כרים,M,Jewish,8
בילסאן,F,Muslim,8
בינא,F,Jewish,8
ראלי,M,Jewish,8
לאוטה,F,Jewish,8
לאוטה,M,Jewish,8
ראשא,F,Jewish,8
ראשונה,F,Jewish,8
דלע,F,Christian-Arab,8
סופר,M,Jewish,8
סוקאינה,F,Muslim,8
סוראקה,M,Muslim,8
בטריס,F,Jewish,8
כרסטיאן,M,Christian-Arab,8
כתיבה,M,Muslim,8
ניברטו,M,Jewish,8
ניג'מה,F,Druze,8
ביז'ן,M,Jewish,8
בילא,F,Muslim,8
ראמיה,F,Christian-Arab,8
נטו,F,Jewish,8
בוטיינה,F,Muslim,8
רבעה,F,Druze,8
סוריא,F,Druze,8
טגניו,F,Jewish,8
טגנץ',F,Jewish,8
דמוע,F,Muslim,8
פאריה,F,Jewish,8
פאתינה,F,Druze,8
ראשיל,F,Druze,8
בורהאן,M,Druze,8
לאי,F,Jewish,8
לאיאל,F,Muslim,8
רבאח,F,Muslim,8
רבה,F,Jewish,8
בוסינה,F,Christian-Arab,8
בהאלדין,M,Muslim,8
רג'ואה,F,Muslim,8
לבאן,M,Jewish,8
לארי,F,Jewish,8
רג'יחה,F,Muslim,8
פאיסל,M,Muslim,8
סורייה,F,Druze,8
סורין,F,Muslim,8
דנאי,F,Jewish,8
נחמה,M,Jewish,8
בהיגה,F,Druze,8
בהג'ת,M,Druze,8
רג'ד,F,Muslim,8
רג'דה,F,Druze,8
בוקי,M,Jewish,8
לאמיתא,F,Christian-Arab,8
רגאיה,F,Muslim,8
בגין,M,Jewish,8
דסאלי,M,Jewish,8
טגט,M,Jewish,8
טבת,F,Jewish,8
דסאליי,M,Jewish,8
דניזי,F,Jewish,8
דנייל,F,Jewish,8
דניאל-יוסף,M,Jewish,8
פאייק,M,Muslim,8
בדראלדין,M,Muslim,8
לביאל,M,Jewish,8
לאריס,F,Muslim,8
לארן,F,Jewish,8
לאתין,F,Druze,8
לה,F,Jewish,8
באנצ'גיזה,F,Jewish,8
רדיאט,F,Jewish,8
באיזיד,M,Muslim,8
פאטה,M,Jewish,8
טגאי,M,Jewish,8
פאטם,F,Muslim,8
לגיין,F,Muslim,8
לדי,F,Jewish,8
לדן,F,Muslim,8
בבט,F,Jewish,8
רגואן,M,Muslim,8
רגייה,F,Muslim,8
לבית,F,Jewish,8
לג'אלם,M,Jewish,8
לבה,M,Jewish,8
רגא,F,Druze,8
אתטגב,F,Jewish,8
פאהד,M,Christian-Arab,8
טאריק,M,Christian-Arab,8
פאוזייה,F,Druze,8
באילסאן,F,Muslim,8
באלקיס,F,Muslim,8
נורית,F,Christian-Arab,8
נוריתי,F,Jewish,8
לואיק,M,Jewish,8
רהאב,F,Muslim,8
באבק,M,Jewish,8
רד'א,M,Muslim,8
באראה,F,Muslim,8
לואר,F,Jewish,8
נורנה,F,Jewish,8
באנצ'אלם,F,Jewish,8
ארקייה,F,Muslim,8
נוראלעין,F,Muslim,8
נוראן,F,Christian-Arab,8
לוזין,F,Muslim,8
רובנה,F,Jewish,8
רוברט,M,Muslim,8
עתימאד,F,Muslim,8
דרין,F,Jewish,8
דריק,M,Jewish,8
דרל,M,Jewish,8
פאדוה,F,Muslim,8
דריוס,M,Jewish,8
אשתר,F,Jewish,8
רואן,M,Jewish,8
לודמילה,F,Muslim,8
אתן,M,Jewish,8
לוינה,F,Jewish,8
לולו,F,Druze,8
נור-אלדין,M,Muslim,8
ארלי,F,Jewish,8
רוד,F,Muslim,8
סטלה,F,Muslim,8
טאלין,F,Christian-Arab,8
דרעזל,F,Jewish,8
דרפון,M,Jewish,8
עתייק,M,Muslim,8
לוי,F,Jewish,8
לוין,F,Muslim,8
לוטה,F,Jewish,8
לוטוס,F,Druze,8
רוג'ינא,F,Christian-Arab,8
רוג'ר,M,Christian-Arab,8
ארזי,M,Jewish,8
נוסייר,M,Muslim,8
נועה-לי,F,Jewish,8
לוסיאנא,F,Christian-Arab,8
לוצי,F,Jewish,8
נולאן,M,Druze,8
נולאן,M,Jewish,8
האדיל,F,Druze,8
טאנגוט,F,Jewish,8
עשה,M,Jewish,8
אריסטה,F,Jewish,8
רודי,F,Christian-Arab,8
נועם-דוד,M,Jewish,8
לולואה,F,Muslim,8
אריה-יהודה,M,Jewish,8
רודני,M,Druze,8
ארושה,F,Jewish,8
ארז,F,Druze,8
ארואא,F,Muslim,8
רוועה,F,Druze,8
רוז'נה,F,Jewish,8
האשים,M,Muslim,8
הבאא,F,Muslim,8
סיאח,M,Muslim,8
טאיו,F,Jewish,8
ערואה,M,Muslim,8
ערטל,F,Jewish,8
האילו,M,Jewish,8
האיסם,M,Muslim,8
האלי,M,Muslim,8
ארטום,M,Jewish,8
ארי-דוד,M,Jewish,8
נויר,F,Muslim,8
לוסינדה,F,Muslim,8
לוסינה,F,Jewish,8
ארדון,M,Jewish,8
ארדשיר,M,Jewish,8
הדאא,F,Muslim,8
עקב,M,Muslim,8
עקבה,M,Muslim,8
עקביה,M,Jewish,8
סיאלו,F,Jewish,8
סיאם,F,Jewish,8
נוסון,M,Jewish,8
ארטבו,M,Jewish,8
רווידה,F,Christian-Arab,8
רוויה,F,Muslim,8
ארון,M,Muslim,8
רוחמא,F,Jewish,8
רוטל,F,Jewish,8
טאבת,M,Muslim,8
עפראן,F,Muslim,8
עפרון,M,Jewish,8
עצאם,M,Christian-Arab,8
רוזלה,F,Jewish,8
אפתיסאם,F,Muslim,8
רוזן,M,Druze,8
אפרודית,F,Christian-Arab,8
רוזיית,F,Muslim,8
אצ'נף,M,Jewish,8
נוזהת,F,Druze,8
אצחאק,M,Muslim,8
ארגוייה,F,Jewish,8
ארדא,F,Christian-Arab,8
אסצ'ילו,M,Jewish,8
רולין,F,Jewish,8
סיד,M,Jewish,8
חשא,F,Jewish,8
עסם,M,Muslim,8
הדרית,F,Jewish,8
עפעף,F,Muslim,8
רויא,F,Druze,8
רויאדה,F,Muslim,8
אעישה,F,Muslim,8
לורליי,F,Jewish,8
אסתה,F,Jewish,8
אסרסץ,F,Jewish,8
נווא,F,Muslim,8
לוריית,F,Christian-Arab,8
אפכאר,F,Muslim,8
אסף-חיים,M,Jewish,8
לי-בר,F,Jewish,8
לי,M,Druze,8
ליאה,F,Druze,8
ליאון,M,Muslim,8
נהר,M,Muslim,8
נואהד,F,Druze,8
הויאם,F,Muslim,8
הוידא,F,Druze,8
סידאר,F,Muslim,8
סידקי,M,Muslim,8
הודיא,F,Jewish,8
הואזן,F,Muslim,8
אסרסש,F,Jewish,8
רויטלי,F,Jewish,8
אסראר,F,Druze,8
נהיל,M,Druze,8
רומריו,M,Christian-Arab,8
אסם,M,Muslim,8
הורציו,M,Jewish,8
הוננאו,M,Jewish,8
ענג,M,Jewish,8
הולואגריש,F,Jewish,8
נהירה,F,Jewish,8
נהל,F,Muslim,8
ליאונאל,M,Jewish,8
רומאיס,F,Muslim,8
רומאל,M,Jewish,8
אסנקץ',F,Jewish,8
אסנתי,F,Jewish,8
אסמרץ',F,Jewish,8
אסנאקו,M,Jewish,8
רונת,F,Jewish,8
רוסאנה,F,Jewish,8
אנתיצאר,F,Muslim,8
היאתם,F,Muslim,8
חסונה,M,Muslim,8
הזאר,M,Druze,8
הוריה,M,Jewish,8
אסטרה,F,Jewish,8
רונין,M,Druze,8
אסטפניה,F,Jewish,8
אסה,F,Jewish,8
אסוה,F,Muslim,8
אסלאח,F,Muslim,8
ליאני,F,Jewish,8
נהיד,F,Muslim,8
נהיד,M,Muslim,8
נדירה,F,Jewish,8
אנפל,F,Muslim,8
סיטאר,M,Jewish,8
סיטורה,F,Jewish,8
היזאר,F,Muslim,8
עמיתי,F,Jewish,8
עמנואיל,M,Jewish,8
הידאא,F,Muslim,8
עמק,F,Jewish,8
רונלי,M,Jewish,8
אסאייל,F,Muslim,8
אסאיל,M,Jewish,8
ליודמילה,F,Muslim,8
ליהא,F,Jewish,8
אסאלא,F,Muslim,8
אסאם,M,Muslim,8
אנמרי,F,Jewish,8
אננא,F,Jewish,8
אננה,F,Christian-Arab,8
אנל,F,Muslim,8
אנמאו,M,Jewish,8
סיילו,F,Jewish,8
עמירה,F,Druze,8
היידי,F,Druze,8
אנסים,F,Druze,8
אנסם,F,Muslim,8
ליין,F,Druze,8
אנסה,F,Jewish,8
ליטל,F,Muslim,8
נדואה,F,Muslim,8
אנקואיה,F,Jewish,8
נדימה,F,Muslim,8
לייקה,F,Jewish,8
ליית,M,Christian-Arab,8
אניאס,F,Jewish,8
אניד,F,Jewish,8
הילה-רחל,F,Jewish,8
היליה,F,Jewish,8
סייפן,M,Jewish,8
הילה,F,Christian-Arab,8
רושדי,M,Christian-Arab,8
ליל,M,Muslim,8
נדאא,F,Christian-Arab,8
ליילה,F,Christian-Arab,8
רזאן,M,Muslim,8
נדה,F,Christian-Arab,8
לייה,F,Christian-Arab,8
אנמוט,M,Jewish,8
אנדריי,F,Jewish,8
עלמקאן,M,Jewish,8
חנה-לאה,F,Jewish,8
חנו,F,Jewish,8
הילנה,F,Jewish,8
הילנה,F,Muslim,8
הימא,F,Muslim,8
אנטוליי,M,Jewish,8
אנטהון,F,Jewish,8
לילק,F,Muslim,8
נגים,F,Muslim,8
ליליאנא,F,Muslim,8
אנטואניית,F,Christian-Arab,8
רזלה,F,Muslim,8
רחאנה,F,Muslim,8
נגמה,F,Jewish,8
נגד,M,Muslim,8
נגה,F,Muslim,8
לימורי,F,Jewish,8
רחליה,F,Jewish,8
רחמי,M,Muslim,8
רחמת,F,Muslim,8
לינס,M,Jewish,8
סילה,F,Jewish,8
חן,F,Muslim,8
הלדה,F,Muslim,8
עלמוש,F,Jewish,8
עלמי,M,Muslim,8
עלמיה,F,Jewish,8
לינאי,F,Jewish,8
לימאר,F,Christian-Arab,8
רחיב,M,Christian-Arab,8
אנגוואץ',F,Jewish,8
נגאה,F,Muslim,8
אנגי,F,Christian-Arab,8
המיד,M,Jewish,8
חנא,F,Jewish,8
סילויה,F,Christian-Arab,8
חמידה,F,Druze,8
עליזה,F,Druze,8
עלייא,F,Muslim,8
חנדלה,M,Muslim,8
סילביה,F,Druze,8
ליסבט,F,Jewish,8
ריא,F,Christian-Arab,8
אנדזי,M,Jewish,8
רחילה,F,Muslim,8
רחל,F,Christian-Arab,8
אמראל,M,Jewish,8
ריטג',F,Muslim,8
חמאם,F,Muslim,8
חמאס,F,Muslim,8
המת,F,Muslim,8
הלנה,F,Christian-Arab,8
אנאיד,F,Jewish,8
ריוא,F,Druze,8
אן-מרי,F,Jewish,8
אמתתאל,F,Muslim,8
אנג'ילה,F,Christian-Arab,8
נג'יה,F,Jewish,8
ליצ'י,F,Jewish,8
אנאסטסיה,F,Jewish,8
אנגלו,M,Christian-Arab,8
אנגו,F,Jewish,8
אמיחי,M,Jewish,8
נביה,F,Muslim,8
אמי,F,Christian-Arab,8
אמי-לי,F,Jewish,8
אמוודיש,F,Jewish,8
הניא,F,Muslim,8
לנורה,F,Jewish,8
אמירי,M,Jewish,8
רייף,M,Jewish,8
רילה,F,Jewish,8
לנדה,F,Muslim,8
ללין,F,Jewish,8
רייחאנה,F,Muslim,8
אמרת,F,Muslim,8
למואל,M,Jewish,8
למי,M,Jewish,8
רינלדו,M,Jewish,8
אלקסנדרו,M,Jewish,8
הענטשי,F,Jewish,8
הניק,M,Jewish,8
הנית,F,Jewish,8
אמאווה,F,Jewish,8
נאתאלי,F,Muslim,8
נבאה,F,Muslim,8
מאבה,F,Jewish,8
אלריי,M,Jewish,8
אמבל,F,Jewish,8
אמביט,F,Jewish,8
נבה,F,Muslim,8
נבוא,M,Jewish,8
נבי,M,Jewish,8
אמאנדא,F,Muslim,8
אלסאדיג,M,Muslim,8
ריתאז,F,Muslim,8
סימחה,F,Jewish,8
חכאם,F,Muslim,8
עיסמאת,M,Muslim,8
אלפת,F,Druze,8
אלצ'או,M,Jewish,8
אלפיה,F,Jewish,8
אלפץ',F,Jewish,8
ריצל,F,Jewish,8
ריקאן,M,Muslim,8
נארה,F,Jewish,8
נארה,F,Muslim,8
נארין,F,Christian-Arab,8
מאהא,F,Christian-Arab,8
אלת,F,Jewish,8
אלכסנדה,F,Jewish,8
אלכסנדריה,F,Jewish,8
נאירוז,F,Druze,8
סימן,F,Jewish,8
סימעאן,M,Christian-Arab,8
חיענא,F,Jewish,8
עיני,F,Jewish,8
הרלד,M,Jewish,8
הרלי,M,Jewish,8
נאלי,F,Jewish,8
רלין,F,Jewish,8
ריקרדו,M,Christian-Arab,8
ריקרדוס,M,Christian-Arab,8
אלעבאס,M,Muslim,8
נאסיר,M,Muslim,8
מאורציו,M,Jewish,8
מאיר-מאור,M,Jewish,8
אלינה,F,Druze,8
רמלי,M,Muslim,8
רנאא,F,Christian-Arab,8
אליישיב,M,Jewish,8
סינדי,F,Christian-Arab,8
סינה,M,Jewish,8
סינטאיהו,M,Jewish,8
עינאת,F,Muslim,8
אליקס,F,Jewish,8
נאינה,F,Jewish,8
נאיר,M,Jewish,8
מאימונה,F,Muslim,8
מאיסא,F,Druze,8
מאיסאא,F,Muslim,8
אלמאא,F,Muslim,8
נאזר,M,Muslim,8
רסאל,F,Druze,8
רסאלה,F,Muslim,8
עילא,F,Jewish,8
סינטיהו,M,Jewish,8
חילוה,F,Christian-Arab,8
עילאיה,F,Jewish,8
עים,M,Jewish,8
אליים,M,Jewish,8
נאטאליה,F,Jewish,8
מאירית,F,Jewish,8
מאלאני,F,Jewish,8
רנד,M,Druze,8
אליזאבת,F,Christian-Arab,8
אליהו-אלי,M,Jewish,8
אלינדב,M,Jewish,8
נאוה,F,Muslim,8
נאוה,M,Jewish,8
רעיה,F,Druze,8
רעליה,F,Muslim,8
אלהאדי,M,Muslim,8
חיכאם,F,Druze,8
עיטב,F,Muslim,8
עיטף,F,Muslim,8
אלזי,F,Jewish,8
נאוריי,M,Jewish,8
נאות,F,Jewish,8
נאזי,M,Muslim,8
רסלאן,F,Muslim,8
אליאנא,F,Jewish,8
אלי-אור,M,Jewish,8
נאזק,F,Druze,8
אלברטו,M,Christian-Arab,8
נאהב,M,Jewish,8
אלאצ'או,M,Jewish,8
אלארא,F,Muslim,8
סיפאלדין,M,Muslim,8
חיים,F,Jewish,8
חיים-מאיר,M,Jewish,8
עידו-משה,M,Jewish,8
עידן-דוד,M,Jewish,8
נאהיד,F,Muslim,8
רפאל,M,Muslim,8
רסתם,M,Muslim,8
רעות,M,Jewish,8
אלון,M,Muslim,8
אלונדרה,F,Christian-Arab,8
נאהיה,F,Druze,8
רשה,F,Jewish,8
רשידה,F,Christian-Arab,8
איתאל,F,Jewish,8
וואניו,M,Jewish,8
וואסל,F,Muslim,8
סיפראש,F,Jewish,8
סירא,F,Druze,8
סיראא,F,Muslim,8
וואאם,M,Muslim,8
רשאה,F,Muslim,8
איתי-חיים,M,Jewish,8
רפית,F,Jewish,8
מאריתה,F,Muslim,8
מארסיל,F,Muslim,8
מאריי,F,Jewish,8
רראם,F,Muslim,8
איראן,M,Muslim,8
אירג,M,Jewish,8
וובלו,F,Jewish,8
סיראת,F,Muslim,8
וובאלו,F,Jewish,8
עטייאת,F,Muslim,8
רתאב,F,Muslim,8
אירס,F,Jewish,8
אישרא,F,Muslim,8
מתקאל,M,Druze,8
מג'דלין,F,Christian-Arab,8
רתאן,F,Muslim,8
איריק,M,Jewish,8
נאבה,F,Muslim,8
נאג'אח,F,Muslim,8
איתיאן,M,Christian-Arab,8
איסראה,F,Muslim,8
איסתם,F,Jewish,8
מדונה,F,Muslim,8
מדי,M,Jewish,8
שאמי,M,Muslim,8
וודיאן,F,Druze,8
חיאן,M,Muslim,8
חיאתי,F,Muslim,8
סכות,F,Muslim,8
עזת,M,Christian-Arab,8
ווגאי,F,Jewish,8
ווביה,F,Jewish,8
מגב,F,Jewish,8
אירוסלם,F,Jewish,8
אירים,F,Muslim,8
שאדין,F,Muslim,8
אינתהאל,F,Muslim,8
משל,M,Jewish,8
שאשי,F,Jewish,8
אינטסר,F,Muslim,8
וויולית,F,Christian-Arab,8
ווהיבה,F,Muslim,8
חטונה,F,Jewish,8
סלאווי,F,Jewish,8
עזיזי,M,Jewish,8
עזראל,M,Jewish,8
מתאו,M,Christian-Arab,8
מדיאן,F,Muslim,8
מדין,F,Muslim,8
שאפי,M,Druze,8
איסטיר,F,Jewish,8
איסקנדר,M,Jewish,8
אימרי,M,Druze,8
אינאט,F,Jewish,8
וויקטור,M,Jewish,8
סלאמאוויט,F,Jewish,8
חוראא,F,Muslim,8
וולאא,M,Muslim,8
וולאה,F,Muslim,8
מואיאד,M,Muslim,8
מהרדאד,M,Jewish,8
מרתין,M,Jewish,8
משגב,F,Jewish,8
משדי,M,Muslim,8
אינדאלאו,M,Jewish,8
משה-דוד,M,Jewish,8
משה-שי,M,Jewish,8
משומר,M,Jewish,8
מרק,M,Druze,8
מובראק,M,Muslim,8
מואמן,M,Druze,8
שהבא,F,Druze,8
שהידה,F,Muslim,8
אימבת,F,Jewish,8
סלאמן,M,Muslim,8
סלב,M,Jewish,8
חומור,F,Jewish,8
חונא,M,Jewish,8
עופר,M,Muslim,8
עופרה,F,Muslim,8
מואפק,M,Christian-Arab,8
מואתז,M,Muslim,8
מואתסם,M,Muslim,8
אינגוד,F,Muslim,8
שהרוך,M,Jewish,8
אילניה,F,Jewish,8
שהרזאד,F,Druze,8
שהרזאד,F,Jewish,8
ווסן,M,Jewish,8
חונן,M,Jewish,8
חוסאי,M,Muslim,8
סלביו,M,Jewish,8
עוני,M,Christian-Arab,8
ווסאן,F,Muslim,8
מוהיב,M,Christian-Arab,8
מרצ'י,F,Jewish,8
מודא,F,Muslim,8
מודחי,M,Muslim,8
שהינז,F,Muslim,8
אילת-חן,F,Jewish,8
איליאן,M,Christian-Arab,8
שויכאר,F,Muslim,8
שוכרי,M,Druze,8
אילדר,M,Jewish,8
עוטאף,F,Muslim,8
חוזיימה,F,Muslim,8
חואתו,M,Jewish,8
עוליה,F,Muslim,8
עולייה,F,Muslim,8
שהרזד,F,Jewish,8
איליס,F,Jewish,8
אילן,M,Christian-Arab,8
מוחמד,M,Christian-Arab,8
מרנאן,F,Muslim,8
מוזלי,F,Jewish,8
שהראזד,F,Muslim,8
שוקרולה,M,Jewish,8
עווד,M,Druze,8
וזנה,F,Muslim,8
וחיד,M,Jewish,8
וטאן,M,Muslim,8
וורקי,F,Jewish,8
מולהם,M,Christian-Arab,8
איינוו,M,Jewish,8
איינעלם,F,Jewish,8
שופה,F,Muslim,8
איכראם,F,Druze,8
איירין,F,Christian-Arab,8
איישה,F,Jewish,8
מוכלס,M,Christian-Arab,8
שוגי,M,Muslim,8
איליא,M,Muslim,8
מון,M,Jewish,8
שחנוזה,F,Jewish,8
חגיתי,F,Jewish,8
חגלה,F,Jewish,8
חביר,M,Jewish,8
חבסי,F,Jewish,8
ויאציסלב,M,Jewish,8
עודד,M,Muslim,8
ויאוריקה,F,Jewish,8
אייטן,F,Jewish,8
שורין,F,Muslim,8
שותה,M,Jewish,8
איימי,F,Muslim,8
איילן,M,Jewish,8
שוקראללה,M,Muslim,8
שוקראן,F,Muslim,8
שיאן,M,Jewish,8
עהאד,F,Muslim,8
ויהאם,M,Muslim,8
חביב,F,Muslim,8
עובאדא,M,Muslim,8
ויאנה,F,Druze,8
מריאנלה,F,Jewish,8
איזיל,M,Muslim,8
איזלדין,M,Muslim,8
איזנה,F,Jewish,8
שחר,F,Muslim,8
מונדיר,M,Muslim,8
מוניר,M,Jewish,8
אייד,M,Druze,8
מרייטה,F,Jewish,8
מומתאז,M,Muslim,8
מועתסם,M,Druze,8
שים,M,Jewish,8
שימאי,F,Muslim,8
ויכתור,M,Christian-Arab,8
שיטה,F,Jewish,8
מועתז,M,Christian-Arab,8
מרטו,M,Jewish,8
איווה,F,Druze,8
איזדהאר,F,Christian-Arab,8
מרטי,F,Jewish,8
מרי,F,Druze,8
מרי-אן,F,Jewish,8
מוסבח,M,Muslim,8
איוש,M,Jewish,8
מונתאה,F,Muslim,8
מוניקה,F,Muslim,8
שירתיה,F,Jewish,8
איאן,F,Druze,8
שירה-חיה,F,Jewish,8
אטר,F,Muslim,8
מורטזה,M,Jewish,8
שיפרו,F,Jewish,8
שיר-שירה,F,Jewish,8
איאת,M,Muslim,8
איב,F,Druze,8
מורדי,M,Muslim,8
שין,M,Jewish,8
איברי,M,Jewish,8
שינטל,F,Jewish,8
אידר,F,Jewish,8
שילו,F,Jewish,8
מרוח,M,Muslim,8
של,M,Jewish,8
שלאמצא,F,Jewish,8
שלב,M,Jewish,8
אחיעז,M,Jewish,8
חאולה,F,Christian-Arab,8
סלנט,F,Jewish,8
ח'ליפה,M,Muslim,8
עדוי,M,Muslim,8
עדי,F,Muslim,8
מרג'רי,F,Jewish,8
מרגול,F,Jewish,8
מרגי,F,Jewish,8
מרגליא,F,Jewish,8
מוריא,F,Muslim,8
שיריי,M,Jewish,8
שירלין,F,Jewish,8
אזוונט,F,Jewish,8
ולידה,F,Muslim,8
סלסט,F,Jewish,8
ח'טאר,M,Druze,8
ולדילן,M,Jewish,8
אחיה,F,Jewish,8
אחייה,M,Jewish,8
אחיל,M,Druze,8
מראח,F,Druze,8
מראחיל,M,Muslim,8
מותאנה,M,Muslim,8
מותעב,M,Druze,8
שלום,F,Jewish,8
שלום,M,Muslim,8
מושיח,M,Jewish,8
שכניה,M,Jewish,8
אזזאו,M,Jewish,8
אזי,M,Jewish,8
מקי,M,Jewish,8
מקס,F,Jewish,8
מחיי,M,Muslim,8
שלמה-זלמן,M,Jewish,8
אזדין,M,Muslim,8
אזהאר,F,Christian-Arab,8
סמאיין,M,Jewish,8
זרפיה,F,Jewish,8
ח'אזן,M,Christian-Arab,8
שלומי,M,Muslim,8
אזלו,F,Jewish,8
אזליה,F,Jewish,8
שלמה,M,Muslim,8
אזהר,M,Druze,8
מחפוזה,F,Druze,8
אוריתה,F,Jewish,8
אורכיד,F,Muslim,8
אורלי,F,Christian-Arab,8
שמרה,F,Jewish,8
סמאעיל,M,Muslim,8
עבדלטיף,M,Muslim,8
עבדלסאלם,M,Muslim,8
עבדלרזיג,M,Muslim,8
וסינה,F,Jewish,8
וסיים,M,Muslim,8
מקוואננט,M,Jewish,8
מחמוד,M,Jewish,8
שמואלי,M,Jewish,8
שמחי,F,Jewish,8
אורנה,F,Muslim,8
אורידה,F,Jewish,8
מעיין-חיים,M,Jewish,8
מטקה,F,Jewish,8
אוריאן,M,Christian-Arab,8
שנהר,M,Jewish,8
עבדאלהדי,M,Muslim,8
סמון,M,Jewish,8
ורג'יני,F,Jewish,8
ורד,F,Christian-Arab,8
וצפיה,F,Muslim,8
מערא,F,Jewish,8
מטילדה,F,Muslim,8
אורין,F,Druze,8
שמש,M,Druze,8
אורן-אברהם,M,Jewish,8
אורן-אהרון,M,Jewish,8
אוסאמא,M,Druze,8
זפרי,M,Jewish,8
עאתכה,F,Muslim,8
ורקא,F,Muslim,8
ורווד,F,Muslim,8
ורן,M,Jewish,8
מעאדי,M,Muslim,8
מעד,M,Muslim,8
מיאם,F,Muslim,8
אופר,M,Jewish,8
אור,M,Druze,8
שראח,F,Muslim,8
מי,M,Jewish,8
אורגד,F,Jewish,8
אורגיל,M,Jewish,8
שפור,M,Jewish,8
מסטיסלב,M,Jewish,8
מיטרי,M,Christian-Arab,8
אולימפיה,F,Jewish,8
ז'ול,M,Jewish,8
ז'ואל,M,Jewish,8
אומסיה,F,Muslim,8
אומר,F,Jewish,8
מסלמה,M,Muslim,8
מיטל,F,Druze,8
מידן,M,Muslim,8
שריד,F,Jewish,8
שריי,F,Druze,8
שריף,M,Jewish,8
מסקר,M,Jewish,8
אוניס,M,Muslim,8
אונרי,M,Jewish,8
אוואן,F,Muslim,8
מיכל,F,Muslim,8
זנאב,F,Muslim,8
זנאידה,F,Jewish,8
ז'ילבר,M,Jewish,8
עאמל,F,Muslim,8
ז'וזט,F,Jewish,8
מייסין,F,Muslim,8
מנתמר,F,Jewish,8
מסגנוו,M,Jewish,8
מייטי,F,Jewish,8
מייאר,M,Druze,8
שרנה,F,Jewish,8
שררה,F,Jewish,8
אויה,F,Jewish,8
אולק,M,Jewish,8
מניזל,M,Muslim,8
מיכאלה,F,Christian-Arab,8
מיכאלה,F,Muslim,8
זאהד,M,Muslim,8
ז'רמן,F,Jewish,8
סמעיל,M,Muslim,8
ז'ינב,F,Muslim,8
ז'לה,F,Jewish,8
מיכל-אסתר,F,Jewish,8
מנלה,M,Jewish,8
מייר,F,Muslim,8
אודלה,F,Jewish,8
תאיה,F,Muslim,8
תאיס,F,Jewish,8
אוהלה,F,Jewish,8
מנסה,F,Druze,8
מנוצ'הר,M,Jewish,8
מנזול,F,Jewish,8
מילאי,F,Jewish,8
זאזא,M,Jewish,8
סמרה,F,Druze,8
זמירית,F,Jewish,8
זמן,F,Jewish,8
זמן,M,Jewish,8
עאוטף,F,Muslim,8
אובידיו,M,Jewish,8
מיכל-רחל,F,Jewish,8
תאם,F,Jewish,8
אובאיי,M,Muslim,8
מנטסנות,M,Jewish,8
מניב,M,Muslim,8
מניז'ה,F,Jewish,8
מילאני,F,Christian-Arab,8
תגוה,F,Muslim,8
תגל,M,Jewish,8
זאמזם,F,Muslim,8
זאמל,M,Muslim,8
זאנב,F,Muslim,8
ע'זאל,F,Muslim,8
סנאת,M,Muslim,8
זאינה,F,Muslim,8
עאד,M,Muslim,8
זאודי,F,Jewish,8
זאודיתו,F,Jewish,8
תאני,F,Muslim,8
תארג,M,Muslim,8
אהליבה,F,Jewish,8
מילדרד,F,Jewish,8
אדן,F,Muslim,8
תודיה,F,Jewish,8
אדלה,F,Muslim,8
סנדור,M,Jewish,8
זלה,F,Jewish,8
זליחה,F,Muslim,8
זכריני,F,Jewish,8
סתר,F,Jewish,8
תהאני,F,Christian-Arab,8
אדרגאו,M,Jewish,8
תהל-אור,F,Jewish,8
מילת,F,Jewish,8
תהריד,F,Muslim,8
אדסה,F,Jewish,8
מינטאמיר,F,Jewish,8
מילוק,F,Muslim,8
תולאן,F,Druze,8
מנבר,F,Jewish,8
מנגיסטה,M,Jewish,8
זכייה,F,Christian-Arab,8
סנדיאנה,F,Muslim,8
סנדרא,F,Christian-Arab,8
זיקריאת,F,Muslim,8
זהדיה,F,Muslim,8
סרינא,F,Christian-Arab,8
סרכיס,M,Christian-Arab,8
זבלון,M,Jewish,8
סרפים,M,Jewish,8
מינטסנוט,M,Jewish,8
מיני,F,Jewish,8
מינאא,F,Muslim,8
מימאתי,M,Muslim,8
מיסאה,F,Muslim,8
אדבין,M,Jewish,8
אגרנך,M,Jewish,8
זכאריה,M,Muslim,8
סרול,M,Jewish,8
סרחן,M,Jewish,8
זהארה,F,Muslim,8
תומר-אברהם,M,Jewish,8
תומר-דוד,M,Jewish,8
תומר-חיים,M,Jewish,8
תומש,M,Jewish,8
אדום,M,Jewish,8
מנאסה,F,Muslim,8
מנאף,M,Muslim,8
מיננא,F,Muslim,8
תופיק,M,Jewish,8
תילין,F,Muslim,8
אג'ווד,M,Muslim,8
אגדיר,F,Muslim,8
סני,M,Christian-Arab,8
סרוה,F,Christian-Arab,8
זואיה,F,Jewish,8
זואלו,F,Jewish,8
זכאריא,M,Muslim,8
תיאם,F,Druze,8
אגריטו,F,Jewish,8
אגריי,F,Jewish,8
תיג'אן,F,Druze,8
תיה,F,Druze,8
אגנייהו,M,Jewish,8
ממרי,M,Jewish,8
מנאויל,M,Christian-Arab,8
מיר,M,Jewish,8
תינה,F,Christian-Arab,8
אבשה,M,Jewish,8
אבתהל,F,Muslim,8
ספראש,F,Jewish,8
זוזף,M,Jewish,8
זוזפין,F,Jewish,8
זוחרה,F,Jewish,8
זוהרת,F,Jewish,8
זיכרה,F,Muslim,8
זיידא,M,Jewish,8
זוואלו,F,Jewish,8
זוהרא,F,Muslim,8
זוהא,F,Druze,8
מיפלח,M,Muslim,8
תילא,F,Muslim,8
מישל,M,Muslim,8
זולייכו,F,Jewish,8
זולמה,F,Jewish,8
תפארת,M,Jewish,8
מכס,M,Jewish,8
מכרם,M,Druze,8
אבי-רם,M,Jewish,8
מירקו,M,Jewish,8
מירקוז,M,Jewish,8
מירם,F,Jewish,8
אבידב,M,Jewish,8
מיריאן,F,Muslim,8
אבישב,M,Jewish,8
אביעד-אברהם,M,Jewish,8
אביעז,M,Jewish,8
אבנרי,M,Jewish,8
גזאו,M,Jewish,8
יבדה,M,Jewish,8
פרנאז,F,Jewish,8
פרנוש,F,Jewish,8
גטסאו,M,Jewish,8
יהאב,M,Muslim,8
סבא,M,Jewish,8
פרננדו,M,Christian-Arab,8
גזיל,F,Muslim,8
גזלה,F,Muslim,8
פרנסיסקה,F,Jewish,8
אאורה,F,Jewish,8
מכיר,M,Jewish,8
זוראב,M,Jewish,8
זועבי,M,Muslim,8
זופאן,F,Jewish,8
מלאך,F,Druze,7
לוג'אן,F,Muslim,7
לוג'איין,F,Muslim,7
באן,F,Muslim,7
באיר,M,Muslim,7
אתנת,F,Jewish,7
אאן,F,Muslim,7
מלאש,M,Jewish,7
זוריאן,M,Jewish,7
זורז,M,Jewish,7
אאוגניה,F,Jewish,7
זושה,M,Jewish,7
זידון,M,Muslim,7
זון,M,Jewish,7
לודביג,M,Jewish,7
לוג'ין,M,Druze,7
נורין,F,Druze,7
נורין,F,Christian-Arab,7
נוריל,M,Jewish,7
באיה,F,Jewish,7
אבגר,F,Jewish,7
תפרח,F,Jewish,7
אבוו,M,Jewish,7
תספהון,M,Jewish,7
אבי,M,Druze,7
זיונית,F,Jewish,7
זולאיחו,F,Jewish,7
זול,M,Jewish,7
אתי,F,Muslim,7
אתאר,F,Christian-Arab,7
אתינה,F,Muslim,7
אתיל,F,Druze,7
רדז',M,Jewish,7
באנצ'יעמלק,F,Jewish,7
באנצ'יגיזה,F,Jewish,7
באנצ'גזיה,F,Jewish,7
באסילא,M,Christian-Arab,7
ספואת,M,Christian-Arab,7
זומורד,F,Muslim,7
מירם,F,Muslim,7
מירללה,F,Jewish,7
מירסה,F,Jewish,7
אבטה,F,Jewish,7
אבזיה,F,Jewish,7
נזהת,F,Muslim,7
לוויס,M,Christian-Arab,7
לוואי,M,Muslim,7
לודוויק,M,Jewish,7
אשראא,F,Muslim,7
לואיג'י,M,Jewish,7
לואב,M,Muslim,7
רואייא,F,Muslim,7
זוי,F,Jewish,7
ספרש,F,Jewish,7
ספירונס,F,Jewish,7
ספייאן,M,Muslim,7
זיין,M,Christian-Arab,7
סנפיר,M,Jewish,7
לברון,M,Jewish,7
אשגרה,F,Jewish,7
אשור,M,Jewish,7
רובאא,F,Muslim,7
רגינה,F,Christian-Arab,7
רגיד,F,Muslim,7
רגוא,F,Muslim,7
בארית,F,Jewish,7
סנע,F,Muslim,7
תניב,F,Jewish,7
תנאל,F,Jewish,7
תמרט,M,Jewish,7
אביב,M,Muslim,7
אביאת,F,Jewish,7
אביוט,F,Jewish,7
סרבר,M,Jewish,7
נוראללה,F,Muslim,7
ארקן,M,Druze,7
רוביאן,M,Druze,7
נזהה,F,Christian-Arab,7
לוא,M,Muslim,7
להט,F,Jewish,7
להד,M,Jewish,7
בבל,M,Jewish,7
זוהאר,F,Muslim,7
זוהא,F,Christian-Arab,7
סראב,F,Druze,7
סניית,F,Jewish,7
סנייה,F,Druze,7
סניז'נה,F,Jewish,7
זין-אלדין,M,Muslim,7
זינדל,M,Jewish,7
ארנאן,F,Muslim,7
ארנקה,F,Jewish,7
רוברת,M,Christian-Arab,7
להאור,F,Jewish,7
נזנין,F,Jewish,7
נזלה,F,Muslim,7
רוג'ריו,M,Jewish,7
רוג'ינה,F,Druze,7
רוג'ין,F,Druze,7
לויז,F,Jewish,7
לאקץ,F,Jewish,7
נזר,M,Muslim,7
בהאדין,M,Muslim,7
סרה,F,Jewish,7
סרה,F,Druze,7
סרגה,M,Jewish,7
זהרן,M,Muslim,7
מירן,M,Muslim,7
אביטא,M,Jewish,7
תמנת,F,Jewish,7
נחלי,F,Jewish,7
לאנס,M,Jewish,7
לאניל,F,Druze,7
רביקה,F,Jewish,7
רבינא,M,Jewish,7
רג'אה,F,Muslim,7
רבקה,M,Jewish,7
תמינה,F,Druze,7
אבינו,M,Jewish,7
אביצח,M,Jewish,7
מיריאם,F,Christian-Arab,7
זכיה,F,Jewish,7
זהב,F,Muslim,7
סריא,F,Muslim,7
זינאו,M,Jewish,7
בויאן,M,Jewish,7
רביבית,F,Jewish,7
לאורל,F,Jewish,7
לאילי,F,Muslim,7
לאלי,F,Muslim,7
נחשול,M,Jewish,7
נחמיאל,M,Jewish,7
נחמי,M,Jewish,7
מירלה,F,Christian-Arab,7
אבירם-אברהם,M,Jewish,7
אבירה,F,Jewish,7
תמאר,M,Muslim,7
אבן,M,Muslim,7
מירטל,F,Jewish,7
סתברק,F,Muslim,7
בוסינה,F,Druze,7
בוסינא,F,Muslim,7
ארלן,M,Jewish,7
רוגינה,F,Christian-Arab,7
רוגינדא,F,Muslim,7
רוגייה,F,Muslim,7
רוגיה,F,Muslim,7
רוגה,F,Jewish,7
זגייה,M,Jewish,7
זגיה,M,Jewish,7
זביאד,M,Jewish,7
זהואת,M,Druze,7
זכריאס,M,Jewish,7
זלי,M,Jewish,7
זלי,F,Jewish,7
זאקיה,F,Muslim,7
מירזה,M,Jewish,7
אריי,M,Jewish,7
אריק,M,Christian-Arab,7
אריס,M,Jewish,7
לאמיתא,F,Muslim,7
לאומה,F,Jewish,7
בוריה,M,Jewish,7
אריין,F,Muslim,7
מירון,F,Christian-Arab,7
מליסא,F,Muslim,7
מיריאנה,F,Jewish,7
אבצן,M,Jewish,7
אבנת,F,Jewish,7
ע'ית,M,Druze,7
ע'אזי,M,Muslim,7
לולי,F,Muslim,7
לונא,F,Jewish,7
נועמן,M,Muslim,7
נועמאן,M,Christian-Arab,7
אריאנה,F,Christian-Arab,7
בורן,F,Muslim,7
ראשא,F,Druze,7
אבראו,M,Jewish,7
אבראהים,F,Muslim,7
סנאר,F,Muslim,7
זמורה,F,Jewish,7
זמה,F,Jewish,7
זלמון,M,Jewish,7
סנאר,F,Druze,7
סנאם,F,Muslim,7
רוהייפה,F,Muslim,7
ארי-יה,F,Jewish,7
ארי-אל,M,Jewish,7
ארטין,M,Christian-Arab,7
רוהא,F,Muslim,7
ניאיה,F,Muslim,7
בזנש,F,Jewish,7
בזיל,M,Jewish,7
בזזו,M,Jewish,7
בזו,F,Jewish,7
ראצי,F,Jewish,7
סנאי,F,Muslim,7
מירבלה,F,Jewish,7
מירבט,F,Muslim,7
מירב,F,Christian-Arab,7
תלאל,M,Muslim,7
תכריד,F,Muslim,7
זמט,F,Jewish,7
כרסתיאן,M,Christian-Arab,7
כרסטינה,F,Christian-Arab,7
כרסטין,F,Muslim,7
ניארה,F,Jewish,7
בי,F,Jewish,7
בטיר,M,Jewish,7
בטי,F,Christian-Arab,7
בטה,F,Jewish,7
בחיט,M,Muslim,7
רוואד,M,Druze,7
זאור,M,Muslim,7
עאדי,M,Druze,7
עאדה,F,Druze,7
זמרוד,F,Druze,7
סמר,F,Jewish,7
סמעין,M,Muslim,7
סמנתה,F,Christian-Arab,7
סמנש,F,Jewish,7
זאהייה,F,Muslim,7
ביידאא,F,Muslim,7
לוסיאן,F,Christian-Arab,7
נועאם,F,Muslim,7
נוע,M,Jewish,7
ארזה,F,Muslim,7
ראסם,M,Druze,7
אברי,F,Jewish,7
תירוש,F,Jewish,7
מיראג',F,Druze,7
מיראב,F,Muslim,7
מיר,F,Jewish,7
ז'ין,M,Muslim,7
ז'קלינה,F,Jewish,7
ז'ק,M,Christian-Arab,7
ז'סיקה,F,Jewish,7
עאז,M,Muslim,7
ארואד,M,Muslim,7
ארונה,F,Jewish,7
רווחייה,F,Muslim,7
לוסין,F,Jewish,7
נוסיה,F,Jewish,7
בטושבה,F,Jewish,7
ביאליק,M,Jewish,7
מיקלה,M,Jewish,7
מלק,F,Jewish,7
מיראן,M,Jewish,7
מיראם,F,Druze,7
אגדה,F,Jewish,7
אג'נדין,F,Muslim,7
זן,M,Druze,7
סמן,F,Jewish,7
ארדה,F,Christian-Arab,7
רוז,M,Jewish,7
כרמל,M,Christian-Arab,7
ראמה,F,Jewish,7
בילאל,M,Muslim,7
ראלי,M,Muslim,7
בימר,M,Jewish,7
בילו,M,Jewish,7
כפיאה,F,Muslim,7
כריסטל,F,Christian-Arab,7
ביילסאן,F,Christian-Arab,7
בייך,M,Jewish,7
זניפר,F,Jewish,7
זנון,M,Jewish,7
ז'ונס,M,Jewish,7
עאלב,M,Muslim,7
עאיידה,F,Christian-Arab,7
זנבץ,F,Jewish,7
סמיין,M,Jewish,7
סמיואל,M,Jewish,7
עאסי,M,Druze,7
עאסי,M,Christian-Arab,7
עאס,M,Muslim,7
ז'ורה,M,Jewish,7
תילתן,F,Jewish,7
תיימה,F,Druze,7
אגינצ'ה,M,Jewish,7
אגיד,M,Druze,7
זקיה,F,Jewish,7
זקאריה,M,Muslim,7
סמיא,F,Muslim,7
סמונש,F,Jewish,7
ראל,F,Jewish,7
ראכי,F,Jewish,7
רוזיט,F,Christian-Arab,7
רוזי,F,Christian-Arab,7
רוזט,F,Druze,7
רוזאנה,F,Druze,7
רוזאנה,F,Christian-Arab,7
ארג'וואן,F,Muslim,7
ארבאב,M,Muslim,7
עאסם,M,Christian-Arab,7
מיקדאד,M,Muslim,7
מיראז',F,Muslim,7
וריד,M,Muslim,7
ורורה,F,Jewish,7
ורונה,F,Jewish,7
כסיף,M,Jewish,7
ניהאד,M,Christian-Arab,7
ניהאד,F,Christian-Arab,7
כרולין,F,Muslim,7
אצ'אש,F,Jewish,7
אקו,M,Jewish,7
אקסיניה,F,Jewish,7
אקסא,F,Muslim,7
רוזיטל,F,Jewish,7
כספית,F,Jewish,7
עבדאלבאסט,M,Muslim,7
ממאי,F,Jewish,7
אגרה,M,Jewish,7
אגנצ'ה,M,Jewish,7
תיאה,F,Druze,7
לוראנס,F,Jewish,7
לוראן,M,Christian-Arab,7
לוראן,F,Jewish,7
אצ'ש,F,Jewish,7
בירהאנה,F,Jewish,7
ביקי,F,Jewish,7
ביסלאן,F,Muslim,7
בירין,F,Druze,7
ביריטו,F,Jewish,7
בירהנה,F,Jewish,7
סמהאן,F,Muslim,7
עבדאלחיי,M,Muslim,7
עבדולה,M,Jewish,7
עבדואללה,M,Muslim,7
וציסלב,M,Jewish,7
עבדאלעזים,M,Muslim,7
תחריר,M,Druze,7
ראיאן,M,Druze,7
ראי,M,Christian-Arab,7
ראים,M,Muslim,7
כנר,M,Jewish,7
ראיין,F,Jewish,7
ראיידה,F,Muslim,7
לוקמאן,M,Druze,7
לוקא,F,Jewish,7
נוזת,F,Muslim,7
אדאל,F,Jewish,7
אדהם,M,Jewish,7
אדווינה,F,Jewish,7
סמה,F,Druze,7
סמד,M,Jewish,7
מיסאנה,F,Muslim,7
לוראן,F,Druze,7
לורו,M,Jewish,7
לוריין,F,Christian-Arab,7
לוריאנה,F,Jewish,7
נוורס,M,Muslim,7
בישי,M,Jewish,7
בירקנש,F,Jewish,7
בירצ'קו,F,Jewish,7
ממיטה,F,Jewish,7
מיסרא,M,Muslim,7
מיסר,F,Druze,7
אדוארד,F,Jewish,7
אדואא,F,Muslim,7
וספי,M,Druze,7
וסמייה,F,Muslim,7
עבדלמגיד,M,Muslim,7
לוריין,F,Muslim,7
אפראים,M,Jewish,7
רוזת,F,Jewish,7
ראי,F,Jewish,7
כמילה,F,Druze,7
כירי,M,Muslim,7
לורנא,F,Druze,7
נוגן,M,Jewish,7
נובר,F,Jewish,7
אסתריקה,F,Jewish,7
בלסם,F,Christian-Arab,7
כלודית,F,Christian-Arab,7
רוטאג',F,Muslim,7
אפוורק,M,Jewish,7
זריפה,F,Christian-Arab,7
מינלו,F,Jewish,7
מיניסן,M,Jewish,7
מנאן,F,Muslim,7
ח'אולה,F,Druze,7
סמאו,M,Jewish,7
אסרסאץ,F,Jewish,7
אעקאב,M,Muslim,7
ניילם,F,Muslim,7
ניטסו,F,Jewish,7
ניטל,F,Jewish,7
כלף,M,Muslim,7
בן-יהודה,M,Jewish,7
בן-חי,M,Jewish,7
נילדה,F,Jewish,7
תום,M,Christian-Arab,7
אדין,M,Muslim,7
אדים,F,Druze,7
ח'לוד,F,Christian-Arab,7
ולרי,F,Christian-Arab,7
ולנטינו,M,Jewish,7
נוארס,F,Muslim,7
לטיטיה,F,Jewish,7
אספש,F,Jewish,7
אספרנסה,F,Jewish,7
אסראי,F,Muslim,7
ניכול,F,Jewish,7
בן-ישראל,M,Jewish,7
ראווד,M,Muslim,7
מינה,F,Christian-Arab,7
מנברו,M,Jewish,7
מינתאמיר,F,Jewish,7
אדיסיי,F,Jewish,7
סלנאט,F,Jewish,7
חאוולה,F,Muslim,7
לי-אורה,F,Jewish,7
לי-און,F,Jewish,7
נואי,M,Jewish,7
לי-יו,M,Jewish,7
רולין,F,Druze,7
כיאן,M,Christian-Arab,7
כינאר,F,Muslim,7
בנבנידה,F,Jewish,7
לורנזו,M,Jewish,7
נובך,M,Jewish,7
נובאל,F,Muslim,7
ולי,M,Jewish,7
ח'ייראללה,M,Muslim,7
תוהאן,M,Muslim,7
אדלאוויט,F,Jewish,7
אדל,M,Jewish,7
תוג'אן,F,Christian-Arab,7
עדי-שרה,F,Jewish,7
בנורה,F,Muslim,7
ראד'י,M,Muslim,7
ראגיה,F,Muslim,7
ראהאף,F,Muslim,7
בניאמין,M,Christian-Arab,7
כולתום,F,Muslim,7
ולאא,M,Christian-Arab,7
חאדר,M,Druze,7
חאג',M,Muslim,7
סלמאה,F,Muslim,7
חאליל,M,Muslim,7
חאכם,M,Muslim,7
חאית,F,Muslim,7
וירז'יני,F,Jewish,7
רומאן,M,Muslim,7
נואהד,F,Muslim,7
נהרו,M,Muslim,7
נהרא,F,Jewish,7
לטפיה,F,Muslim,7
נימאלא,F,Muslim,7
עדיה,F,Muslim,7
מנדנה,F,Jewish,7
מינאר,F,Muslim,7
אדניה,M,Jewish,7
ויקין,M,Christian-Arab,7
בסאל,M,Muslim,7
ניס,M,Jewish,7
נינטה,F,Jewish,7
נינה,F,Druze,7
כותל,M,Jewish,7
בניגו,M,Jewish,7
בנסירו,M,Jewish,7
רומי,M,Muslim,7
ליאונל,M,Christian-Arab,7
נהר,F,Muslim,7
אסמראו,M,Jewish,7
אסמעיל,M,Muslim,7
רומיה,F,Muslim,7
כדר,M,Christian-Arab,7
כדיר,M,Jewish,7
ויקטורה,F,Jewish,7
עדינה,F,Druze,7
עדיל,M,Muslim,7
חאנין,F,Druze,7
חאנאן,F,Muslim,7
חאשע,F,Jewish,7
חארת',M,Muslim,7
מיליך,M,Jewish,7
מנו,F,Jewish,7
מילר,M,Jewish,7
בסים,M,Druze,7
קשישטוף,M,Jewish,7
בנצ'עלם,F,Jewish,7
ראג'ב,M,Christian-Arab,7
בסיר,M,Muslim,7
כארלא,F,Christian-Arab,7
מילס,M,Jewish,7
מילניה,F,Jewish,7
תהליה,F,Jewish,7
תהיר,F,Jewish,7
ויטאל,M,Jewish,7
חאפז,M,Christian-Arab,7
חאסנה,F,Muslim,7
אדראו,M,Jewish,7
אדר,F,Muslim,7
כאדיר,F,Muslim,7
יתרב,M,Muslim,7
ליאור-משה,M,Jewish,7
נהילה,F,Christian-Arab,7
רומן,M,Muslim,7
אסמיהן,F,Muslim,7
אסמה,F,Jewish,7
אסמאעין,M,Muslim,7
תגויד,F,Muslim,7
תגואדה,F,Jewish,7
חביבת,F,Muslim,7
רונאן,F,Muslim,7
רונא,F,Christian-Arab,7
רון-דוד,M,Jewish,7
רון-אל,F,Jewish,7
ליאושר,F,Jewish,7
ניעמאת,F,Christian-Arab,7
בסנט,F,Muslim,7
קרסטין,F,Jewish,7
קרן,F,Christian-Arab,7
מילייה,F,Jewish,7
אהואז,F,Muslim,7
סליאנה,F,Muslim,7
סליאור,F,Jewish,7
עובור,F,Muslim,7
ליאן,M,Druze,7
נהורין,F,Jewish,7
נהורי,F,Jewish,7
ליבון,M,Christian-Arab,7
יתר,M,Jewish,7
ישרואל,M,Jewish,7
קרמן,F,Christian-Arab,7
ישר,M,Muslim,7
ניקסון,M,Jewish,7
בראשית,M,Jewish,7
בראק,F,Muslim,7
ישמעאל,M,Muslim,7
ניקולאי,M,Christian-Arab,7
ניקולאה,M,Jewish,7
מנורה,F,Muslim,7
אהלה,F,Jewish,7
אהל,F,Jewish,7
אהטנש,F,Jewish,7
תארא,F,Muslim,7
תאניא,F,Muslim,7
ויאל,F,Jewish,7
עודד-דוד,M,Jewish,7
עודא,M,Muslim,7
עוגניה,F,Jewish,7
ויבקה,F,Jewish,7
אובה,M,Jewish,7
אובלם,F,Jewish,7
חואטי,M,Jewish,7
חדיג'י,F,Muslim,7
רוניל,M,Druze,7
רוני-ציון,F,Jewish,7
רוני-לי,F,Jewish,7
אסי,M,Christian-Arab,7
אסטרייה,F,Jewish,7
קרימן,F,Muslim,7
ישום,F,Jewish,7
ניראג',F,Muslim,7
ניר-ניסים,M,Jewish,7
ניר-מאיר,M,Jewish,7
ניר,F,Muslim,7
ישיווס,M,Jewish,7
קריסטופ,M,Jewish,7
מנטווב,F,Jewish,7
מנטוואב,F,Jewish,7
אובל,M,Jewish,7
אובל,F,Jewish,7
אוגוסט,F,Jewish,7
וורוד,F,Christian-Arab,7
עוודי,M,Muslim,7
קרולי,M,Jewish,7
ליבקו,F,Jewish,7
ליבנית,F,Jewish,7
ליביה,F,Muslim,7
ליביא,F,Muslim,7
לידא,F,Muslim,7
אסטאר,F,Jewish,7
קרביך,M,Jewish,7
קראסל,F,Jewish,7
ישאמוש,F,Jewish,7
ישאל,M,Jewish,7
קריה,F,Jewish,7
ברוניסל,F,Jewish,7
סלווה,M,Jewish,7
סלוה,F,Jewish,7
וופאא,F,Druze,7
עוליא,F,Muslim,7
מניפה,F,Muslim,7
מיכל,F,Christian-Arab,7
ליו,M,Christian-Arab,7
ליווי,M,Jewish,7
ליודביג,M,Jewish,7
רוננה,F,Jewish,7
רונלדו,M,Christian-Arab,7
קרול,F,Druze,7
קרבך,M,Jewish,7
אודיט,F,Jewish,7
אודלי,F,Jewish,7
תאוויל,F,Muslim,7
תאודורו,M,Jewish,7
אוהנס,M,Christian-Arab,7
עומר-יעקב,M,Jewish,7
וועלוועל,M,Jewish,7
ליון,M,Druze,7
אנקויה,F,Jewish,7
אנקואהונה,F,Jewish,7
ברינדיל,F,Jewish,7
אנתדאר,F,Muslim,7
אנתזאר,F,Muslim,7
ניתי,M,Jewish,7
ברנאדיית,F,Christian-Arab,7
ברלנת,F,Muslim,7
נירעם,M,Jewish,7
נירמין,F,Druze,7
נירמאן,F,Muslim,7
ירין,M,Druze,7
קסנדרה,F,Christian-Arab,7
ליוניל,M,Druze,7
עומיד,M,Jewish,7
מייק,M,Muslim,7
מיכאל,F,Muslim,7
אוהד,F,Jewish,7
ת'יים,M,Muslim,7
סלאמוויט,F,Jewish,7
ברנדיט,F,Christian-Arab,7
רוסתם,M,Jewish,7
רוסלנה,F,Muslim,7
רוסלינה,F,Jewish,7
רוסלי,F,Jewish,7
ירה,F,Jewish,7
ווסל,M,Jewish,7
וונדמנך,M,Jewish,7
אוולין,F,Muslim,7
אוזני,F,Jewish,7
מסאל,F,Druze,7
מייסאא,F,Christian-Arab,7
וולודיה,M,Jewish,7
ליטל,M,Jewish,7
אנסאר,M,Muslim,7
רועי-שמואל,M,Jewish,7
ברלין,F,Druze,7
קסא,M,Jewish,7
קנר,F,Muslim,7
עוצמה,F,Jewish,7
עוסאם,M,Muslim,7
וונדמגן,M,Jewish,7
וונדיפראו,M,Jewish,7
וונדאלה,M,Jewish,7
חזנה,F,Christian-Arab,7
חזם,M,Muslim,7
חזון,M,Jewish,7
חותם,M,Jewish,7
חותאם,F,Muslim,7
סלאח,M,Jewish,7
רוקסנדרה,F,Jewish,7
לייל,F,Jewish,7
יקיטה,F,Jewish,7
יראל,F,Jewish,7
וולנטין,M,Jewish,7
מייסלון,F,Druze,7
אוליביה,F,Muslim,7
מיידן,M,Jewish,7
מייאר,F,Christian-Arab,7
וויליאם,M,Druze,7
אניס,F,Muslim,7
אנס,M,Christian-Arab,7
רושד,M,Muslim,7
ברניסלבה,F,Jewish,7
קנדה,M,Jewish,7
אנילה,F,Druze,7
ליימה,F,Jewish,7
ליל,F,Muslim,7
יקוטה,F,Jewish,7
נמי,M,Jewish,7
בשייר,F,Muslim,7
ווילאם,M,Jewish,7
עותבה,M,Muslim,7
עושרה,F,Jewish,7
ווירא,F,Christian-Arab,7
עזיזה,F,Druze,7
עזיה,M,Jewish,7
וויג'דאן,F,Muslim,7
ווטטו,M,Jewish,7
עזו,F,Jewish,7
רזבן,M,Jewish,7
רז-רזיאל,M,Jewish,7
רז,M,Muslim,7
קמיליא,F,Muslim,7
אנילה,F,Jewish,7
אניא,F,Muslim,7
אנטי,F,Jewish,7
אניי,F,Jewish,7
רזו,M,Jewish,7
נגמה,F,Christian-Arab,7
יצחקי,M,Jewish,7
יפטוסירה,F,Jewish,7
נגלה,F,Christian-Arab,7
עזבה,F,Muslim,7
מיימון,M,Muslim,7
מסאעד,M,Muslim,7
אולוגבק,M,Jewish,7
אוליביר,M,Jewish,7
חי-אל,M,Jewish,7
סלאוה,F,Jewish,7
נגיבה,F,Druze,7
אנטואנטה,F,Jewish,7
יצחאק,M,Muslim,7
יעקב,M,Muslim,7
סלא,F,Muslim,7
ווזרו,F,Jewish,7
מייאס,M,Druze,7
מסלאם,M,Muslim,7
נסמאת,F,Druze,7
קלימה,F,Jewish,7
קליאו,F,Jewish,7
נסימה,F,Christian-Arab,7
קלמונס,F,Jewish,7
קלכידן,F,Jewish,7
קלינטון,M,Jewish,7
קלינה,F,Jewish,7
ג'אנה,F,Druze,7
ג'אנה,F,Christian-Arab,7
נגילה,F,Jewish,7
מייטב,F,Jewish,7
מייה,F,Muslim,7
ווגד,M,Muslim,7
ווג'יהה,F,Muslim,7
עטא,M,Christian-Arab,7
סכיבה,F,Muslim,7
לילייה,F,Jewish,7
נגום,F,Muslim,7
לינאל,F,Jewish,7
אנוש,F,Christian-Arab,7
יעלית,F,Jewish,7
יעל-חנה,F,Jewish,7
יננה,F,Jewish,7
אנדריאה,F,Christian-Arab,7
יעל-אסתר,F,Jewish,7
יעיר,M,Jewish,7
קלודית,F,Christian-Arab,7
קלודיה,F,Muslim,7
אנדריס,M,Jewish,7
שריס,F,Jewish,7
אומידה,F,Jewish,7
אומיד,M,Muslim,7
אומאיה,F,Muslim,7
מיטקו,M,Jewish,7
וובאלץ',F,Jewish,7
סירי,M,Muslim,7
קלאו,F,Jewish,7
אנדרגצ'או,M,Jewish,7
קלאריס,F,Jewish,7
יננך,M,Jewish,7
ג'ובאן,M,Christian-Arab,7
ג'ודה,F,Muslim,7
ג'ודאת,M,Druze,7
נעאים,F,Muslim,7
יסיר,M,Muslim,7
יסיף,M,Jewish,7
יסאר,F,Muslim,7
מיטצ'ל,M,Jewish,7
מסעאד,M,Muslim,7
אונדין,F,Jewish,7
אומר,M,Muslim,7
חייט,F,Jewish,7
חיימנוט,F,Jewish,7
חיים-צבי,M,Jewish,7
וואיב,M,Muslim,7
עטיף,M,Muslim,7
ינטע,F,Jewish,7
ריאד,M,Jewish,7
ריאבאל,M,Muslim,7
אנדירא,F,Muslim,7
אנדיהו,F,Jewish,7
אנדי,M,Christian-Arab,7
ליסא,F,Muslim,7
ג'ובני,M,Jewish,7
יני,M,Jewish,7
נעכה,F,Jewish,7
שריאהן,F,Muslim,7
שרי,M,Muslim,7
אוסאמא,M,Christian-Arab,7
שרון,F,Christian-Arab,7
עידה,F,Druze,7
עידה,F,Christian-Arab,7
עיבל,M,Jewish,7
עיבל,F,Jewish,7
וואדד,F,Muslim,7
עטקה,F,Jewish,7
וואסן,F,Muslim,7
מידיאן,M,Muslim,7
מספנט,M,Jewish,7
מיהרט,M,Jewish,7
מיהל,F,Jewish,7
מיה-לי,F,Jewish,7
אוסי,M,Jewish,7
אוסוולד,M,Jewish,7
עידו-עובדיה,M,Jewish,7
נעכע,F,Jewish,7
ג'והד,M,Muslim,7
קישינה,F,Jewish,7
קיקי,F,Jewish,7
קיפאיה,F,Muslim,7
קיעאן,F,Muslim,7
ג'והיינה,F,Druze,7
סיפ,M,Muslim,7
סיף,M,Christian-Arab,7
סיסיליא,F,Muslim,7
ודת,M,Jewish,7
עידו-דוד,M,Jewish,7
סיסאיינש,F,Jewish,7
סיסאיי,F,Jewish,7
חילמי,M,Druze,7
וג'יהה,F,Druze,7
ודיע,M,Jewish,7
ודחא,F,Muslim,7
קינאן,M,Christian-Arab,7
ריאם,M,Jewish,7
אנגלינא,F,Christian-Arab,7
אנגלה,F,Muslim,7
אנדאלקאצ'או,M,Jewish,7
אנדאלק,M,Jewish,7
ינור,M,Jewish,7
ודוד,M,Muslim,7
עידן-משה,M,Jewish,7
שרה-לאה,F,Jewish,7
שרה-חיה,F,Jewish,7
שרה-אסתר,F,Jewish,7
אוסיף,M,Jewish,7
אופיר-משה,M,Jewish,7
אופיר-אפרים,M,Jewish,7
שראי,F,Jewish,7
ימין,M,Druze,7
נגאח,M,Druze,7
אנגוץ',F,Jewish,7
ג'והריה,F,Druze,7
ג'וזיל,M,Druze,7
ג'וזיאן,F,Christian-Arab,7
ג'וואנה,F,Muslim,7
עייט,F,Muslim,7
וגייה,M,Muslim,7
סינטייהו,M,Jewish,7
סינטאייהו,F,Jewish,7
ואנדה,F,Jewish,7
ואתק,M,Muslim,7
ואתן,F,Muslim,7
עיית,M,Muslim,7
ימסרץ,F,Jewish,7
נערה,F,Jewish,7
נען,M,Jewish,7
קיילין,F,Jewish,7
אופרת,F,Jewish,7
אור-החיים,M,Jewish,7
מיאמי,F,Druze,7
ואלרי,F,Christian-Arab,7
ואכים,M,Christian-Arab,7
עילום,M,Jewish,7
אנאר,M,Jewish,7
לירה,F,Jewish,7
ריאנא,F,Muslim,7
קיאן,F,Druze,7
ג'ונו,F,Jewish,7
ג'ונה,F,Jewish,7
ג'ונאס,M,Christian-Arab,7
ג'ונסון,M,Jewish,7
קיי,M,Jewish,7
נצה,F,Jewish,7
ריהאנה,F,Muslim,7
ריה,F,Druze,7
אנבאל,F,Jewish,7
מסרק,F,Jewish,7
מסרי,M,Muslim,7
מיאסא,F,Muslim,7
מיאן,F,Jewish,7
אור-לב,F,Jewish,7
שפר,F,Jewish,7
חינן,M,Jewish,7
אוראלי,M,Jewish,7
קטליה,F,Druze,7
ריואל,F,Muslim,7
אנאידה,F,Jewish,7
אנאג'ים,F,Muslim,7
אנאלי,F,Jewish,7
ימיסראץ',F,Jewish,7
ימינה,F,Muslim,7
שפטיה,M,Jewish,7
אורדית,F,Jewish,7
סימניש,F,Jewish,7
סימניו,M,Jewish,7
מעטז,M,Muslim,7
מעזז,F,Muslim,7
קחה,M,Jewish,7
לירוני,F,Jewish,7
נג'ח,M,Muslim,7
ליש,M,Muslim,7
ליש,M,Jewish,7
אנאבל,F,Christian-Arab,7
נצחית,F,Jewish,7
ימאיה,F,Jewish,7
ג'וניה,F,Druze,7
מעון,M,Jewish,7
מעדה,M,Druze,7
אורהלי,F,Jewish,7
סימי,F,Muslim,7
סימונה,F,Christian-Arab,7
הרץ,M,Jewish,7
הריק,M,Jewish,7
אמתיתאל,F,Muslim,7
ריחאן,F,Druze,7
ג'יאקומו,M,Jewish,7
ג'יג'י,F,Jewish,7
ג'ייד,M,Jewish,7
יירגה,M,Jewish,7
ג'ילברטו,M,Jewish,7
ליתן,M,Jewish,7
נג'די,M,Muslim,7
אמר,F,Jewish,7
אמרן,M,Muslim,7
נרגס,F,Jewish,7
נרגיס,F,Jewish,7
חיפה,F,Muslim,7
אורי-חיים,M,Jewish,7
אורי-אברהם,M,Jewish,7
העשי,M,Jewish,7
חלב,F,Muslim,7
נג'אד,F,Muslim,7
למיה,F,Jewish,7
ריטל,F,Druze,7
אמנון,M,Muslim,7
ג'יוואן,M,Christian-Arab,7
ג'ייל,F,Jewish,7
קוראל,F,Muslim,7
קוקי,F,Jewish,7
קוקו,F,Jewish,7
חכמייה,F,Muslim,7
מטעלם,M,Jewish,7
מטלק,M,Muslim,7
מעלא,M,Muslim,7
מעיין,M,Druze,7
אורינב,F,Muslim,7
העניה,F,Jewish,7
חלווי,M,Muslim,7
אמל,M,Jewish,7
אמלק,M,Jewish,7
אמליה,F,Christian-Arab,7
רייה,F,Jewish,7
ריידה,F,Muslim,7
נרוין,F,Muslim,7
מטיעה,F,Muslim,7
אורים,F,Jewish,7
שמרי,F,Jewish,7
אורלה,F,Jewish,7
חלמייה,F,Muslim,7
סילשי,M,Jewish,7
סילקא,F,Jewish,7
קולמן,M,Jewish,7
קולין,F,Christian-Arab,7
ג'ינן,F,Muslim,7
ג'יני,F,Christian-Arab,7
ג'לאא,F,Muslim,7
ג'לינאר,F,Muslim,7
יחיאלי,M,Jewish,7
נרימן,M,Jewish,7
עלאאי,M,Muslim,7
אוריקה,F,Jewish,7
מקדאם,M,Muslim,7
מט,M,Jewish,7
מצלח,M,Muslim,7
מפלח,M,Druze,7
מטט,M,Jewish,7
מטה,M,Jewish,7
אורן,M,Druze,7
אורלנדו,M,Jewish,7
סיליין,F,Muslim,7
חמודה,F,Jewish,7
ריינה,F,Muslim,7
אמילין,F,Jewish,7
אמיליו,M,Christian-Arab,7
לן,M,Jewish,7
לנקה,F,Jewish,7
לקו,F,Jewish,7
ריימונד,M,Christian-Arab,7
יטנורה,F,Jewish,7
קונג'ו,F,Jewish,7
הני,M,Christian-Arab,7
סילויאן,M,Jewish,7
סילויאן,F,Jewish,7
חנא,F,Christian-Arab,7
חן-רחל,F,Jewish,7
הנאדה,F,Christian-Arab,7
אורליאן,M,Jewish,7
ג'נאה,F,Muslim,7
קהלת,M,Jewish,7
קהלת,F,Jewish,7
קדריה,F,Muslim,7
ג'מבר,F,Jewish,7
קוטיבא,M,Muslim,7
קודסייה,F,Muslim,7
שמסיה,F,Muslim,7
אורנע,F,Jewish,7
שמסאלדין,M,Muslim,7
שמית,F,Jewish,7
חנאן,M,Druze,7
עלים,M,Druze,7
נביאת,F,Jewish,7
נביאן,F,Muslim,7
אמיטו,F,Jewish,7
יזין,M,Muslim,7
נרמיאן,F,Muslim,7
יטב,M,Jewish,7
עליזה,F,Christian-Arab,7
סילי,F,Jewish,7
שמי,F,Jewish,7
אושירה,F,Jewish,7
מחמן,M,Jewish,7
עלמאז,F,Jewish,7
אמוואיש,F,Jewish,7
אמיאל,F,Jewish,7
לרי,F,Jewish,7
יזבה,F,Jewish,7
יזרעאל,M,Jewish,7
ג'נביב,F,Jewish,7
קדסת,F,Jewish,7
נתבן,F,Jewish,7
קארן,F,Muslim,7
קדיש,M,Jewish,7
ג'ניט,F,Muslim,7
ג'ניד,M,Druze,7
ג'ני,F,Muslim,7
ג'נית,F,Muslim,7
עלמאדיס,F,Jewish,7
עללא,M,Muslim,7
הית'ם,M,Druze,7
הליו,M,Jewish,7
סילבנה,F,Christian-Arab,7
חנה-אנה,F,Jewish,7
הילן,F,Jewish,7
הימנוט,F,Jewish,7
אמארו,F,Jewish,7
אמואג,F,Druze,7
יורן,F,Jewish,7
יורי,M,Muslim,7
מחמודה,F,Muslim,7
מחמדייה,F,Muslim,7
אזאהר,F,Muslim,7
שמואל-חיים,M,Jewish,7
חנונה,F,Muslim,7
עמוס-עמי,M,Jewish,7
הילור,M,Jewish,7
גאודת,M,Druze,7
יורה,F,Jewish,7
מאב,F,Muslim,7
מאאב,M,Muslim,7
קארלי,F,Jewish,7
קארלוס,M,Jewish,7
קארינה,F,Christian-Arab,7
לריון,M,Jewish,7
קאמליה,F,Muslim,7
קאמיי,F,Jewish,7
אלריאן,M,Muslim,7
רינט,F,Jewish,7
רינה,M,Jewish,7
אמאליד,F,Muslim,7
אמאל,F,Muslim,7
ג'ריר,M,Christian-Arab,7
קאסו,F,Jewish,7
אזדיהר,F,Muslim,7
אזבל,F,Jewish,7
שלמה-שלומי,M,Jewish,7
שלמה-שי,M,Jewish,7
שלמה-מאיר,M,Jewish,7
היכל,M,Jewish,7
הייתים,M,Muslim,7
הייקה,F,Jewish,7
הילארי,F,Jewish,7
עמידן,M,Jewish,7
עמיאל,F,Jewish,7
עמור,M,Muslim,7
עמוסי,M,Jewish,7
סיילס,M,Jewish,7
היימן,M,Druze,7
מקיילה,F,Jewish,7
ריסאלה,F,Muslim,7
אלראזי,M,Muslim,7
מאהלה,F,Muslim,7
מאהיר,M,Muslim,7
יורדן,M,Jewish,7
יורדאנוס,M,Jewish,7
גאוד,M,Muslim,7
גאידאא,F,Muslim,7
גאיד,M,Muslim,7
קאיאן,F,Muslim,7
גאית,M,Druze,7
סאאיב,M,Muslim,7
נתניל,M,Jewish,7
נתנאל,M,Christian-Arab,7
גאולית,F,Jewish,7
קאלה,F,Jewish,7
אזהר,F,Druze,7
מזה,F,Jewish,7
מזינה,F,Druze,7
שלומיה,F,Jewish,7
סיטה,F,Muslim,7
סיזר,M,Muslim,7
גאלי,F,Muslim,7
קאדן,F,Jewish,7
צקולה,M,Jewish,7
אלקא,F,Jewish,7
אלפריד,M,Christian-Arab,7
אלקסאם,M,Muslim,7
אלקס,F,Jewish,7
קאל,M,Jewish,7
קאילי,F,Jewish,7
קאיי,M,Jewish,7
סיזר,M,Druze,7
היידר,M,Muslim,7
היידי,F,Christian-Arab,7
הידיא,F,Muslim,7
הידה,F,Jewish,7
היזל,F,Jewish,7
סיטטאו,M,Jewish,7
יוסף,F,Muslim,7
סאבינה,F,Jewish,7
יוסתינה,F,Christian-Arab,7
יוסריה,F,Muslim,7
יוסקה,M,Jewish,7
יופית,F,Jewish,7
יופיה,F,Jewish,7
יופיאל,M,Jewish,7
יופה,F,Muslim,7
שלומי,M,Druze,7
אחאב,M,Jewish,7
אח'לאץ,F,Muslim,7
אזר,F,Jewish,7
שלומה,F,Jewish,7
שלום-שלו,M,Jewish,7
שלום-חי,M,Jewish,7
חנסה,F,Muslim,7
עמרו,M,Druze,7
חסנייה,F,Muslim,7
חסנאת,F,Muslim,7
חסן,M,Christian-Arab,7
סידרת,F,Muslim,7
הושמנד,M,Jewish,7
הורן,M,Jewish,7
ענאיה,F,Druze,7
צפורית,F,Jewish,7
צערל,F,Jewish,7
נארדין,F,Druze,7
מאור-חיים,M,Jewish,7
מאוודה,F,Muslim,7
מאודי,M,Jewish,7
נאעמה,F,Muslim,7
מאזל,F,Muslim,7
גאנדי,M,Druze,7
מושקט,F,Jewish,7
מראל,F,Jewish,7
מראווה,F,Muslim,7
מזהר,M,Druze,7
הוני,F,Jewish,7
אלף,M,Jewish,7
אלעז,M,Jewish,7
אלעדה,F,Jewish,7
אלעד-אליהו,M,Jewish,7
ריצ'י,M,Jewish,7
גאנית,F,Muslim,7
גאנית,F,Druze,7
צפרירית,F,Jewish,7
גבור,M,Christian-Arab,7
גארם,F,Muslim,7
הומיון,M,Jewish,7
הזאע,M,Druze,7
אטד,M,Jewish,7
מושיאל,M,Jewish,7
מושגן,F,Jewish,7
מוש,M,Jewish,7
הוזאם,F,Muslim,7
הוויה,F,Jewish,7
מאוריסי,M,Jewish,7
נאסמה,F,Muslim,7
יוסלין,F,Jewish,7
יוסי,M,Christian-Arab,7
יוסטינה,F,Jewish,7
סאדה,F,Muslim,7
גבייה,M,Jewish,7
גביה,M,Jewish,7
ענית,F,Jewish,7
הודי,F,Jewish,7
הודאיה,F,Muslim,7
מורשיד,M,Muslim,7
מרג'אן,F,Jewish,7
מותקאל,M,Muslim,7
אטאקלט,F,Jewish,7
צלצאו,M,Jewish,7
צליבא,M,Christian-Arab,7
צלח,M,Muslim,7
גבראיל,M,Christian-Arab,7
גבריאל,F,Christian-Arab,7
גדבאן,M,Druze,7
גדאם,F,Jewish,7
גואן,M,Druze,7
ציבה,F,Jewish,7
אלמנה,M,Jewish,7
ריתה,F,Druze,7
אלנא,F,Jewish,7
אלנז,F,Jewish,7
צכר,M,Muslim,7
גדלי,M,Jewish,7
גדיע,M,Muslim,7
אטאלאיי,M,Jewish,7
אטאלאי,M,Jewish,7
אחראר,F,Muslim,7
שישי,F,Jewish,7
חשה,F,Jewish,7
חרייה,F,Muslim,7
הוברד,M,Jewish,7
הואידה,F,Druze,7
גודה,M,Christian-Arab,7
מאיה,M,Jewish,7
מאיד,M,Muslim,7
נאניה,F,Jewish,7
רכד,F,Muslim,7
יוניאל,M,Jewish,7
יונוס,M,Jewish,7
סאהירה,F,Muslim,7
שירני,F,Jewish,7
אטו,F,Jewish,7
שיריין,F,Muslim,7
הדרת,F,Jewish,7
הדרי,M,Jewish,7
הדס-אסתר,F,Jewish,7
עסמת,M,Druze,7
עסמאת,F,Muslim,7
גוהאן,F,Muslim,7
גוהאד,M,Muslim,7
אלמורק,F,Jewish,7
אלמז,F,Muslim,7
רליה,F,Jewish,7
סאוסה,F,Muslim,7
מורמן,M,Jewish,7
מוריסט,F,Jewish,7
מרגאנה,F,Muslim,7
מורשד,M,Christian-Arab,7
שירי,F,Druze,7
שירוק,F,Druze,7
סיאר,F,Muslim,7
צוק,F,Jewish,7
גוודו,M,Jewish,7
גווד,F,Muslim,7
צופיה,F,Muslim,7
יולה,F,Druze,7
גודדה,F,Jewish,7
יולייה,F,Jewish,7
גוהיינה,F,Druze,7
הדנה,F,Muslim,7
עפף,F,Muslim,7
מרגריטה,F,Muslim,7
מרגלית,F,Muslim,7
מוריה,M,Jewish,7
מוריאל,F,Christian-Arab,7
עקיד,M,Muslim,7
יוחן,M,Jewish,7
רמאן,F,Muslim,7
אלמאר,F,Muslim,7
אלמאיהו,M,Jewish,7
צוקי,M,Jewish,7
הדא,F,Druze,7
טאזה,F,Jewish,7
טאודורה,F,Jewish,7
טאודג',F,Jewish,7
יוחניס,M,Jewish,7
יוליאנה,F,Christian-Arab,7
גוין,M,Jewish,7
סאימה,F,Muslim,7
סאייל,M,Muslim,7
יוליס,M,Jewish,7
גויטום,M,Jewish,7
גוזלן,F,Muslim,7
צהיה,F,Jewish,7
גול,M,Jewish,7
גולמה,M,Jewish,7
סאלסביל,F,Muslim,7
אלישה,M,Jewish,7
מאיין,F,Muslim,7
מאיסרה,M,Muslim,7
אלישיה,F,Jewish,7
יווגנש,F,Jewish,7
סאלחיה,F,Muslim,7
סאלו,M,Jewish,7
יוטפה,F,Muslim,7
הביסטה,F,Jewish,7
איאנא,F,Druze,7
איבאן,M,Christian-Arab,7
איבאן,F,Muslim,7
שיר-אל,M,Jewish,7
שיר,F,Muslim,7
איבי,M,Jewish,7
מורדוך,M,Jewish,7
טאיר,M,Muslim,7
טאילו,F,Jewish,7
טאייץ',F,Jewish,7
האנדי,F,Muslim,7
הארייט,F,Jewish,7
הארווי,M,Jewish,7
מאיסאן,F,Muslim,7
מאימנה,F,Muslim,7
נאיר,F,Jewish,7
אליף,M,Druze,7
גוליאטה,F,Jewish,7
גולה,M,Jewish,7
גולה,F,Jewish,7
נאייה,F,Muslim,7
נאיי,F,Druze,7
נאיה,M,Jewish,7
רמיה,F,Muslim,7
אליסו,F,Jewish,7
גוליט,F,Muslim,7
צביקי,M,Jewish,7
צבי-אריה,M,Jewish,7
איביית,F,Christian-Arab,7
איגר,M,Jewish,7
איגי,F,Jewish,7
מוצלח,M,Muslim,7
מוצ'ה,M,Jewish,7
מופתיה,F,Muslim,7
סטרה,F,Jewish,7
סאמיא,F,Muslim,7
אלים,M,Jewish,7
אלייני,F,Jewish,7
רמש,F,Jewish,7
אלינוי,M,Jewish,7
מאיר-חי,M,Jewish,7
יוגניה,F,Jewish,7
סאמהר,F,Muslim,7
סאמאר,F,Muslim,7
גולנזי,F,Jewish,7
צבח,M,Jewish,7
סטפאן,M,Christian-Arab,7
טאמרו,M,Jewish,7
סטללה,F,Jewish,7
האגופ,M,Christian-Arab,7
האבטמו,M,Jewish,7
ערפת,M,Muslim,7
ערן-משה,M,Jewish,7
האיל,M,Christian-Arab,7
האייל,M,Muslim,7
מרוואת,F,Christian-Arab,7
עתידאל,F,Muslim,7
יואקים,M,Jewish,7
יואננה,F,Jewish,7
יואן,F,Jewish,7
צ'רלי,F,Jewish,7
יהוניי,M,Jewish,7
יהנו,M,Jewish,7
גולשן,F,Jewish,7
צאפי,M,Muslim,7
צ'לצ'ו,M,Jewish,7
צ'לוט,M,Jewish,7
גופרי,M,Jewish,7
אלייג'ה,M,Jewish,7
אליטל,M,Jewish,7
רנאטו,M,Jewish,7
עשק,F,Muslim,7
טאמירו,M,Jewish,7
טאלי,F,Jewish,7
מרזה,M,Muslim,7
מוקאט,M,Jewish,7
אידן,M,Druze,7
טאפרה,M,Jewish,7
רנטיק,M,Jewish,7
אליות,M,Jewish,7
אליונה,F,Muslim,7
מאלדו,F,Jewish,7
אליאנוס,M,Christian-Arab,7
אליאני,F,Jewish,7
רניאל,F,Jewish,7
יהודה-לייב,M,Jewish,7
סאנין,F,Muslim,7
סאניה,F,Muslim,7
סאנדרה,F,Jewish,7
יהונס,M,Jewish,7
גוסן,F,Muslim,7
טאניוס,M,Christian-Arab,7
סטיפאני,F,Christian-Arab,7
דריל,F,Jewish,7
דרייזי,F,Jewish,7
עתמן,M,Muslim,7
עתמאד,F,Muslim,7
פאואז,M,Muslim,7
דריה,M,Jewish,7
דריד,M,Muslim,7
פאדווה,F,Muslim,7
אלי-אליהו,M,Jewish,7
אליאונו,F,Jewish,7
צ'אלאצ'ו,M,Jewish,7
גורגט,F,Christian-Arab,7
גורג'יה,F,Jewish,7
רניין,F,Muslim,7
טאקלו,F,Jewish,7
איואל,M,Jewish,7
איהו,M,Jewish,7
איהו,F,Jewish,7
איוואנא,F,Muslim,7
איוואן,M,Jewish,7
איוו,M,Jewish,7
שיילין,F,Jewish,7
טבג'ה,M,Jewish,7
פרסילה,F,Jewish,7
פרסי,M,Jewish,7
פרנקי,F,Jewish,7
גזאייה,F,Muslim,7
פתינה,F,Muslim,7
יהאלי,M,Jewish,7
סאסיל,F,Jewish,7
יהויריב,M,Jewish,7
אלי-יה,M,Jewish,7
דרומה,F,Jewish,7
פאולה,F,Muslim,7
דפנא,F,Jewish,7
דעה,F,Jewish,7
דרג'או,M,Jewish,7
דרורי,F,Jewish,7
גושוע,M,Jewish,7
גורגינא,F,Christian-Arab,7
פשא,F,Jewish,7
רסטו,M,Jewish,7
רסאן,M,Christian-Arab,7
רסאם,F,Muslim,7
אלטיב,M,Muslim,7
אלטון,M,Jewish,7
אליא,M,Druze,7
אלי-שי,M,Jewish,7
ידנק,F,Jewish,7
סאפייה,F,Muslim,7
מרט,M,Muslim,7
איווית,F,Christian-Arab,7
שייאן,F,Jewish,7
טגאב,F,Jewish,7
דסלאו,M,Jewish,7
דסיסלבה,F,Jewish,7
דסיא,M,Jewish,7
סאריה,M,Muslim,7
ידרסל,M,Jewish,7
פרנצ'סקו,M,Christian-Arab,7
גזאצ'ו,M,Jewish,7
גטיה,M,Jewish,7
פרנסט,F,Jewish,7
פרנס,M,Jewish,7
גיא-משה,M,Jewish,7
גיא-יעקב,M,Jewish,7
פאולינה,F,Christian-Arab,7
פאולוס,M,Jewish,7
מריא,F,Jewish,7
מרטין,M,Muslim,7
מועאד,F,Muslim,7
מוסי,M,Jewish,7
איון,M,Druze,7
איוית,F,Christian-Arab,7
טגבנש,F,Jewish,7
סח'ר,M,Christian-Arab,7
דנקיה,F,Jewish,7
דנל,F,Jewish,7
סטטאו,M,Jewish,7
פאלומה,F,Jewish,7
פאל,M,Jewish,7
פאיקה,F,Christian-Arab,7
דניאלה,M,Jewish,7
דניס,F,Muslim,7
יבניאל,M,Jewish,7
מאמין,M,Muslim,7
רסייל,F,Muslim,7
רסיא,F,Jewish,7
ידו,M,Jewish,7
סאשע,F,Jewish,7
איזגיה,M,Jewish,7
איזבל,F,Muslim,7
איזבל,F,Druze,7
שיאונה,F,Jewish,7
איזי,F,Jewish,7
סורית,F,Jewish,7
סורייא,F,Muslim,7
אלון-דוד,M,Jewish,7
אלומית,F,Jewish,7
רעיד,M,Muslim,7
רעד,M,Christian-Arab,7
אלזה,F,Christian-Arab,7
אלור,M,Jewish,7
אלוף,M,Jewish,7
רסל,F,Jewish,7
גיאנה,F,Christian-Arab,7
יגות,F,Muslim,7
פאלח,M,Druze,7
פאנה,F,Jewish,7
סזאר,M,Christian-Arab,7
מאני,M,Jewish,7
נאואר,F,Muslim,7
אלון-יעקב,M,Jewish,7
גיגה,M,Jewish,7
פריל,F,Jewish,7
גיולסורך,F,Jewish,7
גיזוורק,F,Jewish,7
גיזאצ'או,M,Jewish,7
מאריו,M,Muslim,7
רען,F,Jewish,7
אלוירה,F,Christian-Arab,7
פריידיל,F,Jewish,7
יארין,F,Christian-Arab,7
סבחייה,F,Muslim,7
יבדית,F,Jewish,7
פרייאל,F,Muslim,7
פריהיווט,F,Jewish,7
איזולד,M,Jewish,7
מונקד,M,Muslim,7
שי-שאול,M,Jewish,7
שי-לה,F,Jewish,7
דמוז,F,Jewish,7
טגניץ',F,Jewish,7
גילרמה,M,Jewish,7
גילנה,F,Jewish,7
גיטנה,F,Jewish,7
גייקוב,M,Jewish,7
גילברטו,M,Jewish,7
מאסק,F,Muslim,7
מאסימו,M,Jewish,7
מאריוס,M,Jewish,7
דמקץ,F,Jewish,7
דמיר,M,Muslim,7
שטרענא,F,Jewish,7
איזר,M,Druze,7
טדגה,M,Jewish,7
טוב-רואי,M,Jewish,7
טהל,F,Jewish,7
רפיאל,M,Jewish,7
אלברא,M,Muslim,7
אלגר,M,Jewish,7
רפאל-חיים,M,Jewish,7
רפא,F,Druze,7
יאסמין,F,Muslim,7
סבין,F,Christian-Arab,7
סבילה,F,Jewish,7
דלל,F,Jewish,7
דלינה,F,Jewish,7
פאתין,F,Muslim,7
פארל,M,Jewish,7
דלידה,F,Christian-Arab,7
מונדאר,M,Muslim,7
סבינדג',F,Jewish,7
יאפים,M,Jewish,7
יאסרין,F,Muslim,7
גירש,M,Jewish,7
פריבא,F,Jewish,7
פריאלה,F,Jewish,7
גינה,F,Druze,7
גיסמה,M,Jewish,7
גיסלין,F,Jewish,7
גיסיה,F,Jewish,7
מונאר,F,Muslim,7
מונאל,F,Muslim,7
מונטהה,F,Muslim,7
יאמאן,M,Druze,7
יאנט,F,Jewish,7
אלב,M,Muslim,7
אלאף,F,Muslim,7
נאה,F,Jewish,7
נאדר,F,Muslim,7
אלאני,F,Jewish,7
אלאנה,F,Muslim,7
פרחי,F,Jewish,7
סביתה,F,Muslim,7
גלורי,F,Jewish,7
גל-משה,M,Jewish,7
גל,M,Muslim,7
פרז'י,M,Jewish,7
פרול,M,Jewish,7
מרילו,F,Jewish,7
מונאי,M,Muslim,7
מונאדל,M,Muslim,7
אייאט,F,Muslim,7
טוביאל,M,Jewish,7
טובאל,F,Jewish,7
פרדס,F,Jewish,7
סברינה,F,Christian-Arab,7
מאריתה,F,Christian-Arab,7
יאנגיל,M,Jewish,7
גמי,M,Jewish,7
אל-יה,M,Jewish,7
אל-אור,F,Jewish,7
רקאן,F,Muslim,7
רצ'יק,M,Jewish,7
אלאב,M,Jewish,7
פרהיווט,F,Jewish,7
טוחיר,M,Jewish,7
דימבולו,F,Jewish,7
טוילע,M,Muslim,7
דילארא,F,Druze,7
סג'ר,M,Muslim,7
גמאנה,F,Christian-Arab,7
גמא,F,Jewish,7
גלרון,M,Jewish,7
סברין,M,Jewish,7
יאמן,F,Muslim,7
פרדיננד,M,Jewish,7
פרדז',M,Jewish,7
פרדוס,F,Jewish,7
פדיאה,F,Muslim,7
מולנש,F,Jewish,7
דייגו,M,Christian-Arab,7
דיור,M,Jewish,7
דייסי,F,Jewish,7
מארשה,F,Jewish,7
איתמר,F,Jewish,7
אכלאס,F,Christian-Arab,7
רראד,F,Muslim,7
רקרדו,M,Jewish,7
גנית,F,Christian-Arab,7
גניט,F,Christian-Arab,7
פרג'אללה,M,Muslim,7
גנא,F,Muslim,7
גנוה,F,Christian-Arab,7
פראדא,F,Jewish,7
דיין,F,Jewish,7
טוודג',F,Jewish,7
מולוקו,M,Jewish,7
אייטו,M,Jewish,7
טום,M,Druze,7
טום,M,Christian-Arab,7
טופיק,M,Christian-Arab,7
מולויה,M,Jewish,7
מברוכה,F,Muslim,7
מבסם,F,Muslim,7
נאג'יה,F,Muslim,7
נאג'וה,F,Muslim,7
איתי-דוד,M,Jewish,7
רשד,M,Jewish,7
רשאל,F,Jewish,7
רשאא,F,Druze,7
איתן-משה,M,Jewish,7
איתן,M,Muslim,7
סגיע,M,Druze,7
סגידה,F,Muslim,7
מולוהבט,F,Jewish,7
מולוגוג'אם,F,Jewish,7
מרימאר,F,Muslim,7
מרימאר,F,Christian-Arab,7
מולה,F,Jewish,7
דחלאללה,M,Muslim,7
דחאם,M,Muslim,7
דח'לאללה,M,Muslim,7
דזידר,M,Jewish,7
אישטוון,M,Jewish,7
אירנה,F,Muslim,7
גני,M,Jewish,7
פקראדיס,F,Jewish,7
גננה,F,Muslim,7
פעשע,F,Jewish,7
רשף,F,Jewish,7
רשידה,F,Druze,7
איתם,F,Jewish,7
דידה,F,Jewish,7
דיבה,F,Jewish,7
מריסל,F,Jewish,7
מריס,F,Muslim,7
שונטל,F,Christian-Arab,7
שומרת,F,Jewish,7
שומל,M,Jewish,7
פנתה,F,Jewish,7
טרקן,M,Jewish,7
יאבגניה,F,Jewish,7
גסון,F,Christian-Arab,7
טורס,F,Jewish,7
סוניטה,F,Jewish,7
טורקאן,F,Muslim,7
דוריין,M,Jewish,7
דוריה,M,Jewish,7
גרה,M,Jewish,7
מתנת,F,Jewish,7
מתניהו,M,Jewish,7
מתנה,M,Jewish,7
אירן,M,Muslim,7
גסלין,F,Christian-Arab,7
גסיקא,F,Christian-Arab,7
פסאיל,F,Muslim,7
מרליין,F,Christian-Arab,7
מרלי,M,Jewish,7
מריתו,F,Jewish,7
מוכרם,F,Druze,7
פורטונטה,F,Jewish,7
דוריד,M,Druze,7
סהירה,F,Druze,7
פנינה,F,Muslim,7
פנטיה,M,Jewish,7
גריבה,F,Muslim,7
גריב,M,Jewish,7
פמלה,F,Christian-Arab,7
פלתיאל,M,Jewish,7
מגיד,M,Jewish,7
מתילדה,F,Muslim,7
אירג',M,Jewish,7
גרד,M,Jewish,7
טריפי,M,Muslim,7
טרינה,F,Jewish,7
פוליאנה,F,Jewish,7
דוריס,F,Muslim,7
טיא,F,Christian-Arab,7
סומא,F,Druze,7
טיזלו,F,Jewish,7
דורוטיה,F,Jewish,7
פורקט,M,Jewish,7
פוריאל,F,Jewish,7
מדהניט,F,Jewish,7
מדבר,M,Jewish,7
איעתמאד,F,Muslim,7
שאי,M,Jewish,7
שאוקאת,M,Muslim,7
איפא,F,Muslim,7
מגידה,F,Druze,7
מוטיה,M,Jewish,7
דונייא,F,Muslim,7
דוניז,F,Christian-Arab,7
סולמן,M,Muslim,7
פז'מן,M,Jewish,7
פלח,M,Muslim,7
פלסתין,F,Muslim,7
גריגוריו,M,Jewish,7
סואהר,F,Muslim,7
מגלי,M,Muslim,7
מתיהו,M,Jewish,7
טצ'לו,M,Jewish,7
שאם,M,Christian-Arab,7
איסקי,M,Jewish,7
איסמאיל,M,Jewish,7
שאירה,F,Muslim,7
טרייה,F,Muslim,7
טרזיה,F,Jewish,7
טרז,F,Muslim,7
טייה,M,Jewish,7
טייבי,F,Jewish,7
דונטלה,F,Jewish,7
פטומה,F,Muslim,7
פטגו,M,Jewish,7
דוסיה,F,Jewish,7
מתאל,F,Druze,7
מתאיל,F,Muslim,7
איסידור,M,Jewish,7
גרצילה,F,Jewish,7
גרסיילה,F,Jewish,7
גשו,M,Jewish,7
איליין,F,Christian-Arab,7
מוחיאדין,M,Muslim,7
מוחמדיה,F,Muslim,7
מוחמאד,M,Muslim,7
פטר,M,Christian-Arab,7
דומניק,M,Jewish,7
דומיה,F,Druze,7
אינתצאר,F,Muslim,7
איסאר,F,Muslim,7
איסל,M,Muslim,7
סואר,M,Muslim,7
טקלו,M,Jewish,7
דאבלה,F,Muslim,7
טפטו,F,Jewish,7
מהאוש,M,Muslim,7
משל,F,Jewish,7
אינקה,F,Jewish,7
פלורטה,F,Jewish,7
דאלין,F,Christian-Arab,7
פלאיה,F,Jewish,7
איליסה,F,Jewish,7
שובאל,F,Jewish,7
אילעי,F,Jewish,7
אילני,M,Jewish,7
מוהגה,F,Muslim,7
מוהאד,M,Muslim,7
סוג'יד,F,Muslim,7
דאריל,M,Jewish,7
פירוזה,F,Muslim,7
טמירלן,M,Jewish,7
דאני,M,Jewish,7
סולדד,F,Jewish,7
דולה,F,Jewish,7
פטריך,M,Jewish,7
דודי,M,Muslim,7
דויחי,M,Muslim,7
פיאד,M,Druze,7
סוהירה,F,Muslim,7
מהיאר,M,Muslim,7
משה-מאיר,M,Jewish,7
משה-ישראל,M,Jewish,7
משה-יצחק,M,Jewish,7
מהיר,M,Jewish,7
טפו,F,Jewish,7
אינדז'י,F,Jewish,7
מהיבה,F,Druze,7
שביב,M,Muslim,7
שבט,F,Jewish,7
טמרלן,M,Jewish,7
סוהיילה,F,Jewish,7
פיפיאן,F,Muslim,7
דומא,F,Muslim,7
מרסייה,F,Jewish,7
אילריה,F,Jewish,7
טיסיר,M,Muslim,7
סולאפה,F,Druze,7
שבל,M,Christian-Arab,7
אינדלו,M,Jewish,7
דדי,F,Jewish,7
טל-לי,F,Jewish,7
טל-ישראל,M,Jewish,7
טליה-חנה,F,Jewish,7
סוהר,F,Christian-Arab,7
דגה,M,Jewish,7
מהריטו,F,Jewish,7
מרקו,M,Muslim,7
סולאפא,F,Muslim,7
פיחאא,F,Druze,7
דודו,M,Christian-Arab,7
דוד-ישראל,M,Jewish,7
פייג',F,Jewish,7
שדרה,F,Jewish,7
שגא,F,Jewish,7
פיירוז,F,Druze,7
מרצ'לה,F,Jewish,7
אימיליה,F,Jewish,7
טל-יוסף,M,Jewish,7
סווסן,F,Christian-Arab,7
סוונט,F,Jewish,7
דגנש,F,Jewish,7
דובן,M,Jewish,7
דובלט,F,Jewish,7
אימאר,F,Druze,7
שהימה,F,Muslim,7
שהבאא,F,Druze,7
אימר,M,Jewish,7
מואנד,M,Muslim,7
פייא,F,Jewish,7
טיציאנה,F,Jewish,7
סוזנה,F,Christian-Arab,7
טל,F,Druze,7
טירנגו,F,Jewish,7
מוגהאד,M,Muslim,7
מלאק,F,Jewish,7
מישיל,F,Christian-Arab,7
זיבה,F,Jewish,7
תשובה,F,Jewish,7
אאורורה,F,Jewish,7
אאוריקה,F,Jewish,7
תשועה,F,Jewish,7
אבבהו,M,Jewish,7
מישאיל,M,Jewish,7
מכלה,F,Jewish,7
תשבי,M,Jewish,7
אבב,F,Jewish,7
אבאס,M,Muslim,7
מישואל,M,Jewish,7
באייץ',F,Jewish,6
זומנש,F,Jewish,6
תקיאלדין,M,Muslim,6
סעידה,F,Christian-Arab,6
זוסיה,F,Jewish,6
זוניה,M,Jewish,6
להבית,F,Jewish,6
לואיזה,F,Druze,6
לוגאן,M,Jewish,6
נורינה,F,Jewish,6
לוור,F,Muslim,6
באבאק,M,Jewish,6
לואיזט,F,Jewish,6
לואיזה,F,Muslim,6
נורלן,M,Jewish,6
לוג'ין,F,Christian-Arab,6
תקה,M,Jewish,6
תקבה,M,Jewish,6
אבוש,M,Jewish,6
פיליפו,M,Jewish,6
פיליפ,M,Muslim,6
פילאר,F,Jewish,6
פייסל,M,Christian-Arab,6
מרציה,F,Jewish,6
אימר,M,Druze,6
אימניל,M,Jewish,6
אימלי,F,Jewish,6
טל-טליה,F,Jewish,6
סוזי,F,Druze,6
סוונה,F,Jewish,6
דהיינש,F,Jewish,6
אימבייט,F,Jewish,6
טירסה,F,Jewish,6
פיטר,M,Muslim,6
דוגלאס,M,Jewish,6
פיאר,M,Christian-Arab,6
דוגא,F,Muslim,6
פיזולי,M,Jewish,6
דוד-יצחק,M,Jewish,6
מרסלין,F,Jewish,6
מרסלו,M,Christian-Arab,6
מוהיא,F,Muslim,6
אימה,F,Druze,6
פייז,M,Muslim,6
אינאידה,F,Jewish,6
אימראת,F,Muslim,6
שגי,F,Jewish,6
מואאיד,M,Muslim,6
דגארגה,M,Jewish,6
דג'נה,M,Jewish,6
פיליקס,M,Jewish,6
דביר-דוד,M,Jewish,6
פיסאל,M,Muslim,6
פינקו,M,Jewish,6
פיניקס,F,Jewish,6
דהביה,F,Druze,6
טל-יצחק,M,Jewish,6
טליא,F,Muslim,6
טללה,M,Jewish,6
טלך,M,Jewish,6
טלית,F,Jewish,6
דגיסאו,M,Jewish,6
מרתא,F,Jewish,6
סולאנג,F,Jewish,6
פידרו,M,Christian-Arab,6
פידל,M,Jewish,6
פיגע,F,Jewish,6
אימאמה,F,Muslim,6
אילתי,F,Jewish,6
שהלא,F,Jewish,6
אימונה,F,Jewish,6
אימוויש,F,Jewish,6
טימי,F,Jewish,6
מואניס,M,Druze,6
אינג'י,F,Muslim,6
אינאנו,F,Jewish,6
אינאנה,F,Jewish,6
שג'א,F,Muslim,6
טמו,F,Jewish,6
טמאר,F,Muslim,6
טמנה,M,Jewish,6
דברי,F,Jewish,6
דברו,F,Jewish,6
שאשיה,F,Jewish,6
סודקייה,F,Muslim,6
פיני,F,Jewish,6
מהימן,M,Muslim,6
מרתה,F,Muslim,6
אינווה,F,Jewish,6
שבל,F,Jewish,6
טניה,F,Druze,6
טספא,M,Jewish,6
דבוניא,F,Jewish,6
פיקי,F,Jewish,6
פטרסיה,F,Jewish,6
פטריצה,F,Jewish,6
מוהר,F,Jewish,6
מוהיד,M,Muslim,6
מוזה,F,Jewish,6
דולאת,F,Muslim,6
פטריסה,F,Jewish,6
פטרה,M,Jewish,6
דווד,M,Muslim,6
דולאן,M,Druze,6
דוין,M,Jewish,6
דויא,F,Christian-Arab,6
דוחי,M,Druze,6
פיאה,F,Jewish,6
טלין,F,Christian-Arab,6
מהווש,F,Jewish,6
משהור,M,Christian-Arab,6
שבח,F,Jewish,6
אינסאם,F,Muslim,6
איניה,F,Jewish,6
אינטנש,F,Jewish,6
טיינה,F,Jewish,6
טיימור,M,Muslim,6
סולטאן,M,Christian-Arab,6
סולונז',F,Jewish,6
טקואה,F,Muslim,6
דארל,M,Jewish,6
דארינה,F,Jewish,6
דאריו,M,Jewish,6
דאריה,F,Muslim,6
טמיר,M,Druze,6
דאנאו,M,Jewish,6
דאלע,F,Muslim,6
פירנאס,M,Muslim,6
פירלה,F,Christian-Arab,6
דאר,M,Muslim,6
טימאה,F,Jewish,6
גתנך,M,Jewish,6
דאפי,F,Jewish,6
שאריהאן,F,Muslim,6
פלורונס,F,Jewish,6
דאחי,M,Muslim,6
דאלין,F,Druze,6
דאלידה,F,Muslim,6
דאלי,M,Jewish,6
דאלא,F,Muslim,6
דאל,M,Jewish,6
פטנה,F,Muslim,6
פטמה,F,Jewish,6
פטל,M,Jewish,6
אילנית,F,Muslim,6
שהרה,F,Muslim,6
מוהאב,F,Muslim,6
מרס,M,Jewish,6
מוחלס,M,Christian-Arab,6
אילמירה,F,Jewish,6
איליף,F,Druze,6
דומניק,F,Jewish,6
דומיה,F,Muslim,6
דומיה,F,Christian-Arab,6
אינתסאר,F,Christian-Arab,6
איסובלאו,M,Jewish,6
איסובאלאו,M,Jewish,6
איסה,F,Jewish,6
שאנל,F,Muslim,6
שאנז,F,Jewish,6
טפרי,M,Jewish,6
סוג'ד,F,Muslim,6
טקלין,M,Jewish,6
טיטו,M,Jewish,6
סולימאן,F,Muslim,6
דועאא,M,Muslim,6
אילינה,F,Druze,6
מדיאה,F,Jewish,6
מתוקו,F,Jewish,6
משרף,M,Muslim,6
מדלאן,F,Muslim,6
איסיל,F,Muslim,6
שאן,F,Jewish,6
שאמס,M,Muslim,6
גרס,F,Jewish,6
פלורינדה,F,Jewish,6
דאהם,M,Muslim,6
מוחיא,M,Muslim,6
מרסא,F,Muslim,6
טרו-וורק,F,Jewish,6
מדהר,M,Muslim,6
דאה,F,Jewish,6
דאגם,M,Jewish,6
איסמת,F,Muslim,6
איסמעין,M,Muslim,6
שאל,M,Jewish,6
שאכר,M,Druze,6
סואד,F,Jewish,6
טרטיל,F,Muslim,6
מרלינה,F,Jewish,6
מויסה,M,Jewish,6
אילי,M,Muslim,6
שוביה,M,Jewish,6
שובהאל,M,Jewish,6
טייה,F,Jewish,6
איליאן,M,Druze,6
מוחיה,M,Muslim,6
מוטי,M,Muslim,6
דור-אל,M,Jewish,6
פח'ר,M,Druze,6
פזע,M,Muslim,6
מוטביינור,M,Jewish,6
מרן,F,Jewish,6
גרמא,M,Jewish,6
גרם,F,Muslim,6
גריסלדה,F,Jewish,6
פליה,F,Jewish,6
גרייס,F,Muslim,6
גריטה,F,Jewish,6
גרנאס,F,Muslim,6
טרוב,F,Christian-Arab,6
טזלו,F,Jewish,6
דורט,F,Jewish,6
סולנה,F,Jewish,6
דורגם,M,Muslim,6
מדהנית,F,Jewish,6
איעתדל,F,Muslim,6
איסתר,F,Jewish,6
איסקיה,M,Jewish,6
שאטו,M,Jewish,6
שאהם,M,Muslim,6
שאהירה,F,Muslim,6
שאדן,M,Christian-Arab,6
איפאנא,F,Muslim,6
פורטונטו,M,Jewish,6
אילאן,M,Christian-Arab,6
שוכריה,F,Druze,6
סדני,M,Jewish,6
טשרנה,F,Jewish,6
טשאמוש,F,Jewish,6
גקלין,F,Druze,6
גצל,M,Jewish,6
פנטיי,F,Jewish,6
איראן,F,Jewish,6
איראדה,F,Muslim,6
שאד,F,Muslim,6
טרם,F,Jewish,6
טריף,M,Muslim,6
סהירה,F,Muslim,6
דורי,M,Christian-Arab,6
פוראס,M,Muslim,6
פופה,F,Jewish,6
פולינא,F,Christian-Arab,6
פולד,M,Jewish,6
דז'באיל,F,Jewish,6
אייששים,M,Jewish,6
מוייז,M,Jewish,6
מויאד,M,Muslim,6
מוי,M,Jewish,6
מרלא,F,Christian-Arab,6
מוכתאר,M,Druze,6
דוריה,F,Muslim,6
סהיל,F,Muslim,6
סהה,F,Muslim,6
סהארה,F,Christian-Arab,6
גרגיה,F,Jewish,6
גרגור,M,Jewish,6
גריג,M,Jewish,6
סהא,F,Christian-Arab,6
סוניא,F,Jewish,6
דורס,F,Christian-Arab,6
דורית,F,Muslim,6
טורקיה,F,Muslim,6
דוריין,F,Jewish,6
דורייה,F,Jewish,6
פולה,F,Christian-Arab,6
מתני,M,Jewish,6
מתנא,M,Muslim,6
רתייל,F,Muslim,6
רתיבה,F,Christian-Arab,6
רתיב,M,Christian-Arab,6
פסל,F,Muslim,6
פסיקאו,M,Jewish,6
געלי,F,Jewish,6
פולדי,M,Jewish,6
פנינו,F,Jewish,6
טרפץ',F,Jewish,6
טרפון,M,Jewish,6
טרס,F,Jewish,6
פעסלא,F,Jewish,6
יאב,F,Jewish,6
סדיין,F,Muslim,6
גסיגה,F,Jewish,6
גסוב,M,Druze,6
פסקאל,F,Christian-Arab,6
אישראק,F,Muslim,6
מג'דלין,F,Druze,6
טורניקה,M,Jewish,6
טורונש,F,Jewish,6
סונייה,F,Christian-Arab,6
סוניאס,F,Muslim,6
נאאלה,F,Druze,6
אישאם,M,Muslim,6
איש,M,Jewish,6
פקרה,F,Jewish,6
גנסיה,F,Jewish,6
פפו,M,Jewish,6
איתאר,F,Druze,6
פהמאן,M,Muslim,6
דיאנא,F,Jewish,6
אייקי,M,Jewish,6
אייפרם,M,Jewish,6
אייפראם,M,Jewish,6
שונאל,M,Jewish,6
שומשון,M,Jewish,6
שומיה,M,Jewish,6
אייששם,M,Jewish,6
סוסיה,F,Jewish,6
סוסי,F,Jewish,6
טונינה,F,Jewish,6
דיווה,F,Jewish,6
דיוד,M,Jewish,6
איתי-שלמה,M,Jewish,6
מבראט,F,Jewish,6
מבדא,M,Muslim,6
מג'דה,F,Druze,6
איימר,M,Druze,6
שוקה,F,Druze,6
שועא,F,Jewish,6
מולאטו,M,Jewish,6
דיאור,M,Jewish,6
דיאון,M,Jewish,6
פואז,F,Muslim,6
יאורית,F,Jewish,6
יאלין,F,Muslim,6
יאלין,F,Jewish,6
יאיר-מאיר,M,Jewish,6
יאטביאנש,F,Jewish,6
פראג',M,Christian-Arab,6
גננאו,M,Jewish,6
גנית,F,Muslim,6
גניט,F,Jewish,6
גמר,M,Muslim,6
גנאט,F,Muslim,6
גנוא,F,Druze,6
איתמר-דוד,M,Jewish,6
מרים-חיה,F,Jewish,6
איילו,M,Jewish,6
טומה,F,Jewish,6
איידן,F,Muslim,6
איידלא,F,Jewish,6
שושון,M,Jewish,6
שורק,F,Jewish,6
מולקן,M,Jewish,6
דידיי,M,Jewish,6
דייאגו,M,Jewish,6
פהאדי,M,Muslim,6
מארקוס,M,Jewish,6
נאגיה,F,Muslim,6
נאגחה,F,Muslim,6
נאגד,F,Muslim,6
אכראם,F,Christian-Arab,6
ררדה,F,Muslim,6
רקסנה,F,Jewish,6
יאחיא,M,Muslim,6
טולאי,F,Druze,6
דילון,M,Jewish,6
דילה,F,Jewish,6
דילא,F,Muslim,6
דיכרא,F,Muslim,6
פדיה,F,Christian-Arab,6
יאלה,F,Jewish,6
יאלגה,F,Jewish,6
יאיש,F,Jewish,6
יאמין,M,Druze,6
פרדיס,F,Muslim,6
פרדין,M,Jewish,6
פרדיל,F,Jewish,6
שותא,M,Jewish,6
שושנה-שני,F,Jewish,6
איידן,M,Druze,6
יאנו,M,Jewish,6
רקיק,F,Jewish,6
רקאז,F,Muslim,6
רקאד,M,Druze,6
רפקי,M,Muslim,6
אלאון,M,Jewish,6
מארלי,F,Jewish,6
פרוג,M,Muslim,6
פרואנה,F,Jewish,6
גלינה,F,Christian-Arab,6
סופיקו,F,Jewish,6
סופיאן,M,Jewish,6
טוורס,F,Jewish,6
דימה,F,Muslim,6
סופאנה,F,Muslim,6
טולין,F,Jewish,6
מרייל,F,Jewish,6
מרייה,F,Christian-Arab,6
מרייא,F,Muslim,6
שזר,M,Jewish,6
פדורה,F,Jewish,6
סבתה,F,Muslim,6
מארל,F,Jewish,6
מאריתא,F,Druze,6
נאדי,F,Muslim,6
מאתר,F,Muslim,6
מאתין,M,Muslim,6
אלאן,F,Druze,6
אלאיו,M,Jewish,6
אלאיה,M,Jewish,6
רפעי,M,Muslim,6
רפעאת,M,Christian-Arab,6
סבירו,M,Christian-Arab,6
סבלוורק,F,Jewish,6
יאסמא,F,Muslim,6
גלאדיס,F,Jewish,6
גליב,M,Jewish,6
גלו,M,Jewish,6
גל-ים,F,Jewish,6
גל-יוסף,M,Jewish,6
פרז,M,Jewish,6
גלאון,M,Jewish,6
גלאו,M,Jewish,6
פג'ר,M,Druze,6
פבריסיו,M,Jewish,6
פבלה,F,Jewish,6
אייאל,M,Muslim,6
מומו,M,Jewish,6
שחר,M,Muslim,6
אייאצ'או,M,Jewish,6
אייאן,M,Jewish,6
דים,F,Druze,6
דילשוד,M,Jewish,6
דילן,M,Christian-Arab,6
פדה,M,Jewish,6
דימיאנה,F,Christian-Arab,6
דימון,M,Jewish,6
פגה,F,Jewish,6
יאמאמה,F,Muslim,6
מאריאנה,F,Christian-Arab,6
נאדרי,M,Jewish,6
מאריקה,F,Jewish,6
פרחוד,M,Jewish,6
יאניסלב,M,Jewish,6
דינרה,F,Muslim,6
דלאל,F,Jewish,6
פביולה,F,Jewish,6
פביאן,M,Christian-Arab,6
דלילה,F,Christian-Arab,6
דלה,M,Jewish,6
טה,M,Muslim,6
גישה,F,Jewish,6
פרזין,M,Jewish,6
גינן,F,Muslim,6
גיסאן,M,Muslim,6
גיננדיל,F,Jewish,6
פרחיה,M,Jewish,6
מריומה,F,Muslim,6
איטקה,F,Jewish,6
איחסן,M,Muslim,6
איזקו,M,Jewish,6
מריט,F,Jewish,6
סוראג',M,Muslim,6
סוראג',F,Muslim,6
דלפי,F,Jewish,6
רפיע,M,Muslim,6
רפיה,F,Muslim,6
רפאא,F,Druze,6
גילנאר,F,Muslim,6
יאסמינה,F,Christian-Arab,6
סבילה,F,Muslim,6
סבייחה,F,Muslim,6
סביונה,F,Jewish,6
דליק,M,Jewish,6
דלין,F,Jewish,6
דמורי,M,Jewish,6
סוריאנא,F,Muslim,6
סוריאה,F,Jewish,6
סורי,M,Jewish,6
סורור,F,Jewish,6
יאשר,M,Jewish,6
גימול,F,Jewish,6
גילרמי,M,Jewish,6
גיטצ'או,M,Jewish,6
פריבש,F,Jewish,6
גילבוע,M,Jewish,6
גיל-יוסף,M,Jewish,6
אלדומה,M,Muslim,6
דמק,F,Jewish,6
מונס,M,Jewish,6
שי-חיים,M,Jewish,6
שי-דוד,M,Jewish,6
גיד,F,Muslim,6
פריס,F,Jewish,6
גיזט,M,Jewish,6
רעכא,F,Jewish,6
אלול,F,Muslim,6
יבל,M,Jewish,6
יביין,M,Jewish,6
פריז,M,Jewish,6
אלויר,F,Jewish,6
מאניה,F,Jewish,6
מונתאללה,F,Muslim,6
מונסף,M,Druze,6
מריאם,F,Christian-Arab,6
איזיל,M,Druze,6
איזידורו,M,Jewish,6
סוריה,F,Christian-Arab,6
דנה-דינה,F,Jewish,6
פאלינה,F,Jewish,6
פארידה,F,Muslim,6
פארח,M,Muslim,6
פארג,M,Muslim,6
דנאי,F,Muslim,6
דנאור,F,Jewish,6
דנא,F,Christian-Arab,6
פאראח,F,Muslim,6
פאסל,M,Muslim,6
פאמלה,F,Christian-Arab,6
נאואל,M,Jewish,6
נאוא,F,Muslim,6
נאהיל,F,Muslim,6
אלואז,F,Muslim,6
אלון-חיים,M,Jewish,6
איוות,F,Christian-Arab,6
איזביל,F,Christian-Arab,6
איזאורה,F,Jewish,6
שיאון,F,Jewish,6
סושה,F,Jewish,6
סורפאל,M,Jewish,6
טדאוש,M,Jewish,6
טגת,M,Jewish,6
גיורה,M,Jewish,6
רעי,F,Jewish,6
רסל,M,Muslim,6
רסין,F,Muslim,6
פרל,M,Jewish,6
יגארדו,F,Jewish,6
פאמי,M,Muslim,6
דנה-רבקה,F,Jewish,6
דניאל,F,Muslim,6
דניאל-צבי,M,Jewish,6
דניטה,F,Jewish,6
טבקאו,M,Jewish,6
טגוואדה,F,Jewish,6
סבח,F,Jewish,6
ידון,M,Jewish,6
גיאן,F,Jewish,6
אלחיים,M,Jewish,6
מאמונה,F,Muslim,6
מאמו,F,Jewish,6
מאמאי,F,Jewish,6
אלחג',M,Muslim,6
ידביגה,F,Jewish,6
יגל-יעקב,M,Jewish,6
איוטה,F,Jewish,6
סאריה,F,Druze,6
גי,F,Jewish,6
גטצאו,M,Jewish,6
פרלה,F,Druze,6
פרנסיסקה,F,Christian-Arab,6
פרנסון,F,Jewish,6
פרנסואה,M,Christian-Arab,6
איזאבל,F,Jewish,6
מוסטאפא,M,Muslim,6
איון,F,Jewish,6
טגודה,F,Jewish,6
טגבה,F,Jewish,6
סח'ר,M,Druze,6
דסאלון,M,Jewish,6
דנקנש,F,Jewish,6
דסלו,F,Jewish,6
גיא-יוסף,M,Jewish,6
גיא-חיים,M,Jewish,6
גיא-דוד,M,Jewish,6
ידויגה,F,Jewish,6
אלטלנה,F,Jewish,6
רנתיה,F,Jewish,6
רנני,F,Jewish,6
מועאיד,M,Muslim,6
מרחי,M,Jewish,6
איוון,F,Druze,6
איוון,F,Christian-Arab,6
שיידה,F,Jewish,6
שיחה,F,Druze,6
סטויאן,M,Jewish,6
סחר,M,Druze,6
טגאבו,M,Jewish,6
פאוזאת,M,Druze,6
מועזז,F,Christian-Arab,6
מועדי,M,Muslim,6
סאפיה,F,Druze,6
יהודה,F,Jewish,6
יהואב,M,Jewish,6
יהדין,F,Muslim,6
גושן,M,Muslim,6
גושאן,M,Muslim,6
פרנציס,M,Jewish,6
גורגן,M,Jewish,6
גורגינה,F,Jewish,6
פתוח,F,Muslim,6
פרת,F,Jewish,6
פרעל,F,Jewish,6
גוריה,F,Muslim,6
טבוס,F,Jewish,6
טבארק,F,Muslim,6
גורי,F,Jewish,6
סאסיה,F,Jewish,6
יהוחנן,M,Jewish,6
יהוחי,M,Jewish,6
גורה,F,Jewish,6
אלי-חי,M,Jewish,6
מאלקה,F,Muslim,6
טארקן,M,Jewish,6
סטיבי,F,Jewish,6
דרול,M,Jewish,6
דרויש,M,Jewish,6
פאווז,M,Muslim,6
דע-אל,M,Jewish,6
פאול,F,Jewish,6
פאדואה,F,Muslim,6
מאלק,M,Jewish,6
מאלני,F,Jewish,6
מאליק,M,Druze,6
נאזקה,F,Muslim,6
צ'אקליט,F,Jewish,6
צ'אנה,M,Jewish,6
גורגי,M,Christian-Arab,6
גוראם,M,Jewish,6
גור,F,Jewish,6
רניי,M,Jewish,6
פאדוא,F,Muslim,6
פאאק,M,Muslim,6
"שיל""ת",F,Jewish,6
איווא,F,Muslim,6
שיימע,F,Muslim,6
סאמר,M,Christian-Arab,6
סאמירה,F,Muslim,6
גוסטין,F,Jewish,6
גונתן,M,Christian-Arab,6
אליאש,M,Jewish,6
אליאנור,F,Muslim,6
אליהו-חיים,M,Jewish,6
אליה-יוסף,M,Jewish,6
יהונתן-יצחק,M,Jewish,6
יהונתן,M,Christian-Arab,6
גוסף,M,Christian-Arab,6
סטיפן,M,Christian-Arab,6
סטיפאן,M,Christian-Arab,6
דרייה,F,Jewish,6
פאהמי,M,Muslim,6
דריה,F,Christian-Arab,6
מופז,M,Jewish,6
מופאז,F,Muslim,6
מרולה,F,Christian-Arab,6
מרוית,F,Muslim,6
מוקדאד,M,Muslim,6
אידר,M,Jewish,6
שילה,F,Muslim,6
טאנצ'יוודיה,F,Jewish,6
אליו,M,Christian-Arab,6
רנדי,M,Druze,6
רנדולף,M,Jewish,6
אליזר,M,Jewish,6
אליזה,M,Jewish,6
אליזבטה,F,Muslim,6
אליין,F,Druze,6
סאן,F,Muslim,6
יהנתן,M,Jewish,6
יהלם,F,Jewish,6
גומאר,F,Muslim,6
גולצ'רה,F,Jewish,6
צאפי,M,Druze,6
צ'ימנז,F,Jewish,6
מאכה,F,Muslim,6
מאירון,M,Jewish,6
נאטנאל,M,Jewish,6
נאטלי,F,Muslim,6
נאטה,F,Jewish,6
רנאן,F,Druze,6
אליממה,F,Muslim,6
אלימור,M,Jewish,6
יובי,M,Jewish,6
מועטאסם,M,Muslim,6
מור-מרים,F,Jewish,6
מור-לי,F,Jewish,6
מוקים,M,Muslim,6
אידיל,F,Jewish,6
אידיה,F,Jewish,6
עתיקה,F,Muslim,6
דתן,M,Jewish,6
דרעזי,F,Jewish,6
דרנגוט,F,Jewish,6
עתידל,F,Muslim,6
עתי,F,Jewish,6
עתאל,F,Jewish,6
עתאב,M,Druze,6
יובדו,M,Jewish,6
גונאי,F,Jewish,6
גונא,F,Muslim,6
סיאבש,M,Jewish,6
סיא,F,Muslim,6
סיא,F,Christian-Arab,6
צאפה,F,Muslim,6
אלייקים,M,Jewish,6
צבטנה,F,Jewish,6
צבחייה,F,Muslim,6
צבאח,M,Muslim,6
האידי,F,Christian-Arab,6
ערן-דוד,M,Jewish,6
ערן,M,Muslim,6
ערמון,M,Jewish,6
טאלב,M,Christian-Arab,6
סטיפני,F,Jewish,6
טארין,F,Jewish,6
מורא,F,Muslim,6
צגיה,F,Jewish,6
צגאייה,M,Jewish,6
אלינא,F,Christian-Arab,6
רמיס,F,Muslim,6
רמיה,F,Druze,6
רמי-אברהם,M,Jewish,6
אליסבת,F,Jewish,6
יודי,F,Jewish,6
סאליאור,M,Jewish,6
גוליטה,F,Jewish,6
איבן,F,Jewish,6
שיפא,F,Christian-Arab,6
שיעה,M,Jewish,6
איבתיהאג',F,Muslim,6
איבתהאג',F,Druze,6
אידה,F,Christian-Arab,6
עריין,F,Muslim,6
האם,F,Muslim,6
ערווא,M,Muslim,6
הארון,M,Christian-Arab,6
האנם,F,Muslim,6
האני,M,Jewish,6
טאל,F,Jewish,6
מרדי,F,Muslim,6
איברגים,M,Jewish,6
מאיסון,F,Christian-Arab,6
מאילן,F,Jewish,6
אליעד,F,Jewish,6
אליקי,F,Christian-Arab,6
צדפית,F,Jewish,6
צדוק,M,Muslim,6
צגיה,M,Jewish,6
צהלון,M,Jewish,6
מאייסון,F,Muslim,6
מאייס,F,Christian-Arab,6
נאירי,F,Christian-Arab,6
אלישר,F,Muslim,6
רמון,M,Christian-Arab,6
יוזרסיף,M,Muslim,6
הביסט,F,Jewish,6
שיראן,F,Druze,6
שיראלה,F,Jewish,6
שיר אל,M,Jewish,6
טאיע,M,Muslim,6
טאיאצ'ו,M,Jewish,6
הבה,F,Jewish,6
עראפאת,M,Muslim,6
עריף,M,Jewish,6
עפראא,F,Muslim,6
הדיא,F,Muslim,6
סיבין,F,Muslim,6
עקרימה,M,Muslim,6
טאדפה,F,Jewish,6
טאזבו,M,Jewish,6
סיאן,M,Jewish,6
סיאן,F,Muslim,6
סיאלין,F,Muslim,6
סיאלו,F,Christian-Arab,6
סיאל,M,Muslim,6
יוטל,M,Jewish,6
גויריה,F,Muslim,6
גויעד,M,Muslim,6
סאכב,M,Muslim,6
צהלית,F,Jewish,6
שירה,M,Jewish,6
הבטנש,F,Jewish,6
עקל,M,Christian-Arab,6
עקיל,M,Christian-Arab,6
סאלי,M,Muslim,6
רמוז,F,Muslim,6
רמוז,F,Druze,6
רמד'אן,M,Muslim,6
אלכסנדרוס,M,Jewish,6
אלמאו,M,Jewish,6
אלמהא,F,Muslim,6
אלמגור,M,Jewish,6
אלמג'ד,M,Muslim,6
אלמג,F,Jewish,6
צורטל,F,Jewish,6
הד,F,Jewish,6
סיבאן,M,Christian-Arab,6
טאהני,F,Muslim,6
טאדרוס,M,Jewish,6
צופר,M,Jewish,6
צופן,M,Jewish,6
צופן,F,Jewish,6
גוז'ף,M,Christian-Arab,6
גוועד,M,Muslim,6
יולין,F,Muslim,6
יומטו,M,Jewish,6
גוגו,M,Jewish,6
הדאיא,F,Druze,6
מרד,M,Jewish,6
מוריה,F,Muslim,6
שירהן,F,Muslim,6
שירה-חנה,F,Jewish,6
אלמותנא,M,Muslim,6
אלמור,F,Jewish,6
אלמיתו,F,Jewish,6
אלמייהו,M,Jewish,6
אלמיו,M,Jewish,6
אלמזה,F,Druze,6
רלית,F,Jewish,6
יולנדה,F,Muslim,6
יוליק,M,Jewish,6
גובזו,M,Jewish,6
עסליה,F,Muslim,6
אטרד,M,Muslim,6
אטר,F,Jewish,6
מורוד,M,Jewish,6
טאד,M,Jewish,6
סיבי,M,Jewish,6
צח,F,Jewish,6
צזר,M,Jewish,6
נאני,F,Muslim,6
נאמי,F,Jewish,6
יוני-יונתן,M,Jewish,6
יוני,M,Muslim,6
סאהיר,M,Muslim,6
יונתן,M,Muslim,6
אטיין,M,Jewish,6
אטיבר,M,Jewish,6
שירי-שרה,F,Jewish,6
עפיפי,F,Druze,6
עפיה,F,Muslim,6
הדר,F,Muslim,6
עסרייה,F,Muslim,6
עסמאן,M,Muslim,6
אלעבד,M,Muslim,6
ציאורי,F,Jewish,6
אלמנאט,F,Jewish,6
רכאד,F,Druze,6
אלנה,F,Druze,6
רישרדה,F,Jewish,6
גדאי,F,Jewish,6
ציקי,F,Jewish,6
אחתראם,F,Muslim,6
חריסטו,M,Jewish,6
סיגל,F,Druze,6
סיג'אל,F,Muslim,6
הואש,M,Muslim,6
הואידה,F,Christian-Arab,6
עסאף,M,Christian-Arab,6
הודיאל,F,Jewish,6
ענוד,F,Druze,6
הולגר,F,Jewish,6
ענדליב,F,Druze,6
ענגי,F,Jewish,6
חפאז,M,Muslim,6
סידונה,F,Jewish,6
אטגן,F,Jewish,6
אטאנאו,M,Jewish,6
גדיל,M,Jewish,6
ציסאנה,F,Jewish,6
צימל,F,Jewish,6
צילית,F,Jewish,6
צילינה,F,Jewish,6
צילה,F,Muslim,6
צייטא,F,Jewish,6
גבריאלי,M,Jewish,6
שלביה,F,Muslim,6
אחכאם,F,Muslim,6
אחלמה,F,Jewish,6
שכינה,F,Jewish,6
מורקוס,M,Christian-Arab,6
מורן-מרים,F,Jewish,6
ענני,M,Jewish,6
נאסר,M,Jewish,6
נאסר,F,Muslim,6
מאיו,F,Jewish,6
אלסה,F,Christian-Arab,6
יוסיק,M,Jewish,6
יוסור,M,Muslim,6
סאג'י,M,Christian-Arab,6
יוסף-שלום,M,Jewish,6
ענטר,M,Muslim,6
חנצה,F,Jewish,6
מראד,M,Jewish,6
מזיאנה,F,Muslim,6
מזיאד,M,Muslim,6
אחיאם,M,Jewish,6
שלג,M,Jewish,6
ענברי,F,Jewish,6
הור,F,Muslim,6
הוסאם,M,Muslim,6
ריקארדו,M,Christian-Arab,6
אלף,F,Jewish,6
אלעדי,M,Jewish,6
ריקאן,M,Druze,6
גאסים,M,Muslim,6
גבאיינש,F,Jewish,6
הונאידה,F,Muslim,6
היאתם,M,Muslim,6
היאם,M,Muslim,6
עמשא,M,Jewish,6
סיהא,F,Muslim,6
סיה,F,Druze,6
סיה,F,Christian-Arab,6
ענאיא,F,Muslim,6
גארח,M,Muslim,6
נארגיס,F,Muslim,6
נארא,F,Muslim,6
אלפהד,M,Muslim,6
אלפה,F,Jewish,6
גאנדי,M,Jewish,6
יוסף-מאיר,M,Jewish,6
ענאד,M,Christian-Arab,6
היאב,F,Muslim,6
סאביו,M,Christian-Arab,6
יוסתינא,F,Christian-Arab,6
גאן,M,Muslim,6
יועץ,M,Jewish,6
יוענה,F,Jewish,6
סאבה,F,Jewish,6
גאמיל,M,Muslim,6
סיטוטאי,M,Jewish,6
שלומיאל,M,Jewish,6
שלומי,F,Jewish,6
שלומו,M,Jewish,6
אזניף,F,Christian-Arab,6
אזניב,F,Christian-Arab,6
חסאן,F,Muslim,6
חסמין,F,Jewish,6
חסית,F,Jewish,6
סיזר,M,Jewish,6
ריפט,M,Jewish,6
ריפא,F,Muslim,6
ריפ,M,Jewish,6
אלצ'ין,F,Jewish,6
ריספו,F,Jewish,6
קאילה,F,Christian-Arab,6
הייכל,M,Muslim,6
עמירב,M,Jewish,6
הייפא,F,Druze,6
הייסם,M,Druze,6
עמרה,F,Muslim,6
היגאר,F,Muslim,6
הייבא,F,Muslim,6
הייב,M,Muslim,6
היטם,M,Muslim,6
גאיה,F,Druze,6
גאזל,F,Druze,6
גאינה,F,Jewish,6
סאאל,M,Muslim,6
נתנאל-משה,M,Jewish,6
נתנאל-דוד,M,Jewish,6
גאוהרה,F,Muslim,6
מחסין,M,Muslim,6
אזיס,F,Christian-Arab,6
שליח,M,Jewish,6
מזאן,M,Muslim,6
מזל-פורטונה,F,Jewish,6
מראג',F,Muslim,6
מזנאו,M,Jewish,6
שלי,F,Muslim,6
סיטה,F,Jewish,6
סילאן,M,Druze,6
חנלר,M,Jewish,6
חנינו,M,Jewish,6
עמיעוז,M,Jewish,6
מקנזי,F,Jewish,6
מקי,M,Muslim,6
מחסן,F,Muslim,6
אלרד,M,Jewish,6
רינת-יה,F,Jewish,6
אם,F,Jewish,6
יורדנה,F,Jewish,6
יורדאנוס,F,Jewish,6
נתליו,M,Jewish,6
גאדיר,F,Druze,6
קאנו,F,Jewish,6
קאמרן,M,Jewish,6
מאהד,M,Muslim,6
מאדלין,F,Druze,6
ריניה,F,Muslim,6
רינדה,F,Muslim,6
אמאליה,F,Christian-Arab,6
ג'רג'ס,M,Christian-Arab,6
קאסר,M,Muslim,6
עמאר,F,Muslim,6
שמואל,M,Muslim,6
שמאח,F,Muslim,6
שלמה-חי,M,Jewish,6
אזיס,F,Muslim,6
הילאור,F,Jewish,6
היכל,M,Muslim,6
הייתאם,M,Druze,6
הילדגרד,F,Jewish,6
עלמנו,M,Jewish,6
מחמדיה,F,Muslim,6
מקוייט,M,Jewish,6
מקדה,F,Jewish,6
אזאדין,M,Muslim,6
סיל,F,Jewish,6
סייר,M,Jewish,6
סיינה,F,Christian-Arab,6
אמאל,F,Jewish,6
מאדי,M,Christian-Arab,6
אמא,F,Jewish,6
ג'קובו,M,Jewish,6
ג'פי,M,Jewish,6
ג'סלין,F,Muslim,6
קארל,F,Jewish,6
לריס,F,Muslim,6
חנה-חני,F,Jewish,6
סילבה,M,Jewish,6
סילבה,F,Christian-Arab,6
נבי,M,Druze,6
נבהאן,M,Christian-Arab,6
נבבו,F,Jewish,6
רימל,F,Muslim,6
רימין,F,Druze,6
אמד,M,Muslim,6
אמג'ד,F,Muslim,6
אמבצ'ו,M,Jewish,6
אמוואג',F,Muslim,6
אמוהאי,F,Jewish,6
יושע,M,Jewish,6
יוריאל,M,Jewish,6
עלמסרה,F,Jewish,6
נשאת,M,Christian-Arab,6
ג'נאן,M,Christian-Arab,6
נתאליה,F,Muslim,6
נתאל,F,Christian-Arab,6
נשמת,F,Jewish,6
נשיאל,M,Jewish,6
קדוש,M,Jewish,6
ג'נין,F,Christian-Arab,6
ג'ס,F,Jewish,6
קבנש,F,Jewish,6
קבאא,F,Muslim,6
חן-חנניה,M,Jewish,6
חן-חיה,F,Jewish,6
חמית,F,Jewish,6
חנה-רחל,F,Jewish,6
חנה-רבקה,F,Jewish,6
הממאם,M,Muslim,6
אורקנש,F,Jewish,6
שמחה-סימה,F,Jewish,6
אושר,M,Muslim,6
אזאלץ',F,Jewish,6
מחמט,M,Muslim,6
הירו,M,Jewish,6
היסאם,M,Druze,6
הינוק,M,Jewish,6
קאתרין,F,Jewish,6
רימונד,F,Muslim,6
אמור,F,Christian-Arab,6
רימאל,F,Druze,6
רימאה,F,Muslim,6
יותן,M,Jewish,6
נשה,F,Jewish,6
חנאן,M,Muslim,6
חנאל,M,Jewish,6
הלדא,F,Muslim,6
הלמה,F,Jewish,6
הלל-שרה,F,Jewish,6
לרום,M,Jewish,6
לרוי,M,Jewish,6
לרה,F,Christian-Arab,6
לקש,F,Jewish,6
נביאו,M,Jewish,6
אמייטו,F,Jewish,6
אמיה,F,Muslim,6
רילאן,F,Muslim,6
ריכארדוס,M,Christian-Arab,6
יחזקאל-חזי,M,Jewish,6
עלייה,F,Druze,6
עלומית,F,Jewish,6
שמעון,F,Jewish,6
ג'מילי,F,Muslim,6
קוכב,F,Muslim,6
ג'מאנה,F,Druze,6
ג'מאנה,F,Christian-Arab,6
ג'מאנא,F,Muslim,6
ג'מאלת,F,Muslim,6
ג'מלת,F,Muslim,6
אמיליה,F,Druze,6
אמילה,F,Jewish,6
שמסי,M,Muslim,6
שמסי,F,Jewish,6
אורניה,F,Jewish,6
אורנא,F,Jewish,6
שמיים,F,Jewish,6
מקאריוס,M,Christian-Arab,6
מטה,F,Jewish,6
אמירהם,M,Muslim,6
אמיר-משה,M,Jewish,6
ריימון,M,Jewish,6
נריאל,F,Jewish,6
ייבה,F,Jewish,6
ייבגניה,F,Jewish,6
יטכא,F,Jewish,6
חמיסה,F,Jewish,6
עלוה,F,Muslim,6
עלאם,F,Muslim,6
חמאדי,M,Druze,6
סילואן,M,Jewish,6
המלאן,M,Muslim,6
המור,F,Jewish,6
מטיב,M,Jewish,6
מפדי,M,Muslim,6
אורים,M,Jewish,6
חלקיה,M,Jewish,6
סימאצ'או,M,Jewish,6
הנוד,F,Muslim,6
קומאי,M,Muslim,6
קומאי,M,Druze,6
קולה,F,Jewish,6
ג'יסון,M,Christian-Arab,6
ג'ינה,F,Christian-Arab,6
ג'לילה,F,Christian-Arab,6
קונסטנט,M,Jewish,6
קונסטאנטין,M,Jewish,6
הנרי,F,Jewish,6
הניאה,F,Muslim,6
הסט,F,Jewish,6
חלוד,M,Muslim,6
סימון,M,Muslim,6
רייזע,F,Jewish,6
אמלאקיה,M,Jewish,6
רייד,M,Muslim,6
רייגן,F,Jewish,6
רייבן,F,Jewish,6
ייטא,F,Jewish,6
ייהעלם,M,Jewish,6
נרולי,F,Jewish,6
יישארג,F,Jewish,6
קוסטנטין,M,Christian-Arab,6
סימון,M,Druze,6
מטיר,M,Muslim,6
מטילדה,F,Christian-Arab,6
סימוד,F,Muslim,6
חלינה,F,Jewish,6
חלימה,F,Jewish,6
עיפף,F,Muslim,6
למאר,M,Druze,6
למיאה,F,Muslim,6
אמנדא,F,Muslim,6
אמנו,M,Jewish,6
ג'יואן,F,Muslim,6
ג'יירן,F,Jewish,6
ג'יידה,F,Muslim,6
מטקיה,F,Jewish,6
מעמון,M,Muslim,6
אוריי,F,Jewish,6
אוריאן,M,Muslim,6
עיתב,F,Muslim,6
לירן,F,Muslim,6
ללה,F,Muslim,6
נג'דת,M,Druze,6
נג'ד,M,Christian-Arab,6
למור,F,Jewish,6
אמסלם,M,Muslim,6
אמרלד,F,Jewish,6
יימקיר,F,Jewish,6
יימנגיסט,F,Jewish,6
שנתל,F,Jewish,6
אורי-חי,M,Jewish,6
אורי,M,Muslim,6
אורי,M,Druze,6
שנין,F,Jewish,6
שניה,F,Jewish,6
שני-שושנה,F,Jewish,6
ילדיז,F,Jewish,6
יישעלם,F,Jewish,6
ג'וסלין,F,Muslim,6
ג'וסטין,F,Jewish,6
נרגיס,F,Druze,6
ג'יהד,F,Muslim,6
ג'יזלי,F,Jewish,6
ג'ורג'י,F,Jewish,6
ג'ורה,M,Jewish,6
ג'ורדי,M,Jewish,6
ג'ורגט,F,Jewish,6
ג'ורג'ת,F,Christian-Arab,6
קורנליס,M,Jewish,6
יירגדו,F,Jewish,6
אמרל,F,Jewish,6
אמריה,F,Jewish,6
סימונטה,F,Jewish,6
הרי,F,Jewish,6
הרמבם,M,Jewish,6
עינר,F,Jewish,6
עינית,F,Jewish,6
עינה,F,Muslim,6
ריטא,F,Muslim,6
ריחנית,F,Jewish,6
אמתינאן,F,Muslim,6
אמת,F,Jewish,6
אמשה,F,Jewish,6
ריזאן,F,Christian-Arab,6
לירם,M,Druze,6
נרג'יס,F,Christian-Arab,6
נראמין,F,Muslim,6
נקא,F,Muslim,6
חיסן,M,Muslim,6
התון,F,Muslim,6
השם,M,Muslim,6
השל,M,Jewish,6
עינאייה,F,Muslim,6
ואטפה,F,Muslim,6
ג'וסה,M,Jewish,6
קטיבה,M,Muslim,6
נג'טולה,M,Jewish,6
אן,M,Jewish,6
נציר,M,Muslim,6
נצחי,M,Jewish,6
ג'וניור,M,Jewish,6
אורג'ואן,F,Druze,6
אוראם,M,Jewish,6
אורו,M,Jewish,6
סינארית,F,Muslim,6
ואד,F,Muslim,6
עימנואלה,F,Jewish,6
קטלינה,F,Christian-Arab,6
נרגאס,F,Muslim,6
ריווא,F,Jewish,6
ריואן,M,Druze,6
אנאל,M,Druze,6
נפתולי,M,Jewish,6
נפקוט,F,Jewish,6
ג'ומה,M,Muslim,6
קיבורק,M,Christian-Arab,6
אור-שמואל,M,Jewish,6
שפיגה,F,Jewish,6
אורגיל,F,Jewish,6
חיפה,F,Jewish,6
ליראז,F,Jewish,6
אנג'לא,F,Christian-Arab,6
אנג'ל,M,Christian-Arab,6
אנג'ילה,F,Muslim,6
ריבא,F,Muslim,6
קיבה,M,Jewish,6
ג'ולינאר,F,Druze,6
קיואן,M,Jewish,6
ג'ומנה,F,Druze,6
ריהן,F,Muslim,6
רידאן,M,Christian-Arab,6
ואסין,M,Muslim,6
ואס,M,Muslim,6
מעאז',M,Muslim,6
מיאסם,F,Muslim,6
אור-יעקב,M,Jewish,6
אור-איתן,M,Jewish,6
שקר,M,Muslim,6
שקיר,M,Jewish,6
מיאמי,F,Muslim,6
ואלנטינה,F,Jewish,6
עילה,F,Jewish,6
ואפא,F,Christian-Arab,6
ואספי,M,Muslim,6
אנאת,F,Muslim,6
רידא,F,Druze,6
ריבטה,F,Jewish,6
ליקו,M,Jewish,6
ליצי,F,Jewish,6
ליצח,M,Jewish,6
לירון,M,Druze,6
לירוי,M,Christian-Arab,6
שקרה,F,Muslim,6
אור,F,Druze,6
ימואל,M,Jewish,6
נפיז,F,Muslim,6
ג'ול,F,Muslim,6
ג'ול,F,Jewish,6
ג'וליאן,F,Druze,6
ג'ולאן,M,Christian-Arab,6
קייטי,F,Christian-Arab,6
נענע,F,Jewish,6
נעמת,F,Jewish,6
נעמי,M,Christian-Arab,6
ג'וזפין,F,Muslim,6
ג'וזף,M,Muslim,6
אוקטביאן,M,Jewish,6
אור-אלי,F,Jewish,6
שראז,F,Druze,6
אנג'לי,F,Jewish,6
נגאט,M,Jewish,6
ליסן,F,Jewish,6
נג'ת,F,Muslim,6
נג'מי,F,Muslim,6
אנגווץ',F,Jewish,6
קינוז,F,Muslim,6
ג'וואן,M,Christian-Arab,6
ג'וויל,F,Muslim,6
עייסה,M,Muslim,6
עיידה,F,Jewish,6
חייקה,M,Jewish,6
סיסאינש,F,Jewish,6
חילא,F,Jewish,6
ואצ'יסלב,M,Jewish,6
ודט,M,Jewish,6
קימה,F,Jewish,6
ימית,F,Druze,6
ינאל,M,Jewish,6
ריאל,M,Druze,6
ריאח,M,Muslim,6
אנגלינה,F,Muslim,6
אנדוני,M,Christian-Arab,6
אנדארגאצ'או,M,Jewish,6
אנדאלמאו,M,Jewish,6
עיון,F,Muslim,6
שרגאי,M,Jewish,6
אופיר-חיים,M,Jewish,6
אופז,F,Jewish,6
שרבין,M,Jewish,6
שראי,F,Druze,6
אוסוולדו,M,Jewish,6
חיים-ויקטור,M,Jewish,6
סיפורה,F,Jewish,6
ינגוסיה,F,Jewish,6
יניק,F,Jewish,6
ינינש,F,Jewish,6
יניי,M,Jewish,6
ג'והאינה,F,Muslim,6
ג'והאד,M,Druze,6
קירי,F,Jewish,6
קירולוס,M,Christian-Arab,6
קיראם,F,Muslim,6
סיסיל,F,Muslim,6
סיס,F,Jewish,6
סינתיה,F,Druze,6
סינייה,F,Jewish,6
ג'והיינה,F,Christian-Arab,6
אנגריד,F,Jewish,6
אנדינאו,M,Jewish,6
רטי,F,Jewish,6
יניב-חיים,M,Jewish,6
נעכי,F,Jewish,6
שרי,M,Druze,6
שרזוד,M,Jewish,6
אונסי,M,Muslim,6
שרון,M,Muslim,6
שרולטה,F,Jewish,6
עידו,M,Muslim,6
וואדיע,M,Muslim,6
מיבר,F,Jewish,6
מיזאן,F,Jewish,6
מיהאד,F,Muslim,6
ג'ודא,F,Muslim,6
קל,F,Jewish,6
קית',M,Jewish,6
נסריה,F,Jewish,6
יסחק,M,Muslim,6
יסאסו,F,Jewish,6
ג'ואיל,F,Christian-Arab,6
קלאר,F,Jewish,6
קלאיר,F,Jewish,6
מיטיב,M,Jewish,6
אומץ,M,Jewish,6
סיראז',F,Muslim,6
סיציליה,F,Jewish,6
סיפן,M,Jewish,6
וואלה,M,Jewish,6
עטיר,M,Jewish,6
סירייה,F,Muslim,6
וובלה,F,Jewish,6
וובי,M,Jewish,6
וובטה,F,Jewish,6
ליסא,F,Christian-Arab,6
נגאש,M,Jewish,6
נגאטו,M,Jewish,6
רטאל,F,Muslim,6
אנדרה,F,Muslim,6
אנדנט,M,Jewish,6
לינא,F,Jewish,6
ג'גנה,M,Jewish,6
ג'גאו,M,Jewish,6
ג'בריאל,M,Christian-Arab,6
ג'הד,F,Muslim,6
ג'דעון,M,Christian-Arab,6
יען,M,Jewish,6
יען,F,Jewish,6
לימז,F,Jewish,6
נגואה,F,Christian-Arab,6
לינה,F,Muslim,6
לינל,F,Christian-Arab,6
אנדריה,M,Jewish,6
ג'ארוד,M,Jewish,6
ג'ד,M,Druze,6
אנדריו,M,Christian-Arab,6
אנהלי,F,Jewish,6
אומי,M,Jewish,6
חיזגיה,M,Jewish,6
חיוט,F,Jewish,6
חיה,M,Jewish,6
חידרה,M,Muslim,6
אולפט,F,Muslim,6
אולס,M,Jewish,6
שריר,M,Jewish,6
עטאיה,M,Muslim,6
ווגאיה,F,Jewish,6
ווג'וד,F,Muslim,6
וובשט,M,Jewish,6
עזת,F,Jewish,6
אנה-בל,F,Jewish,6
נגטה,M,Jewish,6
נגוסי,M,Jewish,6
נגוואה,F,Muslim,6
אנולה,F,Christian-Arab,6
אנוך,M,Jewish,6
אנז'ליק,F,Jewish,6
רזקאללה,M,Druze,6
ווהאב,M,Druze,6
חיאתם,F,Muslim,6
חיאת,F,Jewish,6
וודאח,M,Muslim,6
וודאג',M,Jewish,6
עזר,M,Christian-Arab,6
עזלדין,M,Muslim,6
אוליבייר,M,Jewish,6
מיי-טל,F,Jewish,6
נסלי,M,Jewish,6
ג'אנית,F,Druze,6
יענקי,M,Jewish,6
ג'אלילה,F,Muslim,6
ג'אלא,F,Muslim,6
מסטואל,M,Jewish,6
מייה,F,Druze,6
סלאווה,F,Jewish,6
נגיה,F,Druze,6
נגי,M,Muslim,6
לימא,F,Christian-Arab,6
אנטואניט,F,Christian-Arab,6
אנטאנס,M,Christian-Arab,6
נסהאל,M,Jewish,6
ג'איית,M,Muslim,6
קלקידאן,F,Jewish,6
קלערל,F,Jewish,6
קלמנטי,M,Jewish,6
יעקב-דוד,M,Jewish,6
יענקלה,M,Jewish,6
סל,F,Muslim,6
ווהבה,M,Muslim,6
ווהאל,M,Muslim,6
אניטל,F,Jewish,6
אניב,F,Jewish,6
יציב,M,Jewish,6
יצחק-איציק,M,Jewish,6
ג'אד,M,Jewish,6
בתשי,F,Jewish,6
ג'אדו,M,Druze,6
קלרטה,F,Jewish,6
מיילו,F,Jewish,6
מיילה,F,Jewish,6
מסודה,F,Jewish,6
מסה,F,Muslim,6
אוליסס,M,Jewish,6
אולין,M,Jewish,6
חיאא,F,Muslim,6
חטאר,M,Druze,6
עזורי,M,Jewish,6
וויולט,F,Jewish,6
וויגדאן,F,Muslim,6
ווטה,M,Jewish,6
עזגד,M,Jewish,6
לילב,F,Jewish,6
רזאק,M,Muslim,6
רז'ינה,F,Jewish,6
רותג',F,Muslim,6
אנימאו,M,Jewish,6
אנילה,F,Muslim,6
קמליה,F,Muslim,6
קמיליה,F,Druze,6
בתיל,F,Muslim,6
בתאור,F,Jewish,6
קמילה,F,Druze,6
ברקוט,M,Jewish,6
ברקאי,F,Jewish,6
קנאר,F,Christian-Arab,6
קמרה,F,Jewish,6
נגסה,F,Jewish,6
אנייט,F,Jewish,6
רושנה,F,Jewish,6
יקטיה,F,Jewish,6
יקותאל,M,Jewish,6
נמרה,F,Jewish,6
נמר,M,Jewish,6
נמט,M,Jewish,6
בשייאר,F,Muslim,6
בשיאר,F,Muslim,6
עותייבה,M,Muslim,6
וולד,M,Jewish,6
מייסרא,M,Muslim,6
מייסן,F,Muslim,6
מייסלון,F,Christian-Arab,6
אולא,F,Muslim,6
שרן,M,Jewish,6
שרמן,M,Jewish,6
עזאלדין,M,Druze,6
ווילמה,F,Jewish,6
וויליאם,M,Muslim,6
אניתא,F,Christian-Arab,6
אנית,F,Christian-Arab,6
אננית,F,Jewish,6
אנניה,M,Jewish,6
אננדה,F,Jewish,6
רושאן,F,Christian-Arab,6
לייבוש,M,Jewish,6
חותם,F,Jewish,6
סלאמה,F,Christian-Arab,6
וויקטוריה,F,Jewish,6
בררה,M,Jewish,6
ברקת,M,Muslim,6
נדאף,M,Muslim,6
רוקסי,F,Jewish,6
רוקייא,F,Muslim,6
ליטמן,M,Jewish,6
לייל,M,Jewish,6
נמה,F,Jewish,6
נמאריק,F,Muslim,6
נמאא,F,Muslim,6
נלמס,F,Muslim,6
ירגא,M,Jewish,6
מנצה,F,Jewish,6
ששי,F,Jewish,6
מנתהה,F,Muslim,6
עורואה,M,Muslim,6
עורבי,M,Muslim,6
יראה,F,Muslim,6
ברנארד,M,Christian-Arab,6
ברנקו,M,Jewish,6
ברנסלבה,F,Jewish,6
נדייה,F,Jewish,6
נדיזדה,F,Jewish,6
אנסאף,F,Christian-Arab,6
ברכת,F,Jewish,6
קנעאן,M,Muslim,6
קנן,M,Muslim,6
עוצם,M,Jewish,6
וונדווסן,M,Jewish,6
ווסלי,M,Jewish,6
קניה,M,Jewish,6
יקיראל,M,Jewish,6
יקיר-יעקב,M,Jewish,6
רועי-אברהם,M,Jewish,6
אנצ'נלו,F,Jewish,6
רוסן,M,Jewish,6
רוסלן,M,Druze,6
אנריאטה,F,Jewish,6
יראבלט,F,Jewish,6
ירון,M,Christian-Arab,6
ווסילה,F,Muslim,6
ת'וריא,F,Muslim,6
ת'אר,M,Muslim,6
אוויס,M,Druze,6
אוויטה,F,Jewish,6
ירדנוס,F,Jewish,6
ניתי,F,Jewish,6
ברך,M,Jewish,6
קסנה,F,Jewish,6
אנריאט,F,Jewish,6
אנקוייה,F,Jewish,6
ליז-עליזה,F,Jewish,6
עולם,F,Jewish,6
מנעם,M,Christian-Arab,6
מנסיב,F,Jewish,6
מנס,M,Jewish,6
אוהיילה,F,Muslim,6
אוהביה,M,Jewish,6
ת'רות,F,Muslim,6
חורש,F,Jewish,6
חורב,M,Jewish,6
אודליה,F,Druze,6
אוואן,M,Jewish,6
מייקול,M,Jewish,6
חולא,F,Muslim,6
סלביה,F,Muslim,6
סלביא,F,Christian-Arab,6
נדן,M,Jewish,6
אנקוי,F,Jewish,6
רוסיל,M,Muslim,6
ישטו,F,Jewish,6
בריטל,F,Jewish,6
קסנייה,F,Jewish,6
קסניה,F,Muslim,6
רוסטם,M,Muslim,6
אנתזאה,F,Muslim,6
רוס,F,Jewish,6
מיירן,F,Jewish,6
ווקאס,M,Muslim,6
סלובה,F,Jewish,6
וופא,M,Christian-Arab,6
רונק,F,Druze,6
אסאן,F,Muslim,6
לידייה,F,Jewish,6
ליו,M,Druze,6
נהאוונד,F,Muslim,6
אסאיה,M,Jewish,6
רונלד,M,Christian-Arab,6
ברטרן,M,Jewish,6
ברטולד,M,Jewish,6
אודיט,F,Christian-Arab,6
אודת,F,Christian-Arab,6
אודליה,F,Muslim,6
בריג'יט,F,Christian-Arab,6
ירשו,F,Jewish,6
ירצ'ו,F,Jewish,6
ברוך,F,Jewish,6
ברהניה,F,Jewish,6
קרים,M,Jewish,6
קרטיס,M,Jewish,6
ברונווין,F,Jewish,6
קרולינה,F,Muslim,6
קרולינה,F,Druze,6
וורקנה,M,Jewish,6
מיכאל-משה,M,Jewish,6
מנייה,F,Muslim,6
מניזה,F,Jewish,6
מני-מנחם,M,Jewish,6
אודט,F,Druze,6
מנטס,M,Jewish,6
מיכל-חיה,F,Jewish,6
מנטגביש,F,Jewish,6
מנטאמיר,F,Jewish,6
תאל,M,Jewish,6
וורט,F,Jewish,6
עוזאל,M,Jewish,6
קרול,F,Muslim,6
רונל,F,Jewish,6
ליבנא,F,Muslim,6
נהאר,F,Muslim,6
נהאל,M,Muslim,6
ליגיה,F,Jewish,6
אסגדצ',F,Jewish,6
אסטי,F,Jewish,6
אסחאג,M,Muslim,6
אסיי,F,Jewish,6
רונט,F,Jewish,6
אסיף,F,Muslim,6
אסין,F,Jewish,6
ניקול,M,Jewish,6
ישרא,F,Muslim,6
ישומנש,F,Jewish,6
ישואס,M,Jewish,6
ניר-משה,M,Jewish,6
ניר-חיים,M,Jewish,6
ברוכי,M,Jewish,6
ניקולינה,F,Jewish,6
ניקוליי,M,Jewish,6
ברהאן,M,Druze,6
וטה,F,Jewish,6
וחדה,F,Muslim,6
אואנה,F,Jewish,6
אואן,F,Druze,6
אהרלה,M,Jewish,6
אובלו,F,Jewish,6
וורקינש,F,Jewish,6
סלטנה,F,Muslim,6
סלטי,M,Muslim,6
חדיז'ה,F,Muslim,6
חדי,F,Jewish,6
סלטאן,M,Druze,6
סלומיה,F,Jewish,6
אסול,F,Muslim,6
אסטרליה,F,Jewish,6
אסייהן,M,Jewish,6
אסייד,M,Muslim,6
אסייא,F,Muslim,6
רונדה,F,Muslim,6
ברדפורד,M,Jewish,6
קריסטיאן,F,Jewish,6
קריסטי,F,Jewish,6
בר-שמעון,M,Jewish,6
בר-ברכה,F,Jewish,6
בראני,F,Jewish,6
קריסתין,F,Christian-Arab,6
ישמאל,M,Jewish,6
ליאן,M,Muslim,6
עואני,M,Muslim,6
אהרונית,F,Jewish,6
מילאי,M,Jewish,6
ויאם,F,Christian-Arab,6
חדאד,M,Christian-Arab,6
תאמר,M,Jewish,6
מנוואה,F,Muslim,6
אהוביאל,M,Jewish,6
תאריק,M,Muslim,6
חד'ר,M,Muslim,6
חגיי,M,Jewish,6
סלי,F,Druze,6
ויאנה,F,Muslim,6
עובדייה,M,Muslim,6
נהיא,F,Druze,6
נהורית,F,Jewish,6
ליאת-רחל,F,Jewish,6
אסל,F,Druze,6
יתאיש,F,Jewish,6
ית'רב,F,Muslim,6
בקי,F,Christian-Arab,6
בקאר,M,Muslim,6
חארב,M,Muslim,6
חביב,M,Druze,6
סלימן,M,Druze,6
סלימן,M,Christian-Arab,6
סלימאן,M,Jewish,6
סליחה,F,Muslim,6
רונדה,F,Druze,6
רונדה,F,Christian-Arab,6
אסמאא,F,Muslim,6
אסלים,M,Muslim,6
אסלי,F,Jewish,6
כאמילה,F,Muslim,6
בפקדו,M,Jewish,6
חבקה,F,Druze,6
ויוין,F,Jewish,6
מילאני,F,Jewish,6
ויכתוריא,F,Christian-Arab,6
ליאור-יעקב,M,Jewish,6
ליאור-חיים,M,Jewish,6
ליאור-דוד,M,Jewish,6
נהידה,F,Jewish,6
נהיאה,F,Muslim,6
אסמהא,F,Muslim,6
כאמר,F,Muslim,6
כאתם,M,Christian-Arab,6
תהאנה,F,Muslim,6
תהאל,F,Jewish,6
אהבת,F,Jewish,6
אהב,F,Jewish,6
תגה,F,Jewish,6
תגא,F,Jewish,6
מילאת,F,Jewish,6
בסנד,F,Muslim,6
בסל,M,Muslim,6
בקאלה,M,Jewish,6
בקאא,F,Muslim,6
בצאלאל,M,Jewish,6
ראבב,F,Muslim,6
ראבאל,M,Druze,6
ראאם,F,Muslim,6
ראאל,M,Druze,6
ליאב-יוסף,M,Jewish,6
מילני,F,Jewish,6
אדרי,F,Jewish,6
אדרג'ו,M,Jewish,6
ויולית,F,Muslim,6
וילאם,M,Jewish,6
ויל,M,Jewish,6
בנימין-זאב,M,Jewish,6
ליאופולד,M,Jewish,6
ליאונל,M,Druze,6
נהלא,F,Druze,6
ליאי,F,Jewish,6
אסמיר,F,Jewish,6
רומיה,F,Christian-Arab,6
רומיאנה,F,Jewish,6
כאתבה,F,Muslim,6
כדית,F,Jewish,6
עדיר,F,Druze,6
חאדרה,F,Muslim,6
חאמיד,M,Muslim,6
וינסנט,M,Christian-Arab,6
ויני,F,Jewish,6
וילמוש,M,Jewish,6
אדנש,F,Jewish,6
אדנץ,F,Jewish,6
תואב,F,Muslim,6
תהר,M,Muslim,6
עדלאת,F,Muslim,6
עדלא,F,Christian-Arab,6
ויסל,F,Muslim,6
ויקטוריו,M,Jewish,6
ויקטוריה,F,Druze,6
ניסיה,F,Jewish,6
ניסאל,M,Jewish,6
ראגא,F,Muslim,6
ראג'חה,F,Muslim,6
בנציאמלק,F,Jewish,6
ניסאי,M,Jewish,6
כותיבא,M,Muslim,6
חאג,M,Muslim,6
סלמאא,F,Muslim,6
וירה,F,Muslim,6
וירא,F,Muslim,6
אסנאקו,F,Jewish,6
אסעיד,M,Christian-Arab,6
לי-דור,F,Jewish,6
לי-עם,M,Jewish,6
נהריז,F,Muslim,6
לי-גל,F,Jewish,6
בני,M,Druze,6
בני,M,Christian-Arab,6
בני,F,Jewish,6
בנזהיר,F,Muslim,6
מנדו,M,Jewish,6
אדמאסו,M,Jewish,6
מימו,M,Jewish,6
עדי-עובדיה,M,Jewish,6
ראדה,F,Christian-Arab,6
בניימין,M,Jewish,6
כוכבה,F,Muslim,6
ראובן,M,Druze,6
ראואן,F,Christian-Arab,6
ראהם,F,Muslim,6
ראדל,F,Jewish,6
ראדיל,F,Jewish,6
ראדי,M,Jewish,6
בניאם,M,Jewish,6
עדי-יהודה,M,Jewish,6
עדי-חן,F,Jewish,6
עדי-אסתר,F,Jewish,6
ולא,M,Christian-Arab,6
אדיסון,M,Jewish,6
חאבס,M,Druze,6
ח'תאם,F,Christian-Arab,6
עדאלה,F,Druze,6
אסף-דוד,M,Jewish,6
אסקבה,F,Jewish,6
ניליה,F,Jewish,6
אסצילה,F,Jewish,6
נובאר,M,Christian-Arab,6
ח'וזאם,F,Druze,6
ח'יירי,M,Muslim,6
אדלברט,M,Jewish,6
אדירם,M,Jewish,6
אדליין,F,Jewish,6
תודיאל,M,Jewish,6
אדמה,M,Jewish,6
ונזיה,F,Jewish,6
עגאל,M,Muslim,6
לטין,F,Muslim,6
כליל,M,Christian-Arab,6
בן-צבי,M,Jewish,6
בן-ימין,M,Jewish,6
ראוויה,F,Christian-Arab,6
ראווה,F,Muslim,6
אסקנדר,M,Muslim,6
רוייא,F,Muslim,6
מנגיסט,M,Jewish,6
מנבילו,F,Jewish,6
מנארה,F,Druze,6
מינס,F,Muslim,6
אדיראל,M,Jewish,6
אדיסעלם,M,Jewish,6
עבלא,F,Druze,6
אסרסצ',F,Jewish,6
אסרסי,M,Jewish,6
רויטל-רבקה,F,Jewish,6
אסתר,F,Druze,6
אסתברג,F,Muslim,6
אעלאם,F,Muslim,6
בנאן,F,Christian-Arab,6
תונאי,F,Muslim,6
תומר-משה,M,Jewish,6
תומה,F,Jewish,6
תום,M,Muslim,6
אדין,M,Jewish,6
ח'ייר,M,Druze,6
סמאהיר,F,Muslim,6
סם,M,Muslim,6
כלאב,M,Jewish,6
לורית,F,Muslim,6
לוריסה,F,Jewish,6
נודא,F,Muslim,6
נוגוס,M,Jewish,6
כלוד,F,Druze,6
אפט,F,Jewish,6
תוקא,F,Druze,6
מינלה,M,Jewish,6
מינלה,F,Jewish,6
מיניצ'יל,M,Jewish,6
עג'אג',M,Muslim,6
ח'אלדייה,F,Muslim,6
סמאין,F,Jewish,6
סמאיין,F,Jewish,6
סמאי,F,Jewish,6
וסלי,M,Jewish,6
וסיף,M,Jewish,6
עבדלקאדר,M,Muslim,6
זרמן,F,Jewish,6
זרכיה,M,Jewish,6
אפג,F,Jewish,6
אפאף,F,Muslim,6
אעתזאז,F,Muslim,6
רוחמה,F,Muslim,6
רוזר,M,Jewish,6
רוזני,F,Jewish,6
רוזמארי,F,Jewish,6
כמילה,F,Muslim,6
כנאן,M,Christian-Arab,6
בלה,F,Christian-Arab,6
בלאיהון,M,Jewish,6
ח'ד'רה,F,Muslim,6
עבדלהאדי,M,Muslim,6
ועיד,F,Muslim,6
עבדון,M,Muslim,6
מיסאר,F,Muslim,6
ראחיל,F,Druze,6
לורדס,F,Jewish,6
נוזאת,F,Muslim,6
נווין,F,Druze,6
רוזלינדה,F,Jewish,6
ראיי,M,Jewish,6
ראיי,F,Jewish,6
בישר,M,Muslim,6
מנאד,M,Muslim,6
אדוארד,M,Druze,6
וסנא,F,Muslim,6
וצ'יסלאב,M,Jewish,6
ורגיניה,F,Jewish,6
ורג'יניה,F,Jewish,6
וקים,M,Christian-Arab,6
ביתלחם,F,Jewish,6
ראיאת,F,Muslim,6
ראי,M,Muslim,6
כמל,M,Muslim,6
כמיליה,F,Jewish,6
ניהייא,F,Muslim,6
כפאי,F,Muslim,6
אדבבאי,F,Jewish,6
תורקיה,F,Muslim,6
זרינה,F,Muslim,6
זרי,M,Jewish,6
סמדרי,F,Jewish,6
מיקאיל,M,Muslim,6
אגסאן,F,Druze,6
תיאודורה,F,Jewish,6
סמונה,F,Jewish,6
זקרה,F,Muslim,6
לורדיס,F,Christian-Arab,6
אצ'נפי,M,Jewish,6
אצ'נאפי,M,Jewish,6
ראיפה,F,Christian-Arab,6
בירגיטה,F,Jewish,6
בירהן,F,Jewish,6
סמוחה,F,Muslim,6
עבדאלטיף,M,Muslim,6
ורנון,M,Jewish,6
עבדולרחמן,M,Muslim,6
עבדו,M,Jewish,6
ראימונד,F,Jewish,6
אצ'ם,F,Jewish,6
אצ'דה,F,Jewish,6
רוזיית,F,Druze,6
אקל,F,Jewish,6
אקי,F,Jewish,6
אקלנש,F,Jewish,6
בינקה,F,Jewish,6
כפאח,M,Druze,6
כפאא,F,Muslim,6
ושדי,M,Muslim,6
ורנר,M,Jewish,6
זננש,F,Jewish,6
מיסונה,F,Muslim,6
ממוייה,M,Jewish,6
ממד,M,Jewish,6
תיביאן,F,Muslim,6
תיבה,F,Muslim,6
מיסלין,F,Muslim,6
ז'אלה,F,Jewish,6
כסאב,M,Muslim,6
נידר,F,Jewish,6
נידין,F,Muslim,6
נידיה,F,Jewish,6
נידאל,F,Christian-Arab,6
ניגמי,F,Muslim,6
כרימן,F,Muslim,6
כריים,M,Christian-Arab,6
בילו,F,Jewish,6
בילה,F,Muslim,6
בילגה,F,Jewish,6
ראלה,F,Muslim,6
זקי,F,Jewish,6
ז'וז'ה,F,Jewish,6
עארף,M,Christian-Arab,6
ראלה,F,Jewish,6
ראלא,F,Muslim,6
רוזיט,F,Muslim,6
רוזי,M,Christian-Arab,6
אקתם,M,Muslim,6
ארדן,M,Jewish,6
ראמוס,M,Christian-Arab,6
עאקל,M,Muslim,6
מלקיטו,F,Jewish,6
מלקיה,M,Jewish,6
מיראז,F,Muslim,6
אגנדין,F,Muslim,6
אגמי,F,Jewish,6
בייצ'ש,F,Jewish,6
כראמה,M,Druze,6
כפה,F,Muslim,6
כריסטיאנה,F,Christian-Arab,6
ניגורה,F,Jewish,6
כרמיתי,F,Jewish,6
בייהס,F,Muslim,6
סמיר,F,Muslim,6
סמין,F,Jewish,6
זניט,F,Jewish,6
ז'וליין,M,Jewish,6
ז'ן,F,Jewish,6
עאמרו,M,Muslim,6
אגליה,F,Jewish,6
אגזה,M,Jewish,6
מיעד,F,Jewish,6
אגאדיר,F,Muslim,6
אג'נאדין,F,Muslim,6
זנאלדין,M,Muslim,6
ארדן,F,Jewish,6
לוצ'יאנה,F,Jewish,6
לוסינדה,F,Jewish,6
לוסינדא,F,Muslim,6
נוילי,F,Jewish,6
נויה,F,Christian-Arab,6
כרמי,F,Muslim,6
כרמון,M,Jewish,6
ניג'וד,F,Muslim,6
ניבר,M,Jewish,6
ניבל,F,Druze,6
ביטוודד,M,Jewish,6
ביט,F,Jewish,6
ז'סמין,F,Jewish,6
עאטה,M,Muslim,6
ארה,F,Jewish,6
רווידה,F,Druze,6
ארט,M,Jewish,6
ארחיים,M,Muslim,6
לוסיל,F,Christian-Arab,6
לוסיה,F,Muslim,6
נולין,F,Druze,6
ראסים,M,Muslim,6
ראנן,F,Muslim,6
זאבית,F,Jewish,6
זאביש,F,Jewish,6
ז'ררד,M,Jewish,6
מלקאם,M,Jewish,6
מלק,F,Christian-Arab,6
סמניו,M,Jewish,6
זאהרה,F,Druze,6
ביאטריקס,F,Jewish,6
ביידא,F,Muslim,6
לוציאנו,M,Jewish,6
לוסיאנה,F,Druze,6
לוסיא,F,Christian-Arab,6
נועה-חיה,F,Jewish,6
נוע,F,Jewish,6
ארזה,F,Christian-Arab,6
כתיבה,F,Muslim,6
כתון,F,Jewish,6
תיתי,F,Jewish,6
אבתהאג,F,Druze,6
אג'או,M,Jewish,6
ז'ינט,F,Jewish,6
מיראת,F,Muslim,6
מיראס,M,Druze,6
מלכת,F,Jewish,6
עאהדה,F,Druze,6
זמילה,F,Jewish,6
כרסטינה,F,Jewish,6
ניב-ניסים,M,Jewish,6
בחירי,M,Muslim,6
ראף,M,Muslim,6
ראף,M,Druze,6
ראעב,M,Muslim,6
סמרקנד,F,Muslim,6
זאודו,F,Jewish,6
זאכי,M,Christian-Arab,6
זמניי,F,Jewish,6
סמעאן,M,Muslim,6
מירו,F,Jewish,6
מירהאן,F,Muslim,6
תלי,M,Jewish,6
סנבל,F,Muslim,6
זמורד,F,Muslim,6
זללם,M,Jewish,6
סנאל,F,Muslim,6
אריאל-חיים,M,Jewish,6
ניאזי,M,Muslim,6
נטרה,M,Jewish,6
בזזוו,M,Jewish,6
ראצה,F,Jewish,6
סנאי,F,Jewish,6
זאין,F,Jewish,6
מירבאת,F,Muslim,6
מירב-רחל,F,Jewish,6
תמאדר,F,Druze,6
זאיה,F,Muslim,6
ע'ינה,F,Muslim,6
ע'ינא,F,Druze,6
ע'יית,M,Muslim,6
ע'די,M,Muslim,6
ראצא,F,Jewish,6
לונה,M,Jewish,6
לונדון,F,Jewish,6
לונדו,F,Muslim,6
נועם-יוסף,M,Jewish,6
נועם,M,Muslim,6
ארינא,F,Muslim,6
ארין,F,Christian-Arab,6
בותינא,F,Muslim,6
מליסואו,M,Jewish,6
ראקייה,F,Muslim,6
ראקי,M,Muslim,6
בחטיור,M,Jewish,6
כתרינא,F,Muslim,6
לאורא,F,Muslim,6
לאונרדו,M,Christian-Arab,6
נטעאל,F,Jewish,6
נטלי,M,Jewish,6
לאטיסיה,F,Jewish,6
לאזר,M,Jewish,6
לאורן,M,Jewish,6
רבא,M,Jewish,6
בוריק,M,Jewish,6
מלינדה,F,Muslim,6
אבסלט,F,Jewish,6
אבניר,M,Jewish,6
זיר,M,Muslim,6
זלאטי,F,Jewish,6
סתילה,F,Christian-Arab,6
מירזה,M,Muslim,6
אריין,F,Jewish,6
אריחי,M,Jewish,6
רודין,F,Druze,6
רודיינא,F,Muslim,6
ארכאן,F,Druze,6
רודולף,M,Christian-Arab,6
רודה,F,Christian-Arab,6
לאיט,M,Muslim,6
נטיק,M,Jewish,6
נטהלי,F,Jewish,6
לאן,F,Druze,6
לאמי,M,Muslim,6
אבלין,M,Jewish,6
אביתסאם,F,Muslim,6
סרפינה,F,Jewish,6
זהאי,M,Muslim,6
זדאן,M,Muslim,6
בונינה,F,Jewish,6
בוראן,M,Muslim,6
רודאן,F,Muslim,6
רודא,M,Christian-Arab,6
ארליית,F,Christian-Arab,6
ארלטה,F,Jewish,6
רוגה,M,Jewish,6
לויתן,M,Jewish,6
סרינא,F,Muslim,6
סריל,F,Jewish,6
זכאא,F,Muslim,6
סנדרו,M,Christian-Arab,6
סנדרא,F,Muslim,6
זהורה,F,Jewish,6
זינבול,F,Jewish,6
רבין,F,Jewish,6
בולין,F,Christian-Arab,6
בוטרס,M,Christian-Arab,6
רביח,M,Muslim,6
בוסי,F,Muslim,6
לאורט,F,Jewish,6
לאלו,M,Jewish,6
לאלה,F,Muslim,6
אבירמה,F,Jewish,6
אבנון,M,Jewish,6
אבנוב,M,Christian-Arab,6
אבן,F,Muslim,6
מלו,F,Jewish,6
אביטן,M,Jewish,6
אביחיים,M,Jewish,6
בהייה,F,Christian-Arab,6
רג'דה,F,Christian-Arab,6
רג'דא,F,Muslim,6
רג'אי,M,Christian-Arab,6
בהג'ה,F,Christian-Arab,6
בהזאד,M,Muslim,6
רבקה-לאה,F,Jewish,6
בהרו,M,Jewish,6
בהראם,M,Jewish,6
תמינה,F,Muslim,6
אבינט,M,Jewish,6
תמור,F,Jewish,6
מליהה,F,Jewish,6
רג'יד,M,Christian-Arab,6
לון,F,Jewish,6
לומא,F,Druze,6
ארמין,F,Muslim,6
לאקו,F,Jewish,6
נחוניה,M,Jewish,6
לבארי,M,Jewish,6
רג'ואן,F,Muslim,6
בהאאי,M,Muslim,6
בהאא,F,Druze,6
סרהאב,F,Muslim,6
סרדור,M,Jewish,6
זיסמן,M,Jewish,6
סרוות,F,Muslim,6
סרווה,F,Muslim,6
מלוא,M,Jewish,6
סקנדר,M,Muslim,6
סקיילר,M,Jewish,6
סקיבה,F,Muslim,6
זוהירה,F,Christian-Arab,6
סנייאל,F,Muslim,6
סנטיהו,F,Jewish,6
זינא,F,Jewish,6
נור-אלהודא,F,Muslim,6
ארסן,M,Muslim,6
לוזיאנה,F,Druze,6
לאשה,M,Jewish,6
לאריסה,F,Christian-Arab,6
בדראן,M,Druze,6
בדראן,M,Christian-Arab,6
רג'ינה,F,Muslim,6
רג'ינה,F,Christian-Arab,6
סנמאר,M,Muslim,6
זוהריה,F,Jewish,6
אבי-שי,M,Jewish,6
תנהא,F,Muslim,6
תמר-שרה,F,Jewish,6
סראיא,F,Muslim,6
זוהיא,F,Jewish,6
לוזיאן,F,Druze,6
לוז'ין,F,Muslim,6
לוז'אין,F,Muslim,6
לוז,M,Jewish,6
רובינה,F,Christian-Arab,6
רובין,F,Muslim,6
נזאר,M,Jewish,6
בדילו,M,Jewish,6
זוהדי,M,Christian-Arab,6
ספירי,F,Jewish,6
ספינש,F,Jewish,6
ספין,F,Muslim,6
ספיה,F,Jewish,6
זיידל,M,Jewish,6
זילברט,F,Jewish,6
סנעאללה,M,Muslim,6
לבה,F,Jewish,6
רוביאן,F,Muslim,6
אשהם,M,Muslim,6
אשגרץ',F,Jewish,6
באשיר,M,Christian-Arab,6
בארנו,F,Jewish,6
נזיה,F,Jewish,6
נזיא,M,Muslim,6
סנן,M,Jewish,6
מלדה,F,Jewish,6
אביאל-אברהם,M,Jewish,6
אביאב,M,Jewish,6
אבי-שלום,M,Jewish,6
זוהרי,M,Jewish,6
לווטה,M,Jewish,6
לווטה,F,Jewish,6
נורגהאן,F,Muslim,6
אשקן,M,Jewish,6
רואין,M,Jewish,6
לואה,F,Jewish,6
לואה,F,Druze,6
לובא,F,Jewish,6
זויא,F,Christian-Arab,6
זוזה,F,Jewish,6
ספר,M,Jewish,6
אבון,F,Jewish,6
אבוט,M,Jewish,6
זיוה,F,Muslim,6
סעאד,F,Christian-Arab,6
סנתיה,F,Christian-Arab,6
רואיה,F,Jewish,6
אשתיאק,F,Christian-Arab,6
אשתו,M,Jewish,6
אתייר,F,Muslim,6
רדומיר,M,Jewish,6
רדאא,M,Muslim,6
באסיליוס,M,Christian-Arab,6
ספואט,M,Muslim,6
זומורדה,F,Muslim,6
מירקה,F,Jewish,6
מירפאת,F,Muslim,6
מישון,M,Jewish,6
אתקלט,F,Jewish,6
רהיב,M,Muslim,6
באדיה,F,Muslim,6
באביץ',M,Jewish,6
באביט,M,Jewish,6
רהד,F,Muslim,6
רהאף,F,Druze,6
מיתן,M,Jewish,6
סעדת,F,Jewish,6
אאוחניה,F,Jewish,6
זטאם,M,Muslim,6
סעדאללה,M,Christian-Arab,6
סעדא,F,Druze,6
סעאדי,M,Muslim,6
זיהאד,M,Muslim,6
מוג'האד,M,Muslim,6
סעדה,M,Muslim,6
זיאמה,M,Jewish,6
אבגאיל,F,Jewish,6
תקלה,F,Jewish,6
תרים,F,Muslim,6
תרייז,F,Christian-Arab,6
מישקה,M,Jewish,6
אארז,F,Muslim,6
אאדם,M,Muslim,6
מכתאר,M,Muslim,6
תרון,F,Jewish,6
תרוואת,M,Muslim,6
אבארהים,M,Muslim,6
אבאיינש,F,Jewish,6
תרנים,F,Christian-Arab,6
מיתאק,F,Muslim,5
תריד,F,Muslim,5
תריק,F,Jewish,5
אבבי,F,Jewish,5
אבביהו,F,Jewish,5
אבגדור,M,Jewish,5
אבגה,F,Jewish,5
סעדיה,F,Jewish,5
מלאט,F,Jewish,5
סעוד,M,Druze,5
תרקי,M,Muslim,5
תתיאנא,F,Muslim,5
אאוגן,M,Jewish,5
זזו,F,Jewish,5
זיו-חי,M,Jewish,5
זיהד,M,Muslim,5
סעידו,M,Jewish,5
זומרדה,F,Muslim,5
אבדאללה,M,Muslim,5
אבגוסטה,F,Jewish,5
אבור,F,Muslim,5
אבולי,M,Jewish,5
אבוהאיי,M,Jewish,5
תספה,M,Jewish,5
זולי,M,Jewish,5
אתין,F,Muslim,5
באייך,M,Jewish,5
רדוה,F,Muslim,5
באנצ'יאיהו,F,Jewish,5
באנצ'אמלאק,F,Jewish,5
רדאן,M,Druze,5
רדאב,F,Muslim,5
לוגין,F,Druze,5
לוגיאן,F,Muslim,5
לוגאן,F,Muslim,5
לוג'ן,F,Muslim,5
לוג'ינא,F,Muslim,5
נורייה,F,Jewish,5
נוריאנה,F,Muslim,5
באזטו,F,Jewish,5
לואיס,F,Christian-Arab,5
נורסן,F,Muslim,5
נורן,F,Jewish,5
נורמן,M,Christian-Arab,5
באסאם,M,Muslim,5
באנציעלם,F,Jewish,5
באנצי,F,Jewish,5
בארי,M,Muslim,5
בארא,F,Muslim,5
באפי,F,Jewish,5
באסנת,F,Muslim,5
את'אר,F,Druze,5
אתאי,M,Jewish,5
רואידא,F,Muslim,5
רואח,F,Muslim,5
רואד,F,Druze,5
אתינא,F,Christian-Arab,5
אשרה,F,Muslim,5
רגי,F,Jewish,5
באשאר,M,Muslim,5
באשא,M,Muslim,5
רגה,F,Muslim,5
רגד,M,Druze,5
רגב,M,Druze,5
לדיס,F,Muslim,5
לוון,M,Jewish,5
לוויזה,F,Christian-Arab,5
נורולה,M,Jewish,5
נורהאן,F,Christian-Arab,5
נורג'אן,F,Muslim,5
אשראף,M,Christian-Arab,5
רואית,F,Jewish,5
נזאם,M,Druze,5
לואא,F,Druze,5
בגשאו,M,Jewish,5
בביי,M,Jewish,5
רגאה,F,Muslim,5
רגאא,F,Christian-Arab,5
לביניה,F,Jewish,5
נזימה,F,Druze,5
רובי,M,Muslim,5
אשגרו,M,Jewish,5
אשגר,F,Jewish,5
אשואא,F,Muslim,5
אשה,F,Jewish,5
אשגרץ,F,Jewish,5
אשלי,F,Christian-Arab,5
אשלה,F,Jewish,5
אשכול,F,Jewish,5
ארנסטין,F,Jewish,5
ארצה,F,Jewish,5
ארצ'י,M,Jewish,5
לב-אריה,M,Jewish,5
לארס,M,Jewish,5
נזמית,F,Jewish,5
נזמייה,F,Druze,5
בדריה,F,Druze,5
בדמאו,M,Jewish,5
לוזה,F,Muslim,5
לוזאן,F,Christian-Arab,5
נוראלדין,M,Druze,5
נוראל,M,Muslim,5
ארפד,M,Jewish,5
ארתחאם,F,Muslim,5
רובינא,F,Christian-Arab,5
רוג'יין,F,Muslim,5
לויבה,F,Jewish,5
רג'ווה,F,Muslim,5
רג'ואן,M,Druze,5
לאני,M,Jewish,5
לארה,F,Muslim,5
נחים,M,Jewish,5
נזר,F,Christian-Arab,5
נזקט,F,Jewish,5
לויאור,M,Jewish,5
לוטר,M,Jewish,5
נוראיי,F,Muslim,5
נוראי,F,Jewish,5
ארמנק,M,Jewish,5
ארסטיה,F,Jewish,5
ארסט,M,Jewish,5
בוגלץ',F,Jewish,5
בוגיד,M,Jewish,5
רבנה,F,Jewish,5
בהה,M,Druze,5
בהיג,M,Druze,5
בהיא,F,Muslim,5
בהט,F,Jewish,5
לאמאר,F,Druze,5
לאלין,F,Muslim,5
נופך,M,Jewish,5
לומי,F,Jewish,5
לוליה,F,Jewish,5
רוגאן,F,Muslim,5
ארמן,M,Christian-Arab,5
ארמל,F,Jewish,5
ארמידה,F,Jewish,5
נטאליה,F,Muslim,5
בונסיאנה,F,Muslim,5
בוקי,F,Jewish,5
בוסתן,F,Jewish,5
רבזי,M,Jewish,5
ארליט,F,Jewish,5
ארלי,M,Jewish,5
נוקרי,M,Jewish,5
נוקי,F,Jewish,5
רבין,M,Muslim,5
בונדי,M,Jewish,5
בולאל,M,Muslim,5
בוטאינה,F,Muslim,5
בוזנה,F,Jewish,5
בוסיינא,F,Muslim,5
לאקאצ'או,M,Jewish,5
ראשאד,M,Muslim,5
רארדה,F,Muslim,5
ראקז,M,Muslim,5
לאה,M,Jewish,5
רבאח,M,Christian-Arab,5
לאורא,F,Christian-Arab,5
לאוניה,F,Jewish,5
לאוני,M,Jewish,5
לאיאלי,F,Muslim,5
בורטוקן,F,Jewish,5
ארים,F,Druze,5
ארייא,F,Jewish,5
אריק,M,Muslim,5
אריסטו,M,Jewish,5
רודה,M,Muslim,5
נטיעה,F,Jewish,5
אריז,F,Christian-Arab,5
אריה-לייב,M,Jewish,5
אריה,M,Muslim,5
לאולסגד,M,Jewish,5
לאויס,M,Jewish,5
נטרץ',F,Jewish,5
בזאוויט,F,Jewish,5
ראציל,F,Jewish,5
לונאר,F,Druze,5
נועם,M,Druze,5
אריב,M,Muslim,5
אריאף,F,Muslim,5
בורטון,M,Jewish,5
ראשידה,F,Muslim,5
בותיאנה,F,Muslim,5
בושרא,M,Muslim,5
ראפעת,M,Muslim,5
ראפיה,F,Muslim,5
בחשי,M,Jewish,5
בחרלדין,M,Muslim,5
בחריה,F,Muslim,5
בחרי,M,Jewish,5
בחרוז,M,Jewish,5
בחלה,F,Jewish,5
בחית,M,Muslim,5
ראפד,M,Muslim,5
רוואד,M,Christian-Arab,5
רווא,F,Druze,5
ארי-אל,F,Jewish,5
ארטשס,M,Jewish,5
רודינא,F,Christian-Arab,5
רודין,M,Jewish,5
ביאל,F,Muslim,5
ביז'אן,M,Jewish,5
ביווטה,M,Jewish,5
ביגן,M,Jewish,5
ראניא,F,Druze,5
כרמיל,F,Muslim,5
לוסיאן,M,Muslim,5
לוסיאן,F,Muslim,5
נוסרת,F,Jewish,5
נוסים,M,Jewish,5
ארזול,M,Jewish,5
ארזואן,F,Muslim,5
ניבון,F,Muslim,5
ניאר,M,Druze,5
לאה-לילי,F,Jewish,5
ביאה,F,Jewish,5
ארואח,F,Druze,5
ניבראס,M,Muslim,5
ביטניה,F,Jewish,5
ביטיה,F,Jewish,5
ביטדג,F,Jewish,5
ביזן,F,Jewish,5
ביזואיו,F,Jewish,5
ראן,M,Jewish,5
ראמין,F,Muslim,5
ארואד,M,Druze,5
ארול,M,Muslim,5
נוסייבא,F,Muslim,5
נולין,F,Christian-Arab,5
ראסל,F,Druze,5
ראנסא,F,Muslim,5
ביגאן,M,Jewish,5
ראמייה,F,Muslim,5
ביינש,F,Jewish,5
כריסטוף,M,Jewish,5
כרלוס,M,Jewish,5
כרלה,F,Jewish,5
כרכום,F,Jewish,5
ניגטו,M,Jewish,5
כרמית,F,Muslim,5
ביין,F,Muslim,5
נוייר,F,Muslim,5
נויד,M,Jewish,5
נויאת,F,Jewish,5
נוי-יה,F,Jewish,5
ארגנש,F,Jewish,5
רוועא,F,Muslim,5
ארוואה,F,Muslim,5
בינה,F,Muslim,5
בינאם,M,Jewish,5
כריכור,M,Christian-Arab,5
כריסטינה,F,Druze,5
ראיקה,F,Christian-Arab,5
ארא,F,Muslim,5
אקתמאל,F,Muslim,5
רוזאליה,F,Jewish,5
אראש,M,Jewish,5
אראן,M,Jewish,5
ראמח,M,Muslim,5
ראמח,M,Druze,5
ראמון,M,Jewish,5
ביירם,M,Muslim,5
ראלף,M,Christian-Arab,5
ראלין,F,Muslim,5
נוזהה,F,Christian-Arab,5
לוראנס,M,Jewish,5
ראיס,M,Jewish,5
ביסט,F,Jewish,5
ביסאן,M,Druze,5
בירלא,F,Druze,5
בירהנה,M,Jewish,5
ראין,M,Christian-Arab,5
אקיף,M,Muslim,5
אקוש,M,Jewish,5
אקו,F,Jewish,5
אקרמי,M,Muslim,5
אקרם,M,Jewish,5
נידל,M,Druze,5
כרואן,F,Christian-Arab,5
ביני,F,Jewish,5
בכטיור,M,Jewish,5
ראיאן,M,Jewish,5
ראיאן,M,Christian-Arab,5
ראיא,F,Christian-Arab,5
כמיראן,F,Muslim,5
ניהוראי,M,Jewish,5
ניהאיה,F,Druze,5
כנדי,M,Muslim,5
כנארי,F,Muslim,5
ראייה,F,Druze,5
ראייגה,F,Muslim,5
ראייאן,F,Muslim,5
רוזליה,F,Muslim,5
אצנפה,M,Jewish,5
לוקי,M,Jewish,5
נוחים,M,Jewish,5
ניזם,M,Jewish,5
ניוטון,M,Jewish,5
כנאז,F,Muslim,5
בלאן,M,Muslim,5
בלא,F,Jewish,5
ראחיל,F,Christian-Arab,5
ראחדה,F,Muslim,5
ראזין,M,Muslim,5
לוריאן,M,Druze,5
לוריאן,M,Christian-Arab,5
נוזאה,F,Muslim,5
נווין,F,Christian-Arab,5
אפתיחר,F,Muslim,5
אפרת,M,Jewish,5
אפרת,F,Muslim,5
בכר,M,Jewish,5
אפרים-אפי,M,Jewish,5
אפריל,F,Druze,5
לורינה,F,Muslim,5
לורינה,F,Druze,5
לורינא,F,Muslim,5
נוהידה,F,Muslim,5
נוהד,M,Druze,5
נוהאל,F,Muslim,5
אפריי,M,Jewish,5
אפרודית,F,Muslim,5
אפראי,M,Jewish,5
רוזנה,F,Christian-Arab,5
רוזן,F,Christian-Arab,5
רוזמרין,F,Jewish,5
רוזמרי,F,Christian-Arab,5
ניזם,M,Muslim,5
בלוסום,F,Jewish,5
בלום,F,Jewish,5
בליינה,M,Jewish,5
בלידה,F,Jewish,5
בליג,M,Christian-Arab,5
בלטצ',F,Jewish,5
ראופה,F,Christian-Arab,5
ראונאק,F,Muslim,5
בלסם,M,Muslim,5
בלנה,F,Jewish,5
כלוד,M,Jewish,5
ניירה,F,Christian-Arab,5
אפי,M,Druze,5
רוחייה,F,Druze,5
אפקה,F,Jewish,5
אפסאנה,F,Jewish,5
אסתיר,F,Jewish,5
ניילי,F,Jewish,5
נייה,F,Muslim,5
כליפא,M,Jewish,5
בן-ברוך,M,Jewish,5
בן-בן,M,Jewish,5
בלתה,M,Jewish,5
לורנא,F,Christian-Arab,5
לורל,F,Christian-Arab,5
נוה,F,Muslim,5
לזיר,M,Jewish,5
לותם,F,Jewish,5
אעיד,M,Muslim,5
רויא,F,Jewish,5
רוטם,F,Jewish,5
ראז'י,M,Muslim,5
נובל,M,Jewish,5
נובין,F,Muslim,5
לטיפי,F,Muslim,5
כיפייה,F,Muslim,5
כיפה,F,Muslim,5
כלים,M,Druze,5
בן-משה,M,Jewish,5
בן-לי,M,Jewish,5
בן-יעקב,M,Jewish,5
ראוזן,F,Muslim,5
ראווף,M,Muslim,5
אסר,M,Druze,5
אסקנדר,M,Jewish,5
רויים,F,Muslim,5
רוייה,F,Muslim,5
רויידה,F,Druze,5
אסף,F,Jewish,5
רולאן,M,Jewish,5
ראודת,M,Muslim,5
כיפאח,F,Christian-Arab,5
כיסוף,M,Jewish,5
כינן,M,Druze,5
כינור,M,Jewish,5
נילין,F,Muslim,5
נילטון,M,Jewish,5
בנו,F,Jewish,5
בנדר,F,Druze,5
בנגמין,M,Jewish,5
ראובן-רובי,M,Jewish,5
ראובן-בן,M,Jewish,5
לורנס,M,Druze,5
לורנס,F,Muslim,5
בנז'מין,M,Jewish,5
ראגי,M,Druze,5
כוכב,F,Christian-Arab,5
ראובן,F,Jewish,5
ראובל,M,Jewish,5
ראובין,M,Jewish,5
ראואל,M,Jewish,5
ראואה,F,Muslim,5
נימרה,F,Muslim,5
לי-בת,F,Jewish,5
נואלה,F,Jewish,5
נואל,M,Muslim,5
נואל,M,Christian-Arab,5
רום,M,Druze,5
אסף-משה,M,Jewish,5
אסף-יצחק,M,Jewish,5
כוכביה,F,Jewish,5
בסו,M,Jewish,5
בנצי,F,Jewish,5
נינלי,F,Jewish,5
כותיבה,F,Muslim,5
כותאיבה,M,Muslim,5
כות'ר,F,Muslim,5
בניסיו,M,Jewish,5
בנימין-בני,M,Jewish,5
ראגד,M,Christian-Arab,5
אסנקאו,F,Jewish,5
אסנאקץ',F,Jewish,5
לי-עוז,M,Jewish,5
נהראי,M,Jewish,5
נימאי,M,Jewish,5
כינאז,F,Muslim,5
קשינה,F,Jewish,5
כאמליה,F,Muslim,5
בנצ'לם,F,Jewish,5
בנצ'יעלם,F,Jewish,5
ראג',M,Jewish,5
ראבקה,F,Jewish,5
ראבן,M,Jewish,5
ראאל,M,Muslim,5
בסינה,F,Muslim,5
כאריס,F,Druze,5
ליאד,F,Jewish,5
נהל,M,Jewish,5
נהל,F,Jewish,5
ראגד,F,Druze,5
ניסאם,F,Muslim,5
כוכבת,F,Jewish,5
ניעמאן,M,Christian-Arab,5
בסקאל,F,Muslim,5
בסניל,M,Jewish,5
בסנדיל,M,Jewish,5
קרסטין,F,Druze,5
בקי,F,Muslim,5
כאדי,F,Muslim,5
ליאור-יוסף,M,Jewish,5
אסמי,F,Jewish,5
אסמאת,F,Muslim,5
אסמארו,F,Jewish,5
ניסנית,F,Jewish,5
ניסים,M,Muslim,5
בסיטה,F,Muslim,5
קתר,F,Muslim,5
קשירו,F,Jewish,5
אסלאה,F,Muslim,5
יתיר,F,Jewish,5
יתברך,M,Jewish,5
ניצחית,F,Jewish,5
ניצוח,F,Jewish,5
בקזוד,M,Jewish,5
בקה,M,Jewish,5
קרמאן,M,Muslim,5
קרליין,F,Jewish,5
קרלי,M,Jewish,5
אסיר,F,Muslim,5
רונד,F,Druze,5
רונאל,M,Christian-Arab,5
אסמאי,F,Muslim,5
רומנה,F,Jewish,5
כאמיל,M,Christian-Arab,5
ברג'ית,F,Christian-Arab,5
ברג'יט,F,Christian-Arab,5
ברבו,M,Jewish,5
קריסטינא,F,Christian-Arab,5
קרלו,M,Christian-Arab,5
בר-מזל,F,Jewish,5
בר-לב,M,Jewish,5
בר-יעקב,M,Jewish,5
קריסתינא,F,Christian-Arab,5
ניקולא,F,Jewish,5
אסין,F,Christian-Arab,5
אסימה,F,Muslim,5
נהוואנד,F,Muslim,5
נהוא,F,Muslim,5
ליבוב,F,Jewish,5
ליאת,F,Muslim,5
ישכה,F,Jewish,5
ישיעלם,F,Jewish,5
ישי-דוד,M,Jewish,5
ניקיתה,M,Jewish,5
ישפה,M,Jewish,5
ישעייה,M,Jewish,5
ברהון,M,Jewish,5
ברהה,M,Jewish,5
קריסטו,M,Christian-Arab,5
אסווה,F,Muslim,5
רוניה,F,Christian-Arab,5
ישרה,F,Jewish,5
ישראל-חיים,M,Jewish,5
ישראיל,M,Jewish,5
קריסטן,F,Jewish,5
ברדיס,F,Christian-Arab,5
בריגיט,F,Christian-Arab,5
ישאמבט,F,Jewish,5
ברוז,M,Jewish,5
ברודי,M,Jewish,5
קריינדי,F,Jewish,5
ברז'יט,F,Jewish,5
ברונית,F,Jewish,5
נהאל,F,Christian-Arab,5
ליג'עלם,M,Jewish,5
קריסטה,F,Jewish,5
ישוואס,M,Jewish,5
ניר-יצחק,M,Jewish,5
קרימה,F,Jewish,5
ברוך-בר,M,Jewish,5
ניקנור,M,Jewish,5
ניקלס,M,Jewish,5
אסא,F,Muslim,5
אסא,F,Jewish,5
אנתמאא,F,Muslim,5
רוסטי,M,Jewish,5
רונת,F,Muslim,5
אסאסו,F,Jewish,5
אסאללה,F,Muslim,5
ליהן,M,Jewish,5
ליהל,F,Jewish,5
נהאדה,F,Muslim,5
ליודה,F,Jewish,5
אסאל,M,Muslim,5
רונלה,F,Jewish,5
ברטל,F,Jewish,5
קרוואן,F,Druze,5
קראיג,M,Jewish,5
נדמיה,F,Muslim,5
נדיר,F,Jewish,5
אנקואיהוש,F,Jewish,5
ירנה,F,Jewish,5
נירוונה,F,Druze,5
ישטלה,F,Jewish,5
ישחק,M,Jewish,5
בריא,M,Muslim,5
בריה,M,Jewish,5
ברידג'ט,F,Jewish,5
קפיאלו,M,Jewish,5
קפטאן,M,Muslim,5
ברייס,M,Jewish,5
ירח,F,Jewish,5
אנתהאל,F,Muslim,5
אנשיראח,F,Druze,5
נכלה,M,Christian-Arab,5
נכד,M,Druze,5
קסורה,M,Muslim,5
ברנאדט,F,Christian-Arab,5
נירמין,F,Christian-Arab,5
נירם,M,Jewish,5
נירין,F,Druze,5
יריב,M,Druze,5
ברכיה,F,Jewish,5
ברכיאל,M,Jewish,5
ברכה-רבקה,F,Jewish,5
קסייה,M,Jewish,5
קסטרו,M,Muslim,5
ליובוב,F,Muslim,5
ליז,F,Christian-Arab,5
ליונה,F,Jewish,5
ברכת,M,Jewish,5
קסו,F,Jewish,5
קסאיא,F,Jewish,5
קסאי,M,Muslim,5
קני,F,Jewish,5
רועאה,F,Muslim,5
אנצו,M,Jewish,5
אנצ'נאלו,F,Jewish,5
אנע'אם,F,Muslim,5
רוספו,F,Jewish,5
רוסלין,F,Druze,5
אנריך,M,Jewish,5
יראא,F,Muslim,5
נלה,F,Muslim,5
נלה,F,Druze,5
נלדה,F,Jewish,5
יקיר,M,Muslim,5
נמו,F,Jewish,5
נליני,F,Jewish,5
ירבב,F,Jewish,5
ברנרדה,F,Jewish,5
ליזבת,F,Jewish,5
ליזבטה,F,Jewish,5
נדיב,M,Muslim,5
ליטיסיה,F,Jewish,5
ליחיה,F,Jewish,5
ליזל,F,Jewish,5
אנסטאסיה,F,Jewish,5
רועיאל,M,Jewish,5
רועי-יהודה,M,Jewish,5
רועי-דוד,M,Jewish,5
ברלה,F,Jewish,5
קנדי,M,Muslim,5
קנג',M,Druze,5
ברקון,M,Jewish,5
ברקה,M,Muslim,5
ברציקו,F,Jewish,5
ברקנש,F,Jewish,5
ברקיי,F,Jewish,5
נדב-משה,M,Jewish,5
נדאא,M,Muslim,5
רוקסולנה,F,Jewish,5
רוקיאה,F,Muslim,5
רוקי,F,Jewish,5
לייאל,F,Jewish,5
ליטף,M,Jewish,5
נדווא,F,Muslim,5
ליזיקה,F,Jewish,5
נגסי,M,Jewish,5
רותאז',F,Muslim,5
רושן,F,Jewish,5
בשיר,M,Jewish,5
יקטה,F,Jewish,5
יקות,F,Jewish,5
יקוייה,M,Jewish,5
ננד,M,Jewish,5
בשי,F,Jewish,5
אניצה,F,Jewish,5
אנישוארה,F,Jewish,5
אננט,F,Jewish,5
רושאל,M,Jewish,5
רוקסנה,F,Christian-Arab,5
נדביה,F,Jewish,5
קנוז,F,Muslim,5
קמיע,F,Jewish,5
בשירה,F,Druze,5
בתיה-בטי,F,Jewish,5
בתיה,M,Jewish,5
בתיה,F,Muslim,5
קמיי,F,Jewish,5
יפית,F,Muslim,5
יפיע,M,Jewish,5
נסאל,F,Jewish,5
יקאנו,F,Jewish,5
ליילי,F,Muslim,5
ליילא,F,Druze,5
נדא,M,Muslim,5
נדא,F,Jewish,5
נגר,F,Jewish,5
נגסת,F,Jewish,5
רזואן,F,Muslim,5
לייף,M,Muslim,5
יקטרינה,F,Christian-Arab,5
ג'אדאללה,M,Druze,5
ג'אואן,F,Muslim,5
ג'אהר,F,Muslim,5
ג'אדי,M,Christian-Arab,5
ג'אדי,F,Muslim,5
יעקובו,M,Jewish,5
יפי,M,Jewish,5
לילוש,F,Jewish,5
לילאן,F,Christian-Arab,5
רזאן,M,Druze,5
רזאלה,F,Muslim,5
רז'אל,F,Muslim,5
אנילי,F,Jewish,5
אנט,F,Muslim,5
רזיל,M,Jewish,5
יפה,F,Christian-Arab,5
יפאת,F,Jewish,5
יערוב,M,Muslim,5
יצהר,F,Jewish,5
ג'איס,M,Jewish,5
ג'אונא,F,Muslim,5
יעקב-יקיר,M,Jewish,5
רזיאל,F,Jewish,5
אנטונית,F,Christian-Arab,5
אנטונט,F,Jewish,5
אני,M,Jewish,5
אנטרניק,M,Christian-Arab,5
רזונד,F,Muslim,5
רזואנד,F,Muslim,5
נסיפה,F,Muslim,5
ג'אן-מרק,M,Jewish,5
קלימנט,M,Jewish,5
קלוין,M,Jewish,5
נסימה,F,Druze,5
יערה,F,Druze,5
יערב,M,Druze,5
ג'אלה,F,Jewish,5
קלמוורק,F,Jewish,5
קלם,F,Jewish,5
רזן,M,Christian-Arab,5
ליליא,F,Christian-Arab,5
לילי-לאה,F,Jewish,5
נגייה,F,Druze,5
נגיד,F,Muslim,5
לים,F,Jewish,5
אנה,M,Jewish,5
רחייל,M,Muslim,5
רחי,F,Jewish,5
רחום,M,Jewish,5
רחה,F,Muslim,5
אנור,F,Jewish,5
לימה,F,Jewish,5
לימאר,M,Druze,5
לימאן,F,Muslim,5
לינאי,F,Muslim,5
אנווא,F,Jewish,5
אנורה,F,Jewish,5
רחאל,F,Muslim,5
יעל-מרים,F,Jewish,5
יעל-טובה,F,Jewish,5
נסמאה,F,Muslim,5
אנדשאש,F,Jewish,5
אנדרסון,M,Jewish,5
ג'בארה,M,Muslim,5
יסמין,M,Muslim,5
נסריאן,F,Muslim,5
נסר,M,Jewish,5
יסראא,F,Muslim,5
ג'ארח,M,Muslim,5
קלודת,F,Jewish,5
קלודיט,F,Jewish,5
קלודיה,F,Druze,5
קלודט,F,Christian-Arab,5
אנדרייה,M,Christian-Arab,5
אנדרייה,F,Jewish,5
אנוה,F,Jewish,5
אנואל,M,Jewish,5
ג'בראן,M,Christian-Arab,5
ג'בראיל,M,Muslim,5
ג'דה,F,Muslim,5
קלוא,F,Jewish,5
קלארה,F,Muslim,5
ינסאו,M,Jewish,5
יניר,F,Jewish,5
יניקה,F,Jewish,5
נגה,F,Druze,5
נגדה,F,Muslim,5
לינדה,M,Jewish,5
ליניל,F,Druze,5
לינזי,F,Jewish,5
אנדריאס,M,Christian-Arab,5
אנדריאה,M,Jewish,5
רחימה,F,Jewish,5
נעומית,F,Jewish,5
ינסה,F,Jewish,5
ג'ודי,F,Christian-Arab,5
ג'ואיריה,F,Muslim,5
ג'ואלה,F,Jewish,5
קלאודין,M,Jewish,5
קלאודיה,F,Muslim,5
קלאדיו,M,Jewish,5
רחנה,F,Jewish,5
רחמי,M,Jewish,5
רחמאת,F,Muslim,5
רחל-רלי,F,Jewish,5
אנדראי,M,Jewish,5
אנדראה,F,Christian-Arab,5
אנדליב,F,Muslim,5
לינאה,F,Jewish,5
ג'ודיט,F,Jewish,5
קירק,M,Jewish,5
קירינה,F,Jewish,5
קיפח,M,Muslim,5
קיפורק,M,Christian-Arab,5
קיפאח,F,Druze,5
קיסר,M,Jewish,5
אנדאלאמאו,M,Jewish,5
אנדאגר,F,Jewish,5
ריאב,F,Muslim,5
אנדי,M,Druze,5
רי,F,Jewish,5
ליסול,F,Jewish,5
ליסאא,F,Muslim,5
יניב-יצחק,M,Jewish,5
יניב,M,Christian-Arab,5
קינדא,F,Christian-Arab,5
ג'וואל,F,Christian-Arab,5
ינגה,F,Jewish,5
ינאל,F,Druze,5
ימרות,F,Jewish,5
אנגואצ',F,Jewish,5
ריאן,F,Christian-Arab,5
ריאלה,F,Jewish,5
אנגילינה,F,Jewish,5
אנדאלו,M,Jewish,5
ינהון,M,Jewish,5
ינגוסנש,F,Jewish,5
נעמו,F,Jewish,5
נעמאתי,F,Muslim,5
נעמאת,F,Christian-Arab,5
ינין,M,Jewish,5
קיידן,M,Jewish,5
נעמן,M,Druze,5
נעמי-חיה,F,Jewish,5
קיין,F,Muslim,5
קיים,M,Muslim,5
ג'וי,M,Druze,5
ג'וזפין,F,Druze,5
ג'וזלין,F,Jewish,5
אנג'ליקה,F,Muslim,5
נגאוה,F,Muslim,5
ליפמאן,M,Jewish,5
ליעז,F,Jewish,5
נג'מיה,F,Muslim,5
נג'מא,F,Muslim,5
ליקיה,F,Jewish,5
אנגווץ,F,Jewish,5
אנבל,F,Christian-Arab,5
אנאנייה,F,Jewish,5
ריגה,F,Muslim,5
ריבר,F,Jewish,5
ריבין,M,Jewish,5
ליקי,F,Jewish,5
ליפשה,F,Jewish,5
ריאת,F,Muslim,5
ריאנא,F,Druze,5
ימבל,F,Jewish,5
נפקו,F,Jewish,5
נפלה,F,Muslim,5
נפטלי,M,Jewish,5
נפוז,F,Druze,5
נפאע,M,Druze,5
ג'וליאן,F,Christian-Arab,5
ג'ומאן,M,Muslim,5
ג'ונאיד,M,Druze,5
ג'וניר,F,Christian-Arab,5
קיידה,F,Muslim,5
ג'וליית,F,Druze,5
ג'וליט,F,Muslim,5
ג'וליו,M,Christian-Arab,5
ג'ולס,M,Jewish,5
קיוורק,M,Christian-Arab,5
קיוון,M,Jewish,5
קיואן,M,Muslim,5
קידאנו,M,Jewish,5
ילקל,M,Jewish,5
נצוח,F,Jewish,5
ריהאנה,F,Jewish,5
ריהאן,F,Christian-Arab,5
ילמה,M,Jewish,5
נצנת,M,Jewish,5
ימאטה,F,Jewish,5
ג'ונייד,M,Muslim,5
קטלין,F,Christian-Arab,5
ג'ועד,M,Muslim,5
ריווא,F,Druze,5
אנאו,F,Jewish,5
אנאהל,F,Jewish,5
אנאניט,F,Jewish,5
אנאני,F,Jewish,5
אנאנא,F,Jewish,5
אנאליה,F,Jewish,5
אנאליה,F,Christian-Arab,5
אנאית,F,Jewish,5
נפר,F,Jewish,5
נרג'יס,F,Druze,5
נקדאם,F,Jewish,5
נצרין,F,Muslim,5
ילטו,F,Jewish,5
קטינה,F,Jewish,5
קטו,F,Jewish,5
לירל,F,Jewish,5
ליריק,F,Jewish,5
ליריה,F,Jewish,5
לישר,F,Jewish,5
לירן-משה,M,Jewish,5
לירן,M,Christian-Arab,5
אנאבל,F,Druze,5
ריוי,F,Jewish,5
ריוואל,F,Muslim,5
ילנה,F,Christian-Arab,5
נרגיזי,F,Jewish,5
ג'ורי,M,Jewish,5
ג'יאני,M,Jewish,5
ג'ורג'יו,M,Jewish,5
ג'ורג'יו,M,Christian-Arab,5
ג'ורג'יט,F,Jewish,5
קותאיבה,M,Muslim,5
ג'זיל,F,Muslim,5
ג'זון,M,Jewish,5
ייש,F,Jewish,5
יירצ'ו,F,Jewish,5
ריחאנא,F,Muslim,5
אמתלאי,F,Jewish,5
אמתיאז,F,Christian-Arab,5
ריחאם,F,Muslim,5
אנאבלה,F,Muslim,5
אמנט,F,Jewish,5
ג'יזייל,F,Christian-Arab,5
קורווין,M,Jewish,5
קוקיט,F,Jewish,5
קוקה,M,Jewish,5
קוקה,F,Muslim,5
ג'ילן,F,Muslim,5
ייטאיאו,M,Jewish,5
אמרה,F,Druze,5
לליאן,F,Christian-Arab,5
ליתי,M,Muslim,5
נג'ואה,F,Christian-Arab,5
למזירה,F,Jewish,5
ייננש,F,Jewish,5
ייני,F,Jewish,5
יימקר,F,Jewish,5
ייהנאו,M,Jewish,5
ייהון,M,Jewish,5
יידל,M,Jewish,5
יידג,M,Jewish,5
נרד,F,Muslim,5
יישוורק,F,Jewish,5
ג'ילאן,M,Muslim,5
קוסטין,M,Jewish,5
קוסטיאנטין,M,Jewish,5
למאה,F,Muslim,5
נג'את,M,Muslim,5
נג'אם,F,Druze,5
לנא,F,Jewish,5
אמנדה,F,Druze,5
אמסאל,F,Jewish,5
אמניר,M,Jewish,5
קומלאצ'או,M,Jewish,5
קומה,M,Jewish,5
קוללץ',F,Jewish,5
קולט,F,Muslim,5
ג'כלין,F,Christian-Arab,5
קונסטנטין,M,Christian-Arab,5
קונסואלו,F,Jewish,5
קונסואלה,F,Jewish,5
יחייא,M,Jewish,5
אמיתי,F,Jewish,5
אמיתה,F,Jewish,5
ריידא,F,Muslim,5
רייגה,F,Muslim,5
אמנה,F,Druze,5
למה,M,Jewish,5
ייווה,F,Jewish,5
ריינלדו,M,Jewish,5
ריין,M,Muslim,5
ריימונדה,F,Jewish,5
אמיץ,M,Jewish,5
אמינא,F,Muslim,5
אמילייה,F,Jewish,5
למעאן,F,Muslim,5
לנרט,M,Jewish,5
נבל,F,Muslim,5
לקיטו,F,Jewish,5
לקאצ'או,M,Jewish,5
אמיראן,M,Muslim,5
אמיר-חיים,M,Jewish,5
ריימא,F,Muslim,5
ריילין,F,Jewish,5
יטיש,F,Jewish,5
יטבארק,M,Jewish,5
ג'נאביב,F,Jewish,5
קודאמה,M,Muslim,5
קובאל,F,Muslim,5
ג'מי,M,Christian-Arab,5
ג'מאר,M,Muslim,5
ג'מאל,M,Jewish,5
קוזידה,F,Muslim,5
קוורק,M,Christian-Arab,5
קווקב,F,Muslim,5
קודש,M,Jewish,5
ריית',M,Muslim,5
אמיליאנה,F,Jewish,5
אמיליאן,F,Jewish,5
אמיליא,F,Christian-Arab,5
אמילי,M,Jewish,5
לעזיז,M,Jewish,5
ג'נוה,F,Christian-Arab,5
יזבל,F,Jewish,5
יזאב,F,Jewish,5
נשוואה,F,Muslim,5
נשווא,F,Muslim,5
נשאד,M,Muslim,5
ג'נדיה,F,Muslim,5
ג'נאן,M,Muslim,5
לרה,F,Druze,5
לקצ',F,Jewish,5
נביהא,F,Christian-Arab,5
ריכאן,M,Muslim,5
ג'מל,M,Jewish,5
יחיאל,M,Muslim,5
יחד,M,Jewish,5
ג'סיקה,F,Druze,5
ג'סון,F,Druze,5
קאתיא,F,Muslim,5
ג'נפיאף,F,Christian-Arab,5
קברטו,M,Jewish,5
קאתרינה,F,Christian-Arab,5
קאתרינא,F,Christian-Arab,5
קאתיה,F,Muslim,5
אמדה,F,Jewish,5
אמוני,F,Muslim,5
אמווייש,F,Jewish,5
אמוודאו,M,Jewish,5
רימאן,F,Christian-Arab,5
אמי,F,Druze,5
אמטבאל,F,Jewish,5
לעילא,F,Jewish,5
לריאן,M,Jewish,5
נבהן,M,Muslim,5
נבד,F,Muslim,5
אמאן,F,Christian-Arab,5
אמבאצ'ו,M,Jewish,5
אמבאצ'או,M,Jewish,5
אמבאיה,M,Jewish,5
אמאר,M,Druze,5
אמאסל,F,Muslim,5
אמגיד,M,Muslim,5
אמוואי,F,Jewish,5
אמוו,F,Jewish,5
אמואז,F,Muslim,5
יושוע,M,Jewish,5
יורק,M,Jewish,5
יזהר,F,Muslim,5
רינאל,F,Christian-Arab,5
אמאנש,F,Jewish,5
קארלו,M,Christian-Arab,5
קארלה,F,Muslim,5
קארלה,F,Jewish,5
קארלה,F,Druze,5
ג'קולין,F,Jewish,5
ג'קו,M,Jewish,5
ג'פרא,F,Muslim,5
ג'עפר,M,Christian-Arab,5
קארלא,F,Muslim,5
אמאנה,F,Christian-Arab,5
נביאה,F,Jewish,5
לשק,M,Jewish,5
לריס,F,Jewish,5
לריין,F,Muslim,5
ג'ריאס,M,Christian-Arab,5
ג'רי,M,Christian-Arab,5
ג'רט,M,Jewish,5
קארוליין,F,Jewish,5
גאדאללה,M,Druze,5
ג'רמין,F,Jewish,5
יורדנוס,M,Jewish,5
אמאוויש,F,Jewish,5
נבאהן,M,Muslim,5
נאתלי,F,Muslim,5
נאתלי,F,Christian-Arab,5
נאשיד,M,Muslim,5
מאדונה,F,Christian-Arab,5
מאגדולין,F,Muslim,5
אם-לי,F,Jewish,5
רינאן,F,Druze,5
אלתה,F,Jewish,5
אלשי,M,Jewish,5
יותם,M,Christian-Arab,5
גאהר,F,Muslim,5
גאדו,M,Muslim,5
קאסאייה,F,Jewish,5
קאמיליה,F,Muslim,5
מאהא,F,Druze,5
נארימין,F,Muslim,5
נאריז,F,Muslim,5
נארה,F,Druze,5
אלשדי,M,Jewish,5
אלשבע,F,Jewish,5
קארולין,F,Jewish,5
ג'קי-יעקב,M,Jewish,5
ג'קי,M,Christian-Arab,5
קאטיה,F,Druze,5
גאמילה,F,Muslim,5
סאבאח,F,Muslim,5
נתנאל-ישראל,M,Jewish,5
נתנאל-יוסף,M,Jewish,5
נתנאל-חיים,M,Jewish,5
יורי,F,Jewish,5
גאורג',M,Jewish,5
גאוין,M,Jewish,5
ריסטה,F,Jewish,5
אלרי,F,Jewish,5
אלרז,F,Jewish,5
אלרום,F,Jewish,5
אלרואי,F,Jewish,5
ריסאלה,F,Druze,5
רינת-רגינה,F,Jewish,5
גאפר,M,Muslim,5
סאבה,M,Jewish,5
קאדאר,F,Muslim,5
צרל,M,Jewish,5
צריל,F,Jewish,5
גאניית,F,Christian-Arab,5
ריף,M,Christian-Arab,5
אלקון,M,Jewish,5
אלקסי,F,Jewish,5
ריספה,F,Jewish,5
ריסן,F,Jewish,5
ריסל,F,Muslim,5
ריסיא,F,Jewish,5
גאזל,F,Christian-Arab,5
גאזיה,F,Druze,5
קאטיה,F,Muslim,5
גאסר,M,Christian-Arab,5
צקולה,F,Jewish,5
צפורה,F,Muslim,5
צפור,F,Jewish,5
צפונה,F,Jewish,5
צעריל,F,Jewish,5
מאור-משה,M,Jewish,5
נארג'ס,F,Muslim,5
נאצרה,F,Muslim,5
נאפיז,M,Muslim,5
אלפא,M,Jewish,5
ריפת,M,Jewish,5
סאג'דה,F,Druze,5
סאבלי,M,Jewish,5
גאנאת,F,Muslim,5
גאקי,M,Jewish,5
אלסייד,M,Muslim,5
רישארד,M,Christian-Arab,5
ריקיה,F,Muslim,5
יונתאן,M,Christian-Arab,5
יוסיאן,F,Jewish,5
יוסי-חי,M,Jewish,5
יוסטינה,F,Christian-Arab,5
סאגיד,M,Muslim,5
יוספטל,M,Jewish,5
אלעזרי,M,Jewish,5
אלעז,M,Muslim,5
אלעד-יוסף,M,Jewish,5
ריקאז,F,Muslim,5
ריצה,F,Jewish,5
ריצארד,M,Christian-Arab,5
אלפרדה,F,Jewish,5
גואד,M,Muslim,5
גהד,M,Muslim,5
גבורק,M,Jewish,5
גבראן,M,Christian-Arab,5
גביש,M,Jewish,5
גברייל,M,Jewish,5
גבריי,M,Jewish,5
גבריאלי,F,Jewish,5
גברוש,M,Jewish,5
גדאללה,M,Muslim,5
מאזי,F,Jewish,5
נאסף,M,Muslim,5
מאיא,F,Jewish,5
מאיה-מרים,F,Jewish,5
מאיה-מזל,F,Jewish,5
אלסירה,F,Jewish,5
יונוס,M,Muslim,5
יוסב,M,Jewish,5
יוסאם,M,Muslim,5
יונתן-משה,M,Jewish,5
ציטא,F,Jewish,5
ציון-חי,M,Jewish,5
אלמצהי,F,Jewish,5
אלמעתצם,M,Muslim,5
אלמנתצר,M,Muslim,5
אלמרו,M,Jewish,5
רית,M,Muslim,5
אלסבת,F,Jewish,5
אלס,F,Christian-Arab,5
אלנוי,F,Jewish,5
גדיי,M,Jewish,5
ציניה,F,Jewish,5
סאווסאן,F,Muslim,5
יוניק,F,Jewish,5
גוגה,M,Jewish,5
גובז,M,Jewish,5
גובה,M,Jewish,5
גודדו,M,Jewish,5
מאיה-לי,F,Jewish,5
מאידה,F,Druze,5
מאידה,F,Christian-Arab,5
נאנה,F,Muslim,5
נאנא,F,Christian-Arab,5
נאמה,F,Muslim,5
נאלין,F,Druze,5
מאיירה,F,Jewish,5
רלי-רחל,F,Jewish,5
רכל,F,Jewish,5
יולינה,F,Christian-Arab,5
יולין,M,Jewish,5
יוליי,M,Jewish,5
יוליה,F,Druze,5
סאיה,F,Jewish,5
סאיב,M,Druze,5
יומנא,F,Christian-Arab,5
רמאון,M,Jewish,5
אלמוגה,F,Jewish,5
אלמיר,M,Muslim,5
אלמיה,M,Jewish,5
אלמטה,M,Jewish,5
רליצה,F,Jewish,5
יונה,F,Druze,5
יונאס,M,Muslim,5
סאולה,F,Jewish,5
סאלאמה,M,Muslim,5
צהאיה,F,Jewish,5
צדק,F,Jewish,5
סאיף,M,Druze,5
גווהר,F,Muslim,5
גווהאר,F,Muslim,5
גוזלין,F,Jewish,5
רמו,F,Jewish,5
אללן,M,Jewish,5
אלליין,M,Jewish,5
אלמבנצ'י,F,Jewish,5
צופי,M,Jewish,5
גוורי,F,Muslim,5
יולדוז,F,Jewish,5
סאל,M,Muslim,5
גוד,F,Christian-Arab,5
אליצ'ה,F,Jewish,5
צדיק,M,Druze,5
גוליא,F,Druze,5
גולי,M,Jewish,5
צגייה,M,Jewish,5
גולמירה,F,Jewish,5
יוהכים,M,Jewish,5
אלכסי,F,Jewish,5
מאייס,F,Druze,5
מאיידה,F,Muslim,5
נאל,M,Christian-Arab,5
נאירוז,F,Christian-Arab,5
נאירה,F,Muslim,5
אלישמע,F,Jewish,5
יוזיק,M,Jewish,5
סאלאמלק,M,Jewish,5
יוהאנה,F,Jewish,5
סאלם,F,Jewish,5
סאליליש,F,Jewish,5
סאליח,M,Muslim,5
גולית,F,Druze,5
גולין,F,Druze,5
צביחה,F,Jewish,5
גולצ'כרה,F,Jewish,5
יודחה,F,Muslim,5
אליסבטה,F,Jewish,5
מאיסון,F,Druze,5
מאיראל,M,Jewish,5
מאיר-שלום,M,Jewish,5
מאיר-מישל,M,Jewish,5
אליען,M,Jewish,5
אליסיה,F,Muslim,5
מאיר-אור,M,Jewish,5
יוגן,M,Jewish,5
יוגי,M,Jewish,5
יוג'ן,M,Jewish,5
יובלי,M,Jewish,5
יובל-חנה,F,Jewish,5
גולסרה,F,Jewish,5
גולסורך,F,Jewish,5
צבטלינה,F,Jewish,5
מאיר,F,Jewish,5
מאיקה,F,Jewish,5
נאיל,F,Muslim,5
נאייה,F,Jewish,5
אלינעם,M,Jewish,5
רמיר,M,Jewish,5
יוהונתן,M,Jewish,5
גומה,M,Muslim,5
גולר,F,Jewish,5
צאלי,M,Jewish,5
צאברה,F,Muslim,5
יו,M,Jewish,5
יהשע,M,Jewish,5
יובל,M,Muslim,5
אלימאן,M,Muslim,5
אליכס,M,Christian-Arab,5
רנאד,F,Druze,5
רן-רחמים,M,Jewish,5
רמסיס,M,Muslim,5
רמל,M,Jewish,5
אלינועה,F,Jewish,5
מאיר-יאיר,M,Jewish,5
מאיר-דוד,M,Jewish,5
סאמר,F,Jewish,5
גוסוב,M,Muslim,5
צ'סלב,M,Jewish,5
צ'ינציה,F,Jewish,5
גופראן,M,Muslim,5
מאלאכ,F,Muslim,5
נאי,F,Jewish,5
נאטלה,F,Jewish,5
אלייט,F,Jewish,5
רנאה,F,Muslim,5
גונטר,M,Jewish,5
גונדרית,F,Jewish,5
גונדר,F,Jewish,5
יהושע-שוקי,M,Jewish,5
צארלי,M,Christian-Arab,5
צאפיה,F,Muslim,5
אליהו,M,Muslim,5
אליהו,M,Christian-Arab,5
יהודית,F,Muslim,5
סאנשיין,F,Jewish,5
סאני,M,Druze,5
יהועדן,F,Jewish,5
יהונתן-שלום,M,Jewish,5
יהוניס,M,Jewish,5
גועד,M,Muslim,5
אליזאבית,F,Christian-Arab,5
אליז,F,Christian-Arab,5
אליונור,F,Jewish,5
אליהועיני,M,Jewish,5
רנד,M,Christian-Arab,5
סאנאז,F,Jewish,5
סאן,M,Muslim,5
נאזק,F,Christian-Arab,5
אליאם,F,Jewish,5
אליאו,M,Jewish,5
גוסיין,M,Jewish,5
צ'ילוט,F,Jewish,5
צ'ד,M,Jewish,5
צ'אק,M,Jewish,5
גורגה,M,Jewish,5
גוראל,M,Jewish,5
גוצה,M,Jewish,5
פתר,M,Jewish,5
אליאה,F,Jewish,5
רניים,F,Muslim,5
אליג'ה,M,Jewish,5
אליביה,F,Jewish,5
אליהו-אלירן,M,Jewish,5
פרנציסקו,M,Jewish,5
גורגינה,F,Muslim,5
פשי,F,Jewish,5
גורי,F,Christian-Arab,5
פתנה,F,Christian-Arab,5
יהבי,M,Jewish,5
יהבי,F,Jewish,5
סאסו,F,Jewish,5
יהולה,M,Jewish,5
פתחיה,F,Druze,5
גורוב,F,Druze,5
גורגס,M,Jewish,5
מאמא,F,Jewish,5
מאלפיה,F,Jewish,5
מאליא,F,Jewish,5
מאלי,M,Jewish,5
גיא-גרשון,M,Jewish,5
גיא,M,Muslim,5
פרנאס,M,Christian-Arab,5
פרנסי,F,Jewish,5
פרני,F,Jewish,5
אלטי,F,Jewish,5
אלחן,F,Muslim,5
רנם,M,Muslim,5
רנלד,M,Jewish,5
רנית,F,Muslim,5
רנין,F,Jewish,5
ידין,M,Muslim,5
ידיל,M,Druze,5
סארה,M,Muslim,5
סאראי,F,Muslim,5
יהבית,F,Jewish,5
סבחא,F,Muslim,5
סבאש,F,Jewish,5
סבאח,M,Druze,5
ידידאל,M,Jewish,5
גידי,F,Jewish,5
נאזיק,F,Muslim,5
נאומי,F,Jewish,5
נאוזת,F,Muslim,5
אלחטאב,M,Muslim,5
אלחו,M,Jewish,5
אלחדי,M,Muslim,5
אלחארת',M,Muslim,5
אלזין,M,Muslim,5
סבא,M,Muslim,5
סבא,F,Christian-Arab,5
יהאב,M,Jewish,5
נאו,M,Jewish,5
פריץ,M,Jewish,5
פרינס,M,Jewish,5
פרין,F,Jewish,5
פרימן,M,Jewish,5
גיזל,F,Druze,5
גיזיל,F,Christian-Arab,5
גיורשום,M,Jewish,5
אלון-אליהו,M,Jewish,5
אלון-אברהם,M,Jewish,5
אלושה,M,Jewish,5
אלורה,F,Jewish,5
אלורה,F,Christian-Arab,5
יגוב,M,Muslim,5
יגאל,M,Muslim,5
יבסי,M,Jewish,5
מארי,M,Jewish,5
מאריז,F,Muslim,5
אלהה,F,Jewish,5
רעייה,F,Jewish,5
סביו,F,Jewish,5
יבלו,M,Jewish,5
יבחר,M,Jewish,5
פריזה,F,Christian-Arab,5
פריווא,F,Jewish,5
פרידריק,F,Jewish,5
פרידמן,M,Jewish,5
אלוויר,F,Jewish,5
מאנצ'י,F,Jewish,5
מאנס,M,Muslim,5
מאנויל,M,Christian-Arab,5
מאנבילו,F,Jewish,5
אלדין,M,Muslim,5
גיליירמו,M,Jewish,5
יאקוט,F,Jewish,5
יבגני,M,Muslim,5
גייד,F,Muslim,5
גיזרמו,M,Jewish,5
גיזלאן,F,Muslim,5
גיל,M,Muslim,5
גייסין,M,Jewish,5
גיים,M,Jewish,5
פרידא,F,Christian-Arab,5
פריג'ה,F,Muslim,5
גילאל,M,Muslim,5
מאסרשה,F,Jewish,5
מאסרשאו,M,Jewish,5
מאריא,F,Jewish,5
יאצק,M,Jewish,5
גישא,F,Jewish,5
פרזאנה,F,Jewish,5
פרי-אל,M,Jewish,5
פרחנאז,F,Jewish,5
גינאא,F,Muslim,5
גיסלאן,F,Jewish,5
גיסטמן,F,Jewish,5
פרחי,M,Muslim,5
אלביר,M,Jewish,5
אלגית,F,Jewish,5
אלגום,F,Jewish,5
אלגוג'ה,M,Jewish,5
אלברת,M,Christian-Arab,5
אלברט,F,Jewish,5
אלברוס,M,Jewish,5
גלי,M,Muslim,5
גלוריא,F,Christian-Arab,5
גל-חי,M,Jewish,5
גל-אל,M,Jewish,5
פרוק,M,Jewish,5
גלברט,M,Jewish,5
מאריאנה,F,Muslim,5
מאריאן,F,Jewish,5
נאדרין,F,Muslim,5
מאריסא,F,Christian-Arab,5
מארינא,F,Muslim,5
מארין,F,Christian-Arab,5
אלאסף,M,Jewish,5
יאנקו,M,Jewish,5
יאנק,M,Jewish,5
יאניטה,F,Jewish,5
גליה,F,Druze,5
פרדריקו,M,Jewish,5
פרדריך,F,Jewish,5
פרדס,M,Jewish,5
סג'ד,F,Muslim,5
סג'אר,M,Muslim,5
נאדה,F,Druze,5
אלאן,F,Jewish,5
אלאמראו,M,Jewish,5
אלאמר,M,Jewish,5
רפעת,F,Muslim,5
יאנג,M,Jewish,5
סבסטיין,M,Jewish,5
סבל,F,Muslim,5
יאסון,M,Jewish,5
גלאדס,F,Christian-Arab,5
גמאר,M,Muslim,5
פרג'ולה,M,Jewish,5
יאמזה,F,Jewish,5
גלנש,F,Jewish,5
גלן,F,Jewish,5
גליקה,F,Jewish,5
פרדו,M,Jewish,5
גמי,F,Jewish,5
רקה,F,Jewish,5
אל-רם,M,Jewish,5
אל-ים,F,Jewish,5
מארן,F,Jewish,5
מארלי,F,Christian-Arab,5
גלדס,F,Jewish,5
פרהם,M,Jewish,5
גלילה,F,Druze,5
יאיר,F,Jewish,5
גנאנאו,M,Jewish,5
גנאים,M,Muslim,5
גנאדיי,M,Jewish,5
גן-יה,F,Jewish,5
גנזב,F,Jewish,5
גנואה,F,Druze,5
פראנסיס,M,Christian-Arab,5
פראג'י,M,Jewish,5
סדיג,M,Muslim,5
איתן,M,Christian-Arab,5
נאגווה,F,Muslim,5
נאג'מה,F,Muslim,5
יאלמסרה,F,Jewish,5
יאכט,F,Jewish,5
סג'יע,M,Muslim,5
אישתו,M,Jewish,5
איששים,M,Jewish,5
רשדייה,F,Muslim,5
רשדי,M,Druze,5
איתם,M,Muslim,5
איתיו,M,Jewish,5
נאבילה,F,Muslim,5
איתי-שלום,M,Jewish,5
איתי-יוסף,M,Jewish,5
רשאן,F,Druze,5
איתן-יעקב,M,Jewish,5
סדאת,M,Muslim,5
סגי,M,Jewish,5
יאיר-יצחק,M,Jewish,5
יאיר-חיים,M,Jewish,5
יאיר-חי,M,Jewish,5
נא-אל,F,Jewish,5
מגדלין,F,Christian-Arab,5
אישה,F,Jewish,5
רשפיל,M,Jewish,5
גנטי,F,Jewish,5
פר,M,Jewish,5
פקרתה,F,Jewish,5
פקריה,F,Muslim,5
פצום,M,Jewish,5
גסאם,M,Muslim,5
גסאב,M,Muslim,5
גנת,F,Muslim,5
גננדי,F,Jewish,5
רשלי,F,Jewish,5
איתי-אל,M,Jewish,5
איתאר,M,Muslim,5
גסן,M,Jewish,5
פנלופ,F,Jewish,5
פנלה,F,Jewish,5
טרקאי,M,Jewish,5
יאהב,M,Jewish,5
יאדלאו,M,Jewish,5
יאגוטיל,M,Jewish,5
יאגוט,F,Jewish,5
יאב,M,Jewish,5
פסקו,M,Jewish,5
פסל,M,Muslim,5
מג,F,Jewish,5
מגאלי,F,Jewish,5
מגאד,M,Muslim,5
מג'ידה,F,Christian-Arab,5
נאאל,F,Jewish,5
טריסי,F,Jewish,5
סהיל,M,Christian-Arab,5
סדר,M,Muslim,5
סדקייה,F,Muslim,5
גראלד,M,Jewish,5
גפריי,M,Jewish,5
פנטביל,M,Jewish,5
גרהאם,M,Jewish,5
מתניאל,M,Jewish,5
אירווינג,M,Jewish,5
אירודה,F,Jewish,5
איריני,F,Christian-Arab,5
שאבי,M,Jewish,5
"ש""י",M,Jewish,5
רתיב,M,Druze,5
גפנה,F,Jewish,5
פנה,F,Jewish,5
פנדי,M,Muslim,5
פן,M,Jewish,5
פמי,F,Jewish,5
פלקס,M,Jewish,5
מגדלינה,F,Christian-Arab,5
מתן,M,Muslim,5
מתילה,F,Muslim,5
מדאיה,F,Jewish,5
אירד,M,Jewish,5
שאדיא,F,Druze,5
שאדיא,F,Christian-Arab,5
מגדאלין,F,Muslim,5
מגברו,M,Jewish,5
מגבל,M,Muslim,5
טרועינת,F,Jewish,5
מדחת,M,Christian-Arab,5
מדו,F,Jewish,5
מדה,F,Jewish,5
שאיימה,F,Muslim,5
איפא,F,Christian-Arab,5
שאוקת,M,Druze,5
איצחק,M,Muslim,5
איפתכאר,F,Muslim,5
איפתח'אר,F,Muslim,5
גרטל,F,Jewish,5
גרז'ינה,F,Jewish,5
פנטאי,M,Jewish,5
פנטאו,M,Jewish,5
פנטאה,F,Jewish,5
פנטאביל,M,Jewish,5
פנחס-פיני,M,Jewish,5
פלין,F,Jewish,5
פלייר,F,Jewish,5
פלורנץ,F,Jewish,5
גרצל,M,Jewish,5
פלסטין,M,Muslim,5
גריסל,F,Jewish,5
פלמירה,F,Jewish,5
פליק,M,Jewish,5
פליצ'יה,F,Jewish,5
פליפה,F,Jewish,5
טרויה,M,Jewish,5
טרואיינט,F,Jewish,5
מגנוס,M,Jewish,5
מגנאניה,F,Jewish,5
מגית,F,Jewish,5
מתושלח,M,Jewish,5
גרס,F,Christian-Arab,5
גת,M,Jewish,5
גשוו,M,Jewish,5
פלורן,M,Jewish,5
פלוריט,F,Jewish,5
דאהב,F,Muslim,5
שאמיל,M,Jewish,5
שאמבל,M,Jewish,5
שאם,M,Druze,5
איסעאף,F,Muslim,5
איסן,M,Jewish,5
איסמיהן,F,Muslim,5
שאלי,M,Jewish,5
שאילה,F,Jewish,5
סהם,F,Muslim,5
טריה,F,Jewish,5
טפץ',F,Jewish,5
סובחיה,F,Christian-Arab,5
סוב,M,Muslim,5
טראנא,F,Jewish,5
טראד,M,Druze,5
טרומד,F,Jewish,5
דאבלה,F,Druze,5
גתצ'או,M,Jewish,5
גתנת,M,Jewish,5
מתווי,M,Jewish,5
מתדל,F,Jewish,5
מתאב,M,Muslim,5
מתאב,F,Muslim,5
איסייה,F,Jewish,5
איסיה,F,Jewish,5
גרסים,M,Jewish,5
אינשירח,F,Muslim,5
איסאיס,M,Jewish,5
איסאייס,M,Jewish,5
פלורה,F,Druze,5
פלגה,F,Jewish,5
דאווד,M,Christian-Arab,5
דאיינה,F,Jewish,5
פלבי,F,Jewish,5
פלאית,F,Jewish,5
איסא,M,Muslim,5
איסטט,F,Jewish,5
איסטחר,M,Jewish,5
איסחק,M,Muslim,5
שאנטי,F,Jewish,5
מדבר,F,Jewish,5
מדין,M,Druze,5
פכרת,F,Muslim,5
פכר,M,Muslim,5
פירסאן,M,Muslim,5
פירלה,F,Muslim,5
פירלא,F,Christian-Arab,5
דאניל,M,Christian-Arab,5
טניוס,M,Christian-Arab,5
שאשטו,F,Jewish,5
מהאד,M,Muslim,5
מהאד,F,Muslim,5
משלין,F,Jewish,5
משלין,F,Druze,5
משלה,M,Jewish,5
משכן,M,Jewish,5
משית,F,Jewish,5
משיל,M,Christian-Arab,5
טנז,F,Jewish,5
סוהייר,F,Druze,5
סוהיים,M,Muslim,5
דבורה,F,Christian-Arab,5
דבור,M,Jewish,5
פיקדה,M,Jewish,5
סוהל,F,Muslim,5
משוש,M,Jewish,5
מהד,F,Muslim,5
שבו,F,Jewish,5
שאתילה,F,Muslim,5
טעמה,M,Muslim,5
טספיי,M,Jewish,5
דארין,F,Jewish,5
דאריוש,M,Jewish,5
פל,M,Jewish,5
שבקט,M,Jewish,5
אינדלמאו,M,Jewish,5
סוהים,M,Muslim,5
טמונה,F,Jewish,5
טלעאת,M,Druze,5
דבריתו,F,Jewish,5
פיניקס,M,Jewish,5
פיני-פנחס,M,Jewish,5
מהיוב,M,Christian-Arab,5
מרתינה,F,Christian-Arab,5
מרתינא,F,Christian-Arab,5
אינטה,F,Jewish,5
אינז'י,F,Jewish,5
אינורה,F,Jewish,5
אינור,F,Jewish,5
אינוו,M,Jewish,5
מואטז,M,Muslim,5
פילקס,M,Jewish,5
טל-נפתלי,M,Jewish,5
טל-משה,M,Jewish,5
סוולי,M,Jewish,5
סוהלה,F,Jewish,5
טליק,M,Jewish,5
פינו,M,Jewish,5
פינאר,F,Muslim,5
דגמוויט,F,Jewish,5
דגיטנו,F,Jewish,5
דגי,M,Jewish,5
מרתא,F,Muslim,5
אינבל,F,Jewish,5
אינאת,F,Muslim,5
שבתאי-שבי,M,Jewish,5
אימיליא,F,Muslim,5
אימילי,F,Jewish,5
אימילי,F,Christian-Arab,5
דובלה,M,Jewish,5
דוביק,M,Jewish,5
דובי,F,Jewish,5
פייבן,F,Jewish,5
אימיל,M,Druze,5
אימיל,M,Christian-Arab,5
שהאב,M,Jewish,5
אימרן,M,Muslim,5
אימרם,M,Jewish,5
אימרי,M,Muslim,5
שגאנש,F,Jewish,5
שגאיה,F,Jewish,5
אינגודאיי,F,Jewish,5
מוהיבה,F,Christian-Arab,5
אימה,M,Jewish,5
אימבר,M,Jewish,5
טירהס,F,Jewish,5
סוילה,F,Jewish,5
סויטה,F,Jewish,5
סויה,F,Jewish,5
סוחר,M,Jewish,5
דוד-דב,M,Jewish,5
דוד-אריה,M,Jewish,5
דוגן,M,Jewish,5
מואיסס,M,Jewish,5
מובארכ,M,Christian-Arab,5
מרק,F,Jewish,5
מודללה,F,Muslim,5
אימלדה,F,Jewish,5
דווית,M,Jewish,5
דוויס,M,Jewish,5
דווין,M,Jewish,5
דוג'אנה,F,Muslim,5
דובר,M,Jewish,5
פיטיגו,M,Jewish,5
פיטאם,F,Muslim,5
דודאל,M,Jewish,5
דוד-שמעון,M,Jewish,5
דוד-יהודה,M,Jewish,5
פיולית,F,Christian-Arab,5
פיוט,F,Jewish,5
פיו,M,Christian-Arab,5
מודאר,M,Muslim,5
מרפד,F,Muslim,5
מרעי,M,Christian-Arab,5
דולסה,F,Jewish,5
דולי,F,Muslim,5
דויס,M,Jewish,5
דויא,M,Muslim,5
טיירה,F,Jewish,5
טייק,F,Jewish,5
מרסייל,F,Jewish,5
מוזיה,F,Muslim,5
מוזגן,F,Jewish,5
מוזגאן,F,Jewish,5
אימאן,F,Jewish,5
שהינדה,F,Muslim,5
טיף,F,Muslim,5
טימור,M,Muslim,5
פידל,M,Muslim,5
פיגא,F,Muslim,5
דומיטרו,M,Jewish,5
פטיה,F,Jewish,5
פטיגה,F,Jewish,5
פטחיה,F,Muslim,5
דוניאל,M,Jewish,5
טיילר,F,Jewish,5
שהריאר,M,Muslim,5
שהריאן,F,Muslim,5
אילר,M,Jewish,5
אילעיי,M,Jewish,5
אילנית,F,Druze,5
שהראזאד,F,Muslim,5
מוואהב,F,Muslim,5
טייצ'ו,M,Jewish,5
טיימה,F,Muslim,5
טימא,F,Muslim,5
איליאן,F,Druze,5
שוהם,M,Christian-Arab,5
איליי,M,Druze,5
איליי,M,Christian-Arab,5
טייה,F,Muslim,5
טיי,M,Jewish,5
סוליימאן,M,Muslim,5
דוני,F,Jewish,5
דונטה,F,Jewish,5
דונט,M,Jewish,5
מוחאמד,M,Muslim,5
מוזיין,M,Muslim,5
אילייה,F,Muslim,5
אילייה,F,Jewish,5
אילמה,F,Jewish,5
פטנו,F,Jewish,5
מוטה,M,Jewish,5
מוטבינור,M,Jewish,5
טיזזאו,F,Jewish,5
טיגסת,F,Jewish,5
סולמן,M,Jewish,5
דוניאנה,F,Muslim,5
דוראן,M,Jewish,5
דור-רפאל,M,Jewish,5
דור-אברהם,M,Jewish,5
פזיל,M,Jewish,5
פותיני,F,Christian-Arab,5
מוחתאר,M,Muslim,5
מרן,M,Jewish,5
מרמר,F,Muslim,5
מרליס,F,Jewish,5
מויסר,F,Christian-Arab,5
טזתה,F,Jewish,5
טזנו,F,Jewish,5
סומייא,F,Muslim,5
סומאנה,F,Muslim,5
סומאייה,F,Muslim,5
סולף,F,Druze,5
טיגאב,M,Jewish,5
טיארה,F,Jewish,5
שוליקה,F,Jewish,5
שולא,F,Jewish,5
אילאנא,F,Christian-Arab,5
אילאו,M,Jewish,5
איכמאל,F,Druze,5
אילהי,F,Jewish,5
אילחה,F,Jewish,5
אילונה,F,Muslim,5
טזטה,F,Jewish,5
טזאלו,F,Jewish,5
סונא,F,Christian-Arab,5
פוליאנא,F,Christian-Arab,5
דז'וליטה,F,Jewish,5
טונזלה,F,Jewish,5
מויד,M,Muslim,5
מרליין,F,Jewish,5
מולא,M,Druze,5
מוכרם,M,Christian-Arab,5
איירן,F,Jewish,5
איירינה,F,Jewish,5
דוריד,M,Christian-Arab,5
דוריאן,M,Muslim,5
דורינה,F,Druze,5
טחמינה,F,Jewish,5
דז'מיליה,F,Jewish,5
דיאה,F,Jewish,5
דיאא,M,Christian-Arab,5
דיבה,F,Christian-Arab,5
טומי,M,Druze,5
מריסה,F,Christian-Arab,5
מריס,M,Jewish,5
איינה,M,Jewish,5
שומרית,F,Jewish,5
טומר,M,Jewish,5
טורינה,F,Jewish,5
טוקה,F,Muslim,5
סוניה,M,Jewish,5
פוטנה,F,Muslim,5
פוטין,F,Christian-Arab,5
פוזייה,F,Druze,5
איילנך,M,Jewish,5
איינאס,F,Muslim,5
מולוייה,F,Jewish,5
טולצא,F,Jewish,5
סוסלן,M,Jewish,5
סוסיא,F,Jewish,5
סוסי,F,Christian-Arab,5
טוסיה,F,Jewish,5
דיווי,M,Jewish,5
דיואן,F,Jewish,5
מולוגוג'ם,F,Jewish,5
מולוגביה,F,Jewish,5
מרינו,M,Jewish,5
מרינה,F,Druze,5
מולהאם,M,Muslim,5
מרישה,F,Jewish,5
פהדי,F,Muslim,5
דייאר,M,Muslim,5
דייאר,F,Muslim,5
דייאן,M,Druze,5
דיורה,F,Jewish,5
פדרו,M,Christian-Arab,5
דיימון,M,Jewish,5
מרים-מירה,F,Jewish,5
מרים-מירב,F,Jewish,5
מרים-חנה,F,Jewish,5
מרים,M,Muslim,5
איילון,F,Jewish,5
שורה,M,Jewish,5
שוקרי,M,Jewish,5
שוקראללה,M,Christian-Arab,5
איילקבט,M,Jewish,5
טוטו,F,Jewish,5
פדול,M,Muslim,5
פדול,M,Christian-Arab,5
טוג'אן,F,Muslim,5
סופה,F,Muslim,5
דילמטה,M,Jewish,5
דילטה,F,Jewish,5
פדיה,F,Jewish,5
אייוב,M,Muslim,5
איידן,F,Druze,5
שושיה,F,Jewish,5
אייל,F,Muslim,5
מרים-מירית,F,Jewish,5
מולש,F,Jewish,5
מוללי,F,Jewish,5
דידה,M,Jewish,5
דילן,M,Muslim,5
פדה,F,Christian-Arab,5
פדאה,F,Muslim,5
דינה-דנה,F,Jewish,5
דימור,M,Jewish,5
דיעאא,F,Muslim,5
מונא,M,Muslim,5
אייגול,F,Jewish,5
אייבט,F,Jewish,5
אייבור,M,Jewish,5
שחדי,M,Muslim,5
שזא,F,Druze,5
פדיא,F,Muslim,5
טהייה,F,Jewish,5
סופיין,M,Muslim,5
טוטי,F,Jewish,5
טהיר,M,Jewish,5
פאש,M,Muslim,5
דיעא,F,Muslim,5
דינת,F,Jewish,5
דינקיה,F,Jewish,5
דלא,F,Muslim,5
דל,M,Jewish,5
פביאולה,F,Jewish,5
דלידה,F,Jewish,5
סורה,F,Muslim,5
מונדור,M,Muslim,5
מריוש,M,Jewish,5
מריולה,F,Jewish,5
איטנש,F,Jewish,5
איטולין,M,Jewish,5
שחר-יוסף,M,Jewish,5
סוריא,F,Jewish,5
דמאס,M,Jewish,5
דלר,M,Jewish,5
דמסה,M,Jewish,5
דמילה,F,Jewish,5
דמיין,M,Jewish,5
מונן,F,Jewish,5
מוניש,M,Jewish,5
שי-אברהם,M,Jewish,5
שטרנע,F,Jewish,5
שטערנא-שרה,F,Jewish,5
שחרם,M,Jewish,5
איח'אלס,F,Muslim,5
אייאב,M,Muslim,5
מונה,F,Muslim,5
סוקרט,M,Druze,5
סורינה,F,Muslim,5
סוריל,M,Jewish,5
טגריד,F,Muslim,5
טגסטו,M,Jewish,5
פאריד,M,Jewish,5
דנאי,M,Jewish,5
דנאו,M,Jewish,5
דן-דניאל,M,Jewish,5
דן-דוד,M,Jewish,5
מונקז,M,Muslim,5
איזיל,M,Jewish,5
איזיו,M,Jewish,5
שי-שבתאי,M,Jewish,5
מונטאסר,M,Muslim,5
מונז'ר,M,Muslim,5
מוניף,M,Christian-Arab,5
דנקיטו,F,Jewish,5
פאטין,F,Muslim,5
סטון,M,Jewish,5
דניז,F,Muslim,5
דניאר,M,Jewish,5
דניאל-שלום,M,Jewish,5
פאיידה,F,Muslim,5
דנינט,M,Jewish,5
טבעונה,F,Jewish,5
איוונקה,F,Jewish,5
שידה,F,Jewish,5
שיבון,F,Jewish,5
איזבאל,F,Jewish,5
איזאר,F,Muslim,5
שיאם,F,Muslim,5
סורל,F,Jewish,5
סטאר,M,Jewish,5
סטאפני,F,Jewish,5
סטאסי,F,Jewish,5
סטאניסלאב,M,Jewish,5
טבת,M,Jewish,5
דסלאן,M,Jewish,5
דסטאי,F,Jewish,5
שיוה,F,Jewish,5
מוסט,M,Muslim,5
מונתצאר,M,Muslim,5
מונתסר,M,Druze,5
מרי,M,Jewish,5
מרטנש,F,Jewish,5
איון,M,Christian-Arab,5
סחלום,M,Jewish,5
סחאר,F,Druze,5
דרומית,F,Jewish,5
דרוין,M,Jewish,5
דרהקאן,F,Muslim,5
דעא,F,Druze,5
דספינה,F,Christian-Arab,5
דפאלה,M,Muslim,5
פאוזיה,F,Jewish,5
פאוול,M,Jewish,5
סטיה,M,Jewish,5
טביקאו,M,Jewish,5
טביה,M,Jewish,5
מועדא,M,Druze,5
מרט,F,Jewish,5
מועטסאם,M,Muslim,5
איוונה,F,Druze,5
איוון,F,Muslim,5
דריאנה,F,Jewish,5
דריאן,F,Jewish,5
דריאל,F,Jewish,5
פאגר,M,Muslim,5
פאאקה,F,Muslim,5
טאקלו,M,Jewish,5
שילגית,F,Jewish,5
איוא,F,Muslim,5
איוואנה,F,Druze,5
שיימאה,F,Muslim,5
שיילי,M,Jewish,5
שייח,M,Muslim,5
טארקיין,M,Jewish,5
סטיבן,F,Jewish,5
סטיבאן,M,Jewish,5
דרור-חיים,M,Jewish,5
אידיליה,F,Jewish,5
אידוב,M,Jewish,5
דרקו,M,Jewish,5
דרסין,M,Jewish,5
עשורה,F,Jewish,5
טאלה,F,Druze,5
שימוך,F,Muslim,5
שימא,M,Jewish,5
מרות,F,Druze,5
מוקטו,M,Jewish,5
איהאד,M,Muslim,5
טאקטו,F,Jewish,5
טאנה,F,Jewish,5
סטיפאנוס,M,Christian-Arab,5
סטיסי,F,Jewish,5
סטייסי,M,Jewish,5
סטפנוס,M,Christian-Arab,5
טאמנה,M,Jewish,5
ערן-אהרון,M,Jewish,5
טאלאל,M,Muslim,5
סטני,M,Jewish,5
האדיא,F,Muslim,5
האדיא,F,Jewish,5
האגוף,M,Christian-Arab,5
עשהאל,F,Jewish,5
מרואת,F,Christian-Arab,5
מוראט,M,Jewish,5
מוראל,F,Muslim,5
מוראיה,F,Jewish,5
אידליה,F,Jewish,5
אידלה,F,Jewish,5
אידיס,F,Jewish,5
מורום,F,Jewish,5
מורוטו,F,Jewish,5
איבראהים,M,Muslim,5
איבנה,F,Muslim,5
איבלא,F,Druze,5
שיפרא,F,Jewish,5
שיסל,F,Jewish,5
איבתהאג',F,Christian-Arab,5
איבתהאג,F,Druze,5
איברו,F,Muslim,5
שימרת,F,Jewish,5
שימי,M,Muslim,5
שימטו,M,Jewish,5
סיאה,F,Jewish,5
סיאדה,F,Muslim,5
סטריה,F,Jewish,5
הבטאמנש,F,Jewish,5
הארלי,M,Jewish,5
האריס,M,Jewish,5
עראד,M,Muslim,5
האנדה,F,Muslim,5
האנד,F,Muslim,5
האל,M,Jewish,5
האילה,F,Muslim,5
ערובה,F,Druze,5
ערובא,F,Muslim,5
האנייה,F,Muslim,5
מרהג',M,Muslim,5
מרדכי-מור,M,Jewish,5
מרדכי,F,Jewish,5
מורטדא,M,Muslim,5
מורז,M,Jewish,5
הדאי,F,Druze,5
הדאא,F,Druze,5
עצמאות,F,Jewish,5
עפת,F,Druze,5
טאיאצ'או,M,Jewish,5
טאזאש,F,Jewish,5
סיאן,F,Druze,5
שיראלי,F,Jewish,5
איאן,F,Jewish,5
שיר-שרה,F,Jewish,5
שיפרית,F,Jewish,5
מורגנה,F,Muslim,5
מרהף,M,Muslim,5
טאירה,F,Jewish,5
טאיל,M,Muslim,5
סיאון,M,Jewish,5
הדבי,F,Muslim,5
הדאיה,M,Muslim,5
הדיר,M,Muslim,5
הדיוה,M,Muslim,5
עפרא,F,Muslim,5
עפיפי,F,Muslim,5
מורוג',F,Muslim,5
מרגרית,F,Muslim,5
מרגריטה,F,Christian-Arab,5
מרגרידה,F,Jewish,5
מוריי,M,Jewish,5
איאו,M,Jewish,5
שירה,F,Druze,5
הבטמה,F,Jewish,5
עקביא,M,Jewish,5
הדאי,F,Muslim,5
אטלין,F,Jewish,5
אטיר,M,Muslim,5
אטינה,F,Jewish,5
עפיה,F,Jewish,5
הדראל,M,Jewish,5
הדראל,F,Jewish,5
עפאן,M,Muslim,5
חתאב,M,Muslim,5
מורלי,M,Jewish,5
מרגית,F,Jewish,5
אטיליו,M,Jewish,5
אטקליט,F,Jewish,5
אטף,F,Muslim,5
אטנאט,F,Jewish,5
שירי,F,Christian-Arab,5
סיארה,F,Jewish,5
מראם,M,Christian-Arab,5
מזאן,F,Muslim,5
מזאלה,F,Jewish,5
אטאללה,M,Jewish,5
חריס,M,Muslim,5
עסאלה,F,Muslim,5
ענת,F,Christian-Arab,5
הודיה-רחל,F,Jewish,5
הודיה-חיה,F,Jewish,5
שירתאל,F,Jewish,5
שירציון,F,Jewish,5
אטייה,F,Jewish,5
אטואר,F,Muslim,5
אטדל,F,Jewish,5
שירי-לי,F,Jewish,5
אטלקה,F,Jewish,5
הולו,F,Jewish,5
הויידה,F,Christian-Arab,5
הויה,F,Jewish,5
הודי,M,Jewish,5
חפני,M,Jewish,5
חפיזה,F,Christian-Arab,5
חסקל,M,Jewish,5
סידל,F,Muslim,5
סידל,F,Jewish,5
סידי,M,Muslim,5
סידי,M,Jewish,5
סידה,F,Muslim,5
חריב,M,Muslim,5
חרב,M,Christian-Arab,5
הודא,M,Muslim,5
מראן,M,Muslim,5
ענבל-רחל,F,Jewish,5
ענאק,F,Muslim,5
חסינטה,F,Jewish,5
חסיבו,F,Jewish,5
חסיבה,F,Christian-Arab,5
חסניין,M,Muslim,5
אחישלום,M,Jewish,5
אחמט,M,Muslim,5
אחמד,M,Christian-Arab,5
שלבי,M,Jewish,5
שלב,F,Jewish,5
אטדה,F,Jewish,5
הווט,F,Jewish,5
הוואידה,F,Muslim,5
עניתה,F,Jewish,5
הוליה,F,Jewish,5
חסון,F,Muslim,5
חסדא,M,Jewish,5
חסאן,M,Christian-Arab,5
עמרי-משה,M,Jewish,5
הושיע,M,Jewish,5
היאוט,F,Jewish,5
מותאנא,M,Muslim,5
מראו,M,Jewish,5
מזיאר,M,Jewish,5
שלויה,F,Jewish,5
שלוו,M,Jewish,5
שלוו,F,Jewish,5
שלהבית,F,Jewish,5
ענבריה,F,Druze,5
הון,M,Jewish,5
ענבלי,F,Jewish,5
עמישר,M,Jewish,5
עמירה,M,Muslim,5
עמראן,M,Christian-Arab,5
היג'אר,F,Muslim,5
עמיתה,F,Jewish,5
סייג',F,Jewish,5
סיטרה,F,Jewish,5
סיטל,F,Jewish,5
שלומי-שלמה,M,Jewish,5
שלומון,M,Jewish,5
אזריה,M,Jewish,5
אזניה,F,Jewish,5
חנסאא,F,Muslim,5
חנן,M,Muslim,5
סיוואר,F,Christian-Arab,5
סיואר,F,Muslim,5
מקטאו,M,Jewish,5
אזיל,M,Muslim,5
אזזו,M,Jewish,5
שלין,F,Jewish,5
אזני,F,Jewish,5
אזנגו,F,Jewish,5
מזלות,F,Jewish,5
מזל,F,Druze,5
מזין,M,Muslim,5
מזן,M,Muslim,5
אזלץ',F,Jewish,5
אזלדין,M,Muslim,5
שלומצא,F,Jewish,5
חנציא,F,Jewish,5
חנצי,F,Jewish,5
היוון,F,Druze,5
הילאל,M,Jewish,5
הילאיי,F,Jewish,5
חנן,F,Christian-Arab,5
חניניה,M,Jewish,5
חנינה,F,Muslim,5
חנינה,F,Christian-Arab,5
סיילא,F,Muslim,5
סייל,F,Jewish,5
סייל,F,Druze,5
סייה,F,Jewish,5
עמיר,M,Christian-Arab,5
עמיר,F,Jewish,5
עמידרור,M,Jewish,5
מחיר,M,Jewish,5
מחה,F,Jewish,5
מקליט,F,Jewish,5
חניטה,F,Jewish,5
חני,F,Christian-Arab,5
חנומה,F,Jewish,5
סיירת,F,Muslim,5
הילו,M,Jewish,5
עלמת,F,Muslim,5
עלמקן,F,Jewish,5
הימן,M,Jewish,5
שמואל,F,Jewish,5
אזדיהאר,F,Druze,5
אזדה,F,Jewish,5
אזדאהר,F,Muslim,5
שמאא,F,Muslim,5
שלמור,F,Jewish,5
מחלד,M,Muslim,5
הילדה,F,Druze,5
הלאא,F,Druze,5
חנאיא,F,Muslim,5
חנהלה,F,Jewish,5
חנה-יהודית,F,Jewish,5
סילאס,M,Christian-Arab,5
הינדי,M,Druze,5
הינאדי,F,Muslim,5
מחמוד,M,Christian-Arab,5
מקואנט,M,Jewish,5
מקדאס,F,Jewish,5
אותרי,M,Jewish,5
אותמן,M,Muslim,5
שמואל-סמי,M,Jewish,5
שמואל-חי,M,Jewish,5
שמואל-דוד,M,Jewish,5
חנים,F,Jewish,5
הלדה,F,Christian-Arab,5
עליי,M,Muslim,5
עליזה-אליס,F,Jewish,5
חמידה,M,Muslim,5
חמזאה,M,Muslim,5
אושיה,F,Jewish,5
אורשולה,F,Jewish,5
שמחת,F,Jewish,5
אותמאן,M,Muslim,5
אושרי-אשר,M,Jewish,5
אושר,M,Druze,5
אושעיא,M,Jewish,5
מחמיד,M,Muslim,5
עלמנאט,F,Jewish,5
עלמיא,F,Jewish,5
היפאא,F,Druze,5
הנטשי,F,Jewish,5
חליל,M,Christian-Arab,5
חליד,F,Muslim,5
חלקיהו,M,Jewish,5
סילון,M,Jewish,5
סילויו,M,Jewish,5
סילוון,M,Jewish,5
עלזה,F,Jewish,5
המסאת,F,Muslim,5
סילנה,F,Jewish,5
סילנא,F,Muslim,5
שמעון-משה,M,Jewish,5
שמעון-מאיר,M,Jewish,5
שמעון-חי,M,Jewish,5
אורסלה,F,Jewish,5
אורסלה,F,Christian-Arab,5
סילקה,F,Jewish,5
הנדריק,M,Jewish,5
הנני,M,Jewish,5
הנלי,F,Jewish,5
הנייה,F,Jewish,5
הנידי,M,Druze,5
מחסן,M,Druze,5
מטדל,M,Jewish,5
מטאלם,M,Jewish,5
אורן-דוד,M,Jewish,5
אורלינה,F,Jewish,5
חמז'ה,M,Muslim,5
חמיידי,M,Muslim,5
הנגמה,F,Jewish,5
הנאם,F,Muslim,5
הנטשע,F,Jewish,5
עיתי,M,Jewish,5
העניך,M,Jewish,5
הסי,F,Jewish,5
עישא,F,Muslim,5
עיש,M,Jewish,5
הרגואה,F,Jewish,5
חלוה,F,Jewish,5
חלוד,F,Christian-Arab,5
אורין,F,Muslim,5
מטין,M,Muslim,5
מערוף,M,Christian-Arab,5
שמריאל,M,Jewish,5
שמר,F,Jewish,5
אורית-חנה,F,Jewish,5
אורית,F,Muslim,5
חלמי,M,Druze,5
הפטמו,M,Jewish,5
עיפאת,F,Muslim,5
עיפאף,F,Druze,5
הרייטה,F,Jewish,5
הריט,F,Jewish,5
הריאטה,F,Jewish,5
חכאם,F,Druze,5
חלאה,F,Muslim,5
אורי-מאיר,M,Jewish,5
מטס,M,Jewish,5
מטלה,F,Jewish,5
מעייני,F,Jewish,5
אורי-יצחק,M,Jewish,5
שנהאל,F,Jewish,5
שנאן,F,Jewish,5
עיתמאן,M,Muslim,5
מיאמן,M,Muslim,5
אורג'וואן,F,Muslim,5
אורה,M,Jewish,5
סימיין,M,Jewish,5
סימיין,F,Jewish,5
הרמין,F,Jewish,5
הרלי,F,Jewish,5
עינן,F,Jewish,5
אורדן,F,Jewish,5
שעיה,F,Jewish,5
שעאע,F,Muslim,5
אורי-יוסף,M,Jewish,5
שנטל,F,Christian-Arab,5
אורי-שמואל,M,Jewish,5
אורי-מרדכי,M,Jewish,5
סימון,F,Christian-Arab,5
שפדיה,M,Jewish,5
אורד,M,Jewish,5
אורגואנה,F,Muslim,5
מיאד,M,Druze,5
סינאי,F,Jewish,5
חכים,M,Christian-Arab,5
חכאם,M,Druze,5
ואגיף,M,Jewish,5
ואגד,M,Muslim,5
עינאת,F,Druze,5
עינאן,M,Muslim,5
מיאד,F,Muslim,5
מיא,F,Christian-Arab,5
מעז,M,Muslim,5
מעוזיה,M,Jewish,5
מיאן,F,Christian-Arab,5
חיתאם,F,Christian-Arab,5
חיריה,F,Jewish,5
חיקה,F,Jewish,5
חיקאיה,F,Muslim,5
ואהל,M,Muslim,5
ואדאד,F,Muslim,5
עינא,F,Druze,5
עין-בר,F,Jewish,5
עימיאל,M,Jewish,5
עימבר,F,Jewish,5
אוראל,M,Muslim,5
אוראל,F,Muslim,5
אוראל,F,Christian-Arab,5
אור-שלמה,M,Jewish,5
אור-שלום,M,Jewish,5
שפיע,M,Druze,5
עימאן,M,Muslim,5
ואלנטין,M,Jewish,5
ואל,M,Jewish,5
ואל,F,Jewish,5
ואסל,F,Muslim,5
ואסים,M,Muslim,5
ואסילי,M,Jewish,5
מיאלי,F,Jewish,5
מיאל,M,Druze,5
מעגן,M,Jewish,5
מידיין,M,Muslim,5
שפרה,F,Muslim,5
שפית,F,Jewish,5
אוראם,F,Jewish,5
חימנות,F,Jewish,5
סינאר,F,Muslim,5
וגה,M,Jewish,5
וגדאן,M,Druze,5
חייקל,M,Jewish,5
סיניה,F,Muslim,5
סינטייהו,F,Jewish,5
סינטו,M,Jewish,5
סינטאיו,M,Jewish,5
חיסין,M,Muslim,5
וג'ד,F,Druze,5
ואתין,F,Druze,5
ואפיק,M,Muslim,5
אור-חן,M,Jewish,5
שקיר,M,Muslim,5
שפרינצי,F,Jewish,5
אור-עד,M,Jewish,5
אור-נתן,M,Jewish,5
סיסיליה,F,Muslim,5
והאל,M,Muslim,5
עידו-אברהם,M,Jewish,5
ודיעה,F,Druze,5
עידן,M,Muslim,5
עידי,F,Muslim,5
שרה-שרי,F,Jewish,5
אוסנט,F,Jewish,5
שראהן,F,Muslim,5
עייסא,M,Muslim,5
עייני,F,Jewish,5
עיילה,F,Jewish,5
עיידן,M,Jewish,5
עיטם,F,Jewish,5
עיזיה,F,Muslim,5
עיזו,M,Muslim,5
עידאא,F,Muslim,5
וואזנה,F,Muslim,5
וואגאנש,F,Jewish,5
וואבי,M,Jewish,5
והיבה,F,Christian-Arab,5
עיאד,F,Muslim,5
עטר,F,Muslim,5
מיגל,M,Christian-Arab,5
מסרה,F,Druze,5
מסק,M,Muslim,5
מיחי,M,Jewish,5
אוסול,M,Muslim,5
עידו-חיים,M,Jewish,5
חיים-חן,M,Jewish,5
חיים-דוד,M,Jewish,5
סיסר,M,Jewish,5
אומימא,F,Druze,5
אונור,M,Muslim,5
אונור,M,Jewish,5
חייטי,M,Jewish,5
סיראז,F,Muslim,5
סיראא,F,Druze,5
חיים-משה,M,Jewish,5
עטמאן,M,Muslim,5
עטיה,F,Muslim,5
שרי-שרה,F,Jewish,5
שרי,F,Druze,5
אוסאל,F,Muslim,5
אונסי,M,Druze,5
אוניל,M,Muslim,5
שרונה,F,Muslim,5
שרון-שמעון,M,Jewish,5
אומניא,F,Muslim,5
אומן,M,Muslim,5
אומכלתום,F,Muslim,5
חיהלה,F,Jewish,5
חיה-מושקה,F,Jewish,5
סירו,M,Jewish,5
סירג,F,Muslim,5
סיראן,F,Druze,5
ווארד,M,Druze,5
מיטין,F,Jewish,5
מיטביה,F,Jewish,5
מיטבאל,F,Jewish,5
מיחרז,M,Druze,5
מסעאב,M,Muslim,5
מסנבט,M,Jewish,5
מסנבט,F,Jewish,5
אולכסנדרה,F,Jewish,5
שריקה,F,Jewish,5
עטוא,M,Muslim,5
עטאר,M,Muslim,5
עטאאללה,M,Muslim,5
ווגד,F,Muslim,5
ווג'ד,F,Muslim,5
עזת,M,Druze,5
סיתוונית,F,Jewish,5
שריפי,F,Muslim,5
שרים,M,Muslim,5
שרילין,F,Jewish,5
אומיא,F,Muslim,5
אום,M,Jewish,5
שרייף,M,Muslim,5
שריג,F,Jewish,5
סל,M,Jewish,5
סכר,M,Druze,5
ווהל,M,Muslim,5
סירפה,F,Jewish,5
סירנוש,F,Jewish,5
סירלה,F,Jewish,5
סירינה,F,Christian-Arab,5
סיריל,F,Jewish,5
סיריין,F,Muslim,5
וודחא,F,Muslim,5
וודג'ה,M,Jewish,5
עזרא-עוז,M,Jewish,5
ווטאן,M,Muslim,5
מייאסין,F,Muslim,5
מסטוול,M,Jewish,5
אולקר,F,Jewish,5
וויטא,F,Jewish,5
עותמאן,M,Muslim,5
וויקי,F,Jewish,5
וודיי,F,Jewish,5
עזיזי,F,Muslim,5
עזיה,F,Druze,5
וויויאן,F,Muslim,5
ווטת,F,Jewish,5
מיינה,F,Jewish,5
אוליאן,M,Jewish,5
אולגה-רחל,F,Jewish,5
אולך,M,Jewish,5
אולין,F,Druze,5
אוליויה,F,Jewish,5
ווחיד,M,Druze,5
חטיה,F,Jewish,5
וונדי,M,Jewish,5
וונאו,M,Jewish,5
חור,M,Muslim,5
חותם,F,Muslim,5
וויצמן,M,Jewish,5
ווללין,M,Jewish,5
וולטר,M,Christian-Arab,5
וולוול,M,Jewish,5
מייסם,M,Druze,5
אווס,M,Christian-Arab,5
אוונגלינה,F,Jewish,5
שרשלום,M,Jewish,5
שרלין,F,Christian-Arab,5
ווינדי,F,Jewish,5
וויכנא,F,Jewish,5
וויטני,F,Jewish,5
חוראן,F,Muslim,5
וולקו,M,Jewish,5
ווסיל,M,Muslim,5
ווס,M,Muslim,5
ווניס,M,Muslim,5
וונדפראו,M,Jewish,5
אוולין,F,Christian-Arab,5
אוויה,F,Jewish,5
ת'אאיר,M,Muslim,5
שתילא,F,Muslim,5
אוחניה,F,Jewish,5
מייסאנה,F,Muslim,5
וולודימיר,M,Jewish,5
וולדמיר,M,Jewish,5
עורווה,M,Christian-Arab,5
עופר-משה,M,Jewish,5
סלביא,F,Muslim,5
חוסון,F,Druze,5
וועוד,F,Muslim,5
ווסנה,F,Jewish,5
עומאייר,M,Muslim,5
עולמית,F,Jewish,5
וורד,M,Muslim,5
מנסי,M,Muslim,5
מנסבוש,F,Jewish,5
מנסב,F,Jewish,5
אוהליה,F,Jewish,5
אוהדי,M,Jewish,5
אוהד-יהודה,M,Jewish,5
חוסנה,F,Muslim,5
סלאמנש,F,Jewish,5
חורחלינה,F,Jewish,5
תאיו,F,Jewish,5
מיירי,F,Jewish,5
וורד,F,Jewish,5
סלומה,M,Muslim,5
סלוינה,F,Jewish,5
חוה-לאה,F,Jewish,5
חוגלה,F,Jewish,5
חואניטה,F,Jewish,5
וופאא,F,Christian-Arab,5
עויד,M,Muslim,5
עוטרשאן,F,Druze,5
מניסא,F,Druze,5
אודם,M,Jewish,5
אודליה,F,Christian-Arab,5
חוואא,F,Muslim,5
חוליד,F,Muslim,5
וורקאלם,F,Jewish,5
וורקאו,M,Jewish,5
וורווד,F,Muslim,5
עוזיאלה,F,Jewish,5
עוזי,M,Muslim,5
עוז,M,Druze,5
עווטף,F,Muslim,5
וורקלם,F,Jewish,5
מיכאל-יוסף,M,Jewish,5
מיכאל-חי,M,Jewish,5
מניג'ה,F,Jewish,5
מניא,F,Muslim,5
מני-מנשה,M,Jewish,5
אודו,M,Jewish,5
תאימאא,F,Muslim,5
תאים,M,Christian-Arab,5
אוג'יני,F,Christian-Arab,5
אובסיי,M,Jewish,5
חדיר,M,Muslim,5
חדיג'א,F,Muslim,5
חדוי,M,Jewish,5
סלחאדין,M,Muslim,5
וורקיי,F,Jewish,5
מנטואב,F,Jewish,5
מנחם-חיים,M,Jewish,5
אוביי,M,Druze,5
אוד,F,Jewish,5
אוגניו,M,Jewish,5
אוגוסטין,M,Christian-Arab,5
עוטר,F,Muslim,5
עוטפה,F,Muslim,5
עוזרי,M,Jewish,5
וותר,F,Muslim,5
עוודה,F,Muslim,5
עוודאי,M,Muslim,5
עודיא,M,Muslim,5
ויאל,M,Muslim,5
ויאורל,M,Jewish,5
וטלי,M,Jewish,5
ויג'דאן,F,Druze,5
ויארה,F,Jewish,5
אובי,M,Jewish,5
אובו,M,Jewish,5
אובאי,M,Druze,5
אהרנה,F,Jewish,5
אהרן-רון,M,Jewish,5
תאמי,F,Christian-Arab,5
אוגול,F,Jewish,5
תארוק,M,Muslim,5
חגילה,F,Jewish,5
ויאנה,F,Jewish,5
ויאן,F,Druze,5
עובי,M,Jewish,5
עובדא,M,Muslim,5
עובד,M,Muslim,5
ויד,F,Muslim,5
אהני,M,Muslim,5
מילאנא,F,Christian-Arab,5
מנז'ר,M,Muslim,5
מנושר,M,Jewish,5
מנוצר,M,Jewish,5
מנוצהר,M,Jewish,5
מילה,M,Jewish,5
תארה,F,Muslim,5
חגאזיה,F,Muslim,5
חבתם,F,Jewish,5
ויגדור,M,Jewish,5
ויגדאן,F,Druze,5
ויויין,F,Jewish,5
ויויאן,M,Jewish,5
עואדה,F,Muslim,5
מיליאן,M,Jewish,5
מילחם,M,Muslim,5
מילוש,M,Jewish,5
מנובך,M,Jewish,5
מנואלה,F,Christian-Arab,5
אהוד-יהודה,M,Jewish,5
תג'ריד,F,Christian-Arab,5
תארין,F,Muslim,5
תארות,M,Muslim,5
מילן,M,Christian-Arab,5
אדריאן,F,Christian-Arab,5
ויוליית,F,Muslim,5
ויולט,F,Muslim,5
ויולה,F,Druze,5
ויליאמס,M,Jewish,5
וילדן,F,Jewish,5
עדן-אור,F,Jewish,5
עדן,M,Christian-Arab,5
עדלינה,F,Jewish,5
חאפד,M,Druze,5
תהא,M,Muslim,5
תדרוס,M,Jewish,5
אהבתיה,F,Jewish,5
אהב,M,Jewish,5
אהונם,M,Jewish,5
ויסאם,M,Muslim,5
ויקטורי,M,Jewish,5
עדיניה,M,Jewish,5
עדייה,F,Druze,5
חאנין,F,Christian-Arab,5
סלינא,F,Druze,5
חבוס,F,Muslim,5
חבב,M,Jewish,5
חבאס,M,Muslim,5
ויני,M,Jewish,5
וינה,F,Druze,5
עדלי,M,Druze,5
מיליס,F,Christian-Arab,5
מנואל,M,Druze,5
מנהר,F,Muslim,5
מנהאללה,F,Muslim,5
עדי,F,Druze,5
עדווייה,F,Muslim,5
ח'יראת,F,Muslim,5
ח'יר,M,Christian-Arab,5
חאדיג'ה,F,Muslim,5
סלמאווית,F,Jewish,5
וירונה,F,Muslim,5
עדיאור,F,Jewish,5
מינאס,M,Christian-Arab,5
מינטמיר,F,Jewish,5
אדמא,F,Druze,5
אדסיה,F,Jewish,5
אדנקוש,F,Jewish,5
אדנק,F,Jewish,5
תהלל,F,Jewish,5
עדל,F,Jewish,5
ולדילנה,F,Jewish,5
עדהאל,F,Jewish,5
עדבה,F,Druze,5
עד-אל,F,Jewish,5
ולול,M,Jewish,5
אדלאו,M,Jewish,5
אדלין,F,Muslim,5
תוהאם,F,Muslim,5
תואר,M,Jewish,5
מימון,M,Christian-Arab,5
מימאנה,F,Muslim,5
עדי-רחל,F,Jewish,5
עדי-יהודית,F,Jewish,5
עדי-חנה,F,Jewish,5
וכטנג,M,Jewish,5
עדי-אל,F,Jewish,5
אדין,M,Druze,5
ח'זאעי,M,Druze,5
סלשי,M,Jewish,5
ח'לאד,M,Muslim,5
וניס,F,Jewish,5
וניס,F,Druze,5
וניה,M,Jewish,5
עגור,F,Jewish,5
עגאג,M,Muslim,5
מינט,F,Jewish,5
מנאת,F,Muslim,5
מינסא,F,Muslim,5
אדילה,F,Muslim,5
תולי,F,Muslim,5
ח'נסאא,F,Muslim,5
סלמייה,F,Muslim,5
אדוינה,F,Jewish,5
עבס,M,Muslim,5
סמאיה,F,Muslim,5
סמאיה,F,Jewish,5
ח'וזאם,M,Druze,5
וסאיף,F,Muslim,5
וסאים,M,Muslim,5
וניסה,F,Jewish,5
וסיליי,M,Jewish,5
תוני,M,Christian-Arab,5
תומר,M,Christian-Arab,5
אדורה,F,Jewish,5
אדורדו,M,Jewish,5
אדייטו,F,Jewish,5
אדייאן,F,Muslim,5
אדיניה,M,Jewish,5
אדוארדו,M,Christian-Arab,5
אדואן,M,Muslim,5
וסילה,F,Christian-Arab,5
וסיל,M,Druze,5
וסמן,M,Muslim,5
וסלין,M,Jewish,5
עבדלמליק,M,Muslim,5
עבדלמג'יד,M,Muslim,5
תורי,M,Jewish,5
מיניה,F,Jewish,5
מנאר,M,Christian-Arab,5
מנאף,F,Muslim,5
מנאסבוש,F,Jewish,5
מנאסא,F,Muslim,5
אדוניהו,M,Jewish,5
אדום,F,Jewish,5
תורכיה,F,Jewish,5
אדגר,M,Christian-Arab,5
אדגה,M,Jewish,5
אדגארדו,M,Jewish,5
זרין,F,Jewish,5
זריאנה,F,Jewish,5
סמדר,F,Christian-Arab,5
סמארא,F,Muslim,5
ופייה,F,Druze,5
ועד,F,Christian-Arab,5
עבדלבסט,M,Muslim,5
מיסאנש,F,Jewish,5
מיסאנה,F,Christian-Arab,5
מיסאן,M,Druze,5
מנאיא,F,Muslim,5
אדוויג',F,Jewish,5
סמה,F,Jewish,5
ורדן,M,Jewish,5
עבדאלווהאב,M,Muslim,5
עבדאלוהאב,M,Muslim,5
עבדו,M,Druze,5
וצסלב,M,Jewish,5
ופיקה,F,Christian-Arab,5
עבדאלראזק,M,Muslim,5
עבדאלמלק,M,Muslim,5
עבדאלמג'יד,M,Muslim,5
אדבבאי,M,Jewish,5
אדאמו,M,Jewish,5
אדאל,F,Muslim,5
אדאורדו,M,Jewish,5
תחריה,F,Muslim,5
תחסין,M,Druze,5
ותאן,F,Muslim,5
עבדאלגוואד,M,Muslim,5
עבד-אללה,M,Muslim,5
זסיקה,F,Jewish,5
זננה,F,Jewish,5
מיסבאח,M,Muslim,5
ממי,M,Jewish,5
מלשיאו,F,Jewish,5
מיצל,M,Jewish,5
אגנצ'ה,F,Jewish,5
תיא,F,Jewish,5
זקרייא,M,Muslim,5
זקס,M,Jewish,5
זקלין,M,Jewish,5
סמו,M,Jewish,5
סמה,M,Jewish,5
זקאא,F,Muslim,5
זק,M,Christian-Arab,5
סמורה,F,Muslim,5
ז'אן-לוק,M,Jewish,5
עאסייה,F,Muslim,5
ז'וליאטה,F,Jewish,5
זנו,M,Jewish,5
מיקיטה,M,Jewish,5
אגניו,F,Jewish,5
אגניהוש,F,Jewish,5
אגנאדין,F,Muslim,5
מיסלח,M,Muslim,5
מיסין,F,Muslim,5
ורטאן,M,Christian-Arab,5
ז'אד,M,Muslim,5
ז'אד,F,Jewish,5
סמיה,M,Muslim,5
זעלדה,F,Jewish,5
זסמין,F,Jewish,5
זסלין,F,Jewish,5
ז'וזפינה,F,Jewish,5
עאנן,M,Druze,5
ז'ורי,F,Muslim,5
אג'יד,M,Muslim,5
אג'יאד,F,Muslim,5
תימאר,F,Muslim,5
תימאה,F,Muslim,5
תים,M,Jewish,5
תילאווה,F,Muslim,5
תייסיר,F,Muslim,5
מיעד,F,Muslim,5
מיסרק,F,Jewish,5
אבתסאל,F,Muslim,5
ז'ינה,F,Jewish,5
ז'קלין,F,Druze,5
ז'ניה,M,Jewish,5
עאטפה,F,Muslim,5
עאזמי,M,Muslim,5
מלסץ,F,Jewish,5
מיראס,F,Muslim,5
אגוד,M,Muslim,5
אגואד,M,Druze,5
אגדס,F,Jewish,5
אגאי,M,Jewish,5
סמילה,F,Jewish,5
ז'ון,M,Jewish,5
ז'וליטה,F,Jewish,5
זנדין,M,Muslim,5
זאי,M,Muslim,5
עאבר,M,Muslim,5
עאבדה,F,Muslim,5
זמרדה,F,Muslim,5
ז'רלדין,F,Jewish,5
זאהיה,F,Druze,5
זאדת,F,Druze,5
עאודה,F,Christian-Arab,5
עאהידה,F,Muslim,5
אברמינו,M,Jewish,5
אברמי,M,Jewish,5
אברו,M,Jewish,5
תירי,M,Jewish,5
אבתיאל,F,Muslim,5
תיקווה,F,Jewish,5
אג'ה,F,Jewish,5
אברהם-צבי,M,Jewish,5
אברהם-אלברט,M,Jewish,5
אברהיט,F,Jewish,5
זאיר,M,Druze,5
זמדי,F,Jewish,5
סנאן,F,Muslim,5
מיראלה,F,Jewish,5
מיראל,M,Jewish,5
מלן,F,Jewish,5
מלכם,F,Jewish,5
תלג'ה,F,Druze,5
אבררוו,M,Jewish,5
זמירנדה,F,Jewish,5
סמרין,M,Muslim,5
סמרה,M,Muslim,5
סמרה,M,Jewish,5
ע'ראם,F,Druze,5
ע'סון,F,Muslim,5
ע'ידאא,F,Druze,5
זאני,F,Jewish,5
זאנטה,F,Jewish,5
זאן,F,Muslim,5
זאכריא,M,Muslim,5
ע'אנם,M,Muslim,5
ע'אלב,M,Muslim,5
מלכיה,M,Jewish,5
מלכיאור,M,Jewish,5
מלכאן,F,Muslim,5
מירולה,F,Christian-Arab,5
אבראהם,M,Christian-Arab,5
אברהת,F,Jewish,5
אברהם-רמי,M,Jewish,5
זיסקינד,M,Jewish,5
ע'אדה,F,Druze,5
זלטן,M,Jewish,5
זלוטה,F,Jewish,5
סנדה,F,Muslim,5
זארה,F,Muslim,5
זארא,F,Muslim,5
זאקריה,M,Muslim,5
זאפו,F,Jewish,5
סתווית,F,Jewish,5
סתה,F,Muslim,5
מירזא,M,Muslim,5
מליסא,F,Christian-Arab,5
מלין,F,Christian-Arab,5
אבס,M,Muslim,5
אבראראו,M,Jewish,5
מירי,F,Druze,5
זיסע,F,Jewish,5
זכית,F,Jewish,5
זכה,F,Jewish,5
זהב,F,Jewish,5
סריאנה,F,Druze,5
זינב,F,Jewish,5
זינאדה,F,Jewish,5
סנדרלה,F,Muslim,5
מליא,F,Muslim,5
מלחט,F,Jewish,5
תמהיד,F,Muslim,5
אביתי,M,Jewish,5
זהאד,M,Muslim,5
סריל,M,Jewish,5
זית,F,Jewish,5
מיריין,F,Jewish,5
מלודיה,F,Jewish,5
מלה,M,Jewish,5
אביגיל,F,Christian-Arab,5
אביטלי,F,Jewish,5
אביטל,F,Muslim,5
אביטוב,M,Jewish,5
אביטה,F,Jewish,5
אבימור,M,Jewish,5
אביעד,F,Jewish,5
תמים,M,Druze,5
תמים,M,Christian-Arab,5
תמי,F,Muslim,5
תמי,F,Druze,5
תמורי,M,Jewish,5
מיריאנא,F,Muslim,5
זוהרה,F,Druze,5
זימרית,F,Jewish,5
זימל,M,Jewish,5
זילה,F,Jewish,5
זיסליה,F,Jewish,5
זיסלה,F,Jewish,5
זיסה,M,Jewish,5
זינת,F,Jewish,5
זובידה,F,Druze,5
זואר,M,Muslim,5
זואן,F,Jewish,5
זואוב,F,Jewish,5
זואהר,M,Muslim,5
זהרת,F,Muslim,5
סרוורק,F,Jewish,5
סרוואת,F,Muslim,5
זיידה,F,Druze,5
זילברט,M,Jewish,5
זיל,M,Jewish,5
זיכריאת,F,Muslim,5
זיינב,F,Muslim,5
אבי-רן,M,Jewish,5
תנוך,M,Druze,5
תנהיד,F,Muslim,5
תמרין,F,Jewish,5
מירית,F,Christian-Arab,5
מירינה,F,Jewish,5
מירין,F,Muslim,5
סראוורק,F,Jewish,5
סראה,F,Muslim,5
זוהא,M,Christian-Arab,5
סקר,M,Christian-Arab,5
זיגין,F,Jewish,5
זיומה,M,Jewish,5
ספאלדין,M,Muslim,5
זומאנש,F,Jewish,5
זומא,F,Jewish,5
אבטץ',F,Jewish,5
מירצא,F,Jewish,5
מירסלבה,F,Jewish,5
מירסאל,F,Muslim,5
מלגוזטה,F,Jewish,5
זוזלין,F,Jewish,5
ספיעלם,F,Jewish,5
ספיאגר,F,Jewish,5
זוליחו,F,Jewish,5
זוהיר,F,Christian-Arab,5
זוודיתו,F,Jewish,5
מלאכה,F,Muslim,5
מיתאל,F,Druze,5
אאלא,F,Muslim,5
מלא,F,Jewish,5
אאלאא,F,Muslim,5
אבאל,M,Jewish,5
מכאיל,M,Christian-Arab,5
מיתרי,M,Christian-Arab,5
אבואלגסים,M,Muslim,5
אבדול,M,Muslim,5
זומרד,F,Muslim,5
זוריסלב,M,Jewish,5
זורזת,F,Jewish,5
זורזיט,F,Jewish,5
זורז'ט,F,Jewish,5
סעודה,F,Jewish,5
לובה,F,Muslim,5
באז,M,Muslim,5
באינה,F,Muslim,5
באיך,M,Jewish,5
אתניה,F,Muslim,5
אתלי,F,Jewish,5
רואא,F,Muslim,5
רהם,M,Jewish,5
רהים,M,Jewish,5
רהואן,F,Muslim,5
באהי,M,Druze,5
באיוך,M,Jewish,5
מכל,F,Jewish,5
מלבה,F,Jewish,5
מלאקה,F,Muslim,5
מלאכי,F,Jewish,5
